{
    "template" : "blank-canvas",
    "pagetitle": "About Us",
    "content" : "<!-- wp:pattern {\"slug\":\"sovy\/sovy-gutenverse-header\"} \/-->\n\n<!-- wp:gutenverse\/section {\"layout\":\"fullwidth\",\"width\":{\"Desktop\":\"1295\"},\"height\":{\"Desktop\":{\"point\":\"550\",\"unit\":\"px\"},\"Mobile\":{\"point\":\"400\",\"unit\":\"px\"}},\"gap\":\"no\",\"elementId\":\"guten-saySuR\",\"heightControl\":\"min\",\"align\":\"middle\",\"background\":{\"videoPlayOnMobile\":false,\"type\":\"default\",\"image\":{\"Desktop\":{\"id\":1039,\"image\":\"https:\/\/designer.gutenverse.com\/sovy\/wp-content\/uploads\/sites\/79\/2024\/10\/about-hero.webp\"}},\"color\":{\"r\":0,\"g\":0,\"b\":0,\"a\":1},\"position\":{\"Desktop\":\"center center\"},\"repeat\":{\"Desktop\":\"no-repeat\"},\"size\":{\"Desktop\":\"cover\"}},\"backgroundOverlay\":{\"type\":\"default\",\"color\":{\"r\":0,\"g\":0,\"b\":0,\"a\":1}},\"opacity\":\"0.4\",\"margin\":{\"Desktop\":{\"unit\":\"px\",\"dimension\":{\"top\":\"\",\"right\":\"\",\"bottom\":\"\",\"left\":\"\"}},\"Mobile\":[],\"Tablet\":[]},\"padding\":{\"Desktop\":{\"unit\":\"px\",\"dimension\":{\"top\":\"\",\"right\":\"\",\"bottom\":\"\",\"left\":\"\"}},\"Mobile\":{\"unit\":\"px\",\"dimension\":{\"top\":\"0\",\"right\":\"20\",\"bottom\":\"0\",\"left\":\"20\"}},\"Tablet\":[]}} -->\n<div class=\"section-wrapper\" data-id=\"saySuR\"><section class=\"wp-block-gutenverse-section guten-element guten-section guten-saySuR layout-fullwidth align-middle\"><div class=\"guten-background-overlay\"><\/div><div class=\"guten-container guten-column-gap-no\"><!-- wp:gutenverse\/column {\"width\":{\"Desktop\":100},\"elementId\":\"guten-dMs7JO\"} -->\n<div class=\"wp-block-gutenverse-column guten-element guten-column guten-dMs7JO\"><div class=\"guten-column-wrapper\" data-id=\"dMs7JO\"><!-- wp:gutenverse\/heading {\"elementId\":\"guten-76zItA\",\"type\":1,\"textAlign\":{\"Desktop\":\"center\"},\"color\":{\"type\":\"variable\",\"id\":\"theme-0\"},\"typography\":{\"type\":\"variable\",\"id\":\"MnJjef\",\"font\":{\"label\":\"Raleway\",\"value\":\"Raleway\",\"type\":\"google\"},\"size\":{\"Desktop\":{\"point\":\"80\",\"unit\":\"px\"}},\"weight\":\"800\",\"lineHeight\":{\"Desktop\":{\"unit\":\"em\",\"point\":\"1.2\"}}}} -->\n<h1 class=\"wp-block-gutenverse-heading guten-element guten-76zItA\">OUR STORY<\/h1>\n<!-- \/wp:gutenverse\/heading --><\/div><\/div>\n<!-- \/wp:gutenverse\/column --><\/div><\/section><\/div>\n<!-- \/wp:gutenverse\/section -->\n\n<!-- wp:gutenverse\/section {\"width\":{\"Desktop\":\"1295\"},\"gap\":\"no\",\"elementId\":\"guten-dB6wX0\",\"overflow\":\"hidden\",\"background\":{\"videoPlayOnMobile\":false,\"type\":\"default\",\"image\":{\"Desktop\":{\"id\":1043,\"image\":\"https:\/\/designer.gutenverse.com\/sovy\/wp-content\/uploads\/sites\/79\/2024\/10\/bg-story.webp\"},\"Tablet\":{\"id\":1135,\"image\":\"https:\/\/designer.gutenverse.com\/sovy\/wp-content\/uploads\/sites\/79\/2024\/10\/black-bg.webp\"}},\"position\":{\"Desktop\":\"top center\"},\"repeat\":{\"Desktop\":\"no-repeat\"},\"size\":{\"Desktop\":\"cover\"},\"color\":{\"type\":\"variable\",\"id\":\"theme-4\"}},\"backgroundOverlay\":{\"type\":\"default\",\"image\":{\"Desktop\":{\"id\":1045,\"image\":\"https:\/\/designer.gutenverse.com\/sovy\/wp-content\/uploads\/sites\/79\/2024\/10\/bg-thyme.webp\"}},\"position\":{\"Desktop\":\"bottom right\"},\"repeat\":{\"Desktop\":\"no-repeat\"},\"size\":{\"Desktop\":\"contain\"}},\"opacity\":\"1\",\"border\":{\"radius\":{\"Desktop\":[]},\"all\":{\"type\":\"none\",\"width\":0,\"color\":{\"r\":0,\"g\":0,\"b\":0,\"a\":0}},\"top\":{\"type\":\"none\",\"width\":0,\"color\":{\"r\":0,\"g\":0,\"b\":0,\"a\":0}},\"bottom\":{\"type\":\"none\"},\"right\":{\"type\":\"none\"},\"left\":{\"type\":\"none\"}},\"margin\":{\"Desktop\":{\"unit\":\"px\",\"dimension\":{\"top\":\"80\",\"right\":\"0\",\"bottom\":\"0\",\"left\":\"0\"}},\"Tablet\":[],\"Mobile\":{\"unit\":\"px\",\"dimension\":{\"top\":\"0\",\"right\":\"0\",\"bottom\":\"0\",\"left\":\"0\"}}},\"padding\":{\"Desktop\":{\"unit\":\"px\",\"dimension\":{\"top\":\"120\",\"right\":\"0\",\"bottom\":\"120\",\"left\":\"0\"}},\"Tablet\":{\"unit\":\"px\",\"dimension\":{\"top\":\"80\",\"right\":\"20\",\"bottom\":\"40\",\"left\":\"20\"}},\"Mobile\":{\"unit\":\"px\",\"dimension\":{\"top\":\"80\",\"right\":\"20\",\"bottom\":\"40\",\"left\":\"20\"}}}} -->\n<div class=\"section-wrapper\" data-id=\"dB6wX0\"><section class=\"wp-block-gutenverse-section guten-element guten-section guten-dB6wX0 layout-boxed align-stretch overflow-hidden\"><div class=\"guten-background-overlay\"><\/div><div class=\"guten-container guten-column-gap-no\"><!-- wp:gutenverse\/column {\"width\":{\"Desktop\":55,\"Tablet\":100,\"Mobile\":null},\"elementId\":\"guten-ahTvCB\",\"verticalAlign\":{\"Desktop\":\"center\"},\"margin\":{\"Desktop\":[],\"Tablet\":{\"unit\":\"px\",\"dimension\":{\"top\":\"0\",\"right\":\"0\",\"bottom\":\"0\",\"left\":\"0\"}},\"Mobile\":[]},\"padding\":{\"Desktop\":{\"unit\":\"px\",\"dimension\":{\"top\":\"0\",\"right\":\"20\",\"bottom\":\"0\",\"left\":\"0\"}},\"Tablet\":{\"unit\":\"px\",\"dimension\":{\"top\":\"0\",\"right\":\"0\",\"bottom\":\"0\",\"left\":\"0\"}},\"Mobile\":{\"unit\":\"px\",\"dimension\":{\"top\":\"0\",\"right\":\"0\",\"bottom\":\"0\",\"left\":\"0\"}}}} -->\n<div class=\"wp-block-gutenverse-column guten-element guten-column guten-ahTvCB\"><div class=\"guten-column-wrapper\" data-id=\"ahTvCB\"><!-- wp:gutenverse\/image {\"elementId\":\"guten-o3qWmB\",\"imgSrc\":{\"media\":{\"imageId\":1042,\"sizes\":{\"thumbnail\":{\"height\":150,\"width\":150,\"url\":\"https:\/\/designer.gutenverse.com\/sovy\/wp-content\/uploads\/sites\/79\/2024\/10\/about.webp\",\"orientation\":\"landscape\"},\"medium\":{\"height\":300,\"width\":300,\"url\":\"https:\/\/designer.gutenverse.com\/sovy\/wp-content\/uploads\/sites\/79\/2024\/10\/about.webp\",\"orientation\":\"landscape\"},\"full\":{\"url\":\"https:\/\/designer.gutenverse.com\/sovy\/wp-content\/uploads\/sites\/79\/2024\/10\/about.webp\",\"height\":485,\"width\":485,\"orientation\":\"landscape\"}}},\"size\":\"full\"},\"altOriginal\":\"\",\"captionOriginal\":\"\",\"width\":{\"Desktop\":{\"unit\":\"%\",\"point\":\"74\"},\"Tablet\":{\"unit\":\"%\",\"point\":\"100\"}},\"height\":{\"Desktop\":{\"point\":\"\",\"unit\":\"px\"},\"Tablet\":{\"point\":\"\",\"unit\":\"px\"}},\"imgBorder\":{\"radius\":{\"Desktop\":[]}},\"imgBorderResponsive\":{\"Tablet\":{\"radius\":[]}},\"align\":{\"Desktop\":\"right\"},\"imageFit\":{\"Tablet\":\"contain\"},\"animation\":{\"type\":{\"Desktop\":\"fadeInUp\"},\"duration\":\"normal\",\"delay\":100},\"margin\":{\"Tablet\":{\"unit\":\"px\",\"dimension\":{\"top\":\"0\",\"right\":\"0\",\"bottom\":\"0\",\"left\":\"0\"}}},\"padding\":{\"Tablet\":{\"unit\":\"px\",\"dimension\":{\"top\":\"0\",\"right\":\"0\",\"bottom\":\"0\",\"left\":\"0\"}}},\"positioningType\":{\"Desktop\":\"default\",\"Tablet\":\"full\"},\"positioningWidth\":{\"Desktop\":{\"unit\":\"%\",\"point\":\"74\"}}} -->\n<div class=\"wp-block-gutenverse-image guten-element guten-image guten-o3qWmB animated guten-element-hide desktop-fadeInUp\"><div class=\"guten-image-wrapper\"><img class=\"gutenverse-image-box-filled\" src=\"https:\/\/designer.gutenverse.com\/sovy\/wp-content\/uploads\/sites\/79\/2024\/10\/about.webp\" height=\"485\" width=\"485\"\/><\/div><\/div>\n<!-- \/wp:gutenverse\/image --><\/div><\/div>\n<!-- \/wp:gutenverse\/column -->\n\n<!-- wp:gutenverse\/column {\"width\":{\"Desktop\":45,\"Tablet\":100,\"Mobile\":null},\"elementId\":\"guten-J69iTX\",\"border\":{\"radius\":{\"Desktop\":[]},\"all\":{\"type\":\"none\"}},\"margin\":{\"Desktop\":[],\"Tablet\":[],\"Mobile\":[]},\"padding\":{\"Desktop\":{\"unit\":\"px\",\"dimension\":{\"top\":\"0\",\"right\":\"40\",\"bottom\":\"0\",\"left\":\"100\"}},\"Tablet\":{\"unit\":\"px\",\"dimension\":{\"top\":\"20\",\"right\":\"0\",\"bottom\":\"0\",\"left\":\"0\"}},\"Mobile\":{\"unit\":\"px\",\"dimension\":{\"top\":\"20\",\"right\":\"0\",\"bottom\":\"0\",\"left\":\"0\"}}}} -->\n<div class=\"wp-block-gutenverse-column guten-element guten-column guten-J69iTX\"><div class=\"guten-column-wrapper\" data-id=\"J69iTX\"><!-- wp:gutenverse\/advanced-heading {\"elementId\":\"guten-diZcfA\",\"text\":\"Our Story\",\"focusText\":\"\",\"subText\":\"The Story\",\"lineWidth\":{\"Desktop\":\"11\",\"Tablet\":\"7\",\"Mobile\":\"15.5\"},\"lineHeight\":{\"Desktop\":\"2\"},\"lineMargin\":{\"Desktop\":{\"unit\":\"px\",\"dimension\":{\"top\":\"15\",\"right\":\"20\",\"bottom\":\"15\",\"left\":\"0\"}},\"Tablet\":[],\"Mobile\":[]},\"mainColor\":{\"type\":\"variable\",\"id\":\"theme-2\"},\"mainTypography\":{\"type\":\"variable\",\"id\":\"PM6GMF\",\"font\":{\"label\":\"Inter\",\"value\":\"Inter\",\"type\":\"google\"},\"size\":{\"Desktop\":{\"point\":\"16\",\"unit\":\"px\"}},\"weight\":\"500\",\"lineHeight\":{\"Desktop\":{\"unit\":\"em\",\"point\":\"1.6\"}},\"transform\":\"uppercase\",\"spacing\":{\"Desktop\":\"1\"}},\"mainMargin\":{\"Desktop\":{\"unit\":\"px\",\"dimension\":{\"top\":\"\",\"right\":\"\",\"bottom\":\"\",\"left\":\"\"}}},\"mainPadding\":{\"Desktop\":{\"unit\":\"px\",\"dimension\":{\"top\":\"\",\"right\":\"\",\"bottom\":\"\",\"left\":\"\"}}},\"focusMargin\":{\"Desktop\":[],\"Mobile\":[]},\"focusPadding\":{\"Desktop\":[],\"Mobile\":[]},\"subColor\":{\"type\":\"variable\",\"id\":\"theme-0\"},\"subTypography\":{\"type\":\"variable\",\"id\":\"1dcJQ2\",\"font\":{\"label\":\"Raleway\",\"value\":\"Raleway\",\"type\":\"google\"},\"size\":{\"Desktop\":{\"point\":\"56\",\"unit\":\"px\"}},\"weight\":\"800\",\"transform\":\"capitalize\",\"lineHeight\":{\"Desktop\":{\"unit\":\"em\",\"point\":\"1\"}}},\"subMargin\":{\"Desktop\":{\"unit\":\"px\",\"dimension\":{\"top\":\"0\",\"right\":\"0\",\"bottom\":\"0\",\"left\":\"0\"}},\"Mobile\":[]},\"subPadding\":{\"Desktop\":{\"unit\":\"px\",\"dimension\":{\"top\":\"5\",\"right\":\"0\",\"bottom\":\"0\",\"left\":\"0\"}},\"Mobile\":[]},\"lineColor\":{\"type\":\"variable\",\"id\":\"theme-2\"},\"border\":{\"radius\":{\"Desktop\":[]}},\"margin\":{\"Desktop\":{\"unit\":\"px\",\"dimension\":{\"top\":\"0\",\"right\":\"0\",\"bottom\":\"30\",\"left\":\"0\"}}},\"padding\":{\"Desktop\":[]}} -->\n<div class=\"guten-element guten-advanced-heading guten-diZcfA\"><div class=\"heading-section \"><div class=\"heading-line before\"><\/div><h2 class=\"heading-title\"><span class=\"heading-title\">Our Story<\/span><span class=\"heading-focus\"><\/span><\/h2><\/div><span class=\"heading-subtitle\">The Story<\/span><\/div>\n<!-- \/wp:gutenverse\/advanced-heading -->\n\n<!-- wp:gutenverse\/text-editor {\"elementId\":\"guten-5pA9Ok\",\"textColor\":{\"type\":\"variable\",\"id\":\"theme-3\"},\"typography\":{\"type\":\"variable\",\"id\":\"9lek3I\",\"font\":{\"label\":\"Inter\",\"value\":\"Inter\",\"type\":\"google\"},\"size\":{\"Desktop\":{\"point\":\"16\",\"unit\":\"px\"}},\"weight\":\"300\",\"lineHeight\":{\"Desktop\":{\"unit\":\"em\",\"point\":\"1.5\"}}},\"margin\":{\"Desktop\":{\"unit\":\"px\",\"dimension\":{\"top\":\"0\",\"right\":\"0\",\"bottom\":\"40\",\"left\":\"0\"}}},\"padding\":{\"Desktop\":[]}} -->\n<div class=\"guten-element gutenverse-text-editor guten-5pA9Ok\"><div class=\"text-content-inner\"><!-- wp:paragraph -->\n<p>Lorem ipsum dolor sit amet, consectetuer adipiscing cum elit. Aenean commodo ligula egetur cam sociiis dolor. Aenean cum massa. Cum sociiis massa natoque qi penatibus et magnis dis parturient montes, qu massa niqascetur ridiculus mus. Donec quam felis sum, ultricies n,pellentesque cum, pretium quis, eu. Nulla arcun consequat massa quis enimqu. Donec pede justo, fringilla vela, aliquet necro, justo vulputate eget, arcu. In enim justo, rhoncus ut, imperdiet a, qu venenatis vitae, justo.<\/p>\n<!-- \/wp:paragraph --><\/div><\/div>\n<!-- \/wp:gutenverse\/text-editor -->\n\n<!-- wp:gutenverse\/section {\"width\":{\"Desktop\":\"\"},\"isChild\":true,\"gap\":\"no\",\"elementId\":\"guten-xiOouI\",\"margin\":{\"Desktop\":{\"unit\":\"px\",\"dimension\":{\"top\":\"0\",\"right\":\"0\",\"bottom\":\"45\",\"left\":\"0\"}},\"Mobile\":{\"unit\":\"px\",\"dimension\":{\"top\":\"0\",\"right\":\"0\",\"bottom\":\"60\",\"left\":\"0\"}}},\"padding\":{\"Desktop\":[],\"Mobile\":[]}} -->\n<div class=\"section-wrapper\" data-id=\"xiOouI\"><section class=\"wp-block-gutenverse-section guten-element guten-section guten-xiOouI layout-boxed align-stretch\"><div class=\"guten-container guten-column-gap-no\"><!-- wp:gutenverse\/column {\"width\":{\"Desktop\":33.33,\"Mobile\":33},\"elementId\":\"guten-Nd7rxD\",\"margin\":{\"Mobile\":[]},\"padding\":{\"Mobile\":{\"unit\":\"px\",\"dimension\":{\"top\":\"0\",\"right\":\"10\",\"bottom\":\"0\",\"left\":\"10\"}}}} -->\n<div class=\"wp-block-gutenverse-column guten-element guten-column guten-Nd7rxD\"><div class=\"guten-column-wrapper\" data-id=\"Nd7rxD\"><!-- wp:gutenverse\/fun-fact {\"elementId\":\"guten-z3L6iz\",\"iconType\":\"none\",\"iconBorder\":{\"radius\":{\"Desktop\":[]}},\"iconBorderResponsive\":{\"Mobile\":{\"radius\":[]}},\"iconSize\":{\"Desktop\":\"0\"},\"iconPadding\":{\"Desktop\":{\"unit\":\"px\",\"dimension\":{\"top\":\"0\",\"right\":\"0\",\"bottom\":\"0\",\"left\":\"0\"}},\"Mobile\":[]},\"iconMargin\":{\"Desktop\":{\"unit\":\"px\",\"dimension\":{\"top\":\"0\",\"right\":\"0\",\"bottom\":\"0\",\"left\":\"0\"}},\"Mobile\":[]},\"prefix\":\"\",\"number\":\"25\",\"suffix\":\"\",\"title\":\"Year Experience\",\"showSupper\":true,\"superColor\":{\"type\":\"variable\",\"id\":\"theme-5\"},\"superTypography\":{\"type\":\"variable\",\"id\":\"Ji7Dy5\",\"font\":{\"label\":\"Inter\",\"value\":\"Inter\",\"type\":\"google\"},\"size\":{\"Desktop\":{\"point\":\"25\",\"unit\":\"px\"}},\"lineHeight\":{\"Desktop\":{\"unit\":\"em\",\"point\":\"1.5\"}},\"weight\":\"400\"},\"superTop\":{\"Desktop\":\"\"},\"superSpace\":{\"Desktop\":\"\"},\"alignButtons\":{\"Desktop\":\"left\"},\"numberColor\":{\"Desktop\":{\"type\":\"variable\",\"id\":\"theme-0\"}},\"titleColor\":{\"Desktop\":{\"type\":\"variable\",\"id\":\"theme-3\"}},\"numberTypography\":{\"type\":\"variable\",\"id\":\"67zOMB\",\"font\":{\"label\":\"Raleway\",\"value\":\"Raleway\",\"type\":\"google\"},\"size\":{\"Desktop\":{\"point\":\"40\",\"unit\":\"px\"}},\"weight\":\"600\",\"lineHeight\":{\"Desktop\":{\"unit\":\"em\",\"point\":\"1.2\"}}},\"titleTypography\":{\"type\":\"variable\",\"id\":\"9lek3I\",\"font\":{\"label\":\"Inter\",\"value\":\"Inter\",\"type\":\"google\"},\"size\":{\"Desktop\":{\"point\":\"16\",\"unit\":\"px\"}},\"weight\":\"300\",\"lineHeight\":{\"Desktop\":{\"unit\":\"em\",\"point\":\"1.5\"}}},\"numberBottomSpace\":{\"Desktop\":\"0\"},\"titleBottomSpace\":{\"Desktop\":\"0\"},\"numberRightSpace\":{\"Desktop\":\"0\"},\"contentPadding\":{\"Desktop\":{\"unit\":\"px\",\"dimension\":{\"top\":\"0\",\"right\":\"0\",\"bottom\":\"0\",\"left\":\"0\"}},\"Mobile\":[]},\"margin\":{\"Desktop\":{\"unit\":\"px\",\"dimension\":{\"top\":\"0\",\"right\":\"0\",\"bottom\":\"0\",\"left\":\"0\"}},\"Tablet\":[]},\"padding\":{\"Desktop\":{\"unit\":\"px\",\"dimension\":{\"top\":\"0\",\"right\":\"0\",\"bottom\":\"0\",\"left\":\"0\"}},\"Tablet\":{\"unit\":\"px\",\"dimension\":{\"top\":\"0\",\"right\":\"0\",\"bottom\":\"0\",\"left\":\"0\"}}},\"positioningType\":{\"Desktop\":\"inline\"}} -->\n<div class=\"guten-element guten-z3L6iz guten-fun-fact align-center hover-from-left\"><div class=\"fun-fact-inner\"><div class=\"content\"><div class=\"number-wrapper\"><span class=\"prefix\"><\/span><span class=\"number loaded\" data-number=\"25\" data-duration=\"3500\"><\/span><span class=\"suffix\"><\/span><sup class=\"super\">+<\/sup><\/div><span class=\"title\">Year Experience<\/span><\/div><\/div><\/div>\n<!-- \/wp:gutenverse\/fun-fact --><\/div><\/div>\n<!-- \/wp:gutenverse\/column -->\n\n<!-- wp:gutenverse\/column {\"width\":{\"Desktop\":33.33,\"Mobile\":33},\"elementId\":\"guten-QlY1Cy\",\"margin\":{\"Mobile\":[]},\"padding\":{\"Mobile\":{\"unit\":\"px\",\"dimension\":{\"top\":\"0\",\"right\":\"10\",\"bottom\":\"0\",\"left\":\"10\"}}}} -->\n<div class=\"wp-block-gutenverse-column guten-element guten-column guten-QlY1Cy\"><div class=\"guten-column-wrapper\" data-id=\"QlY1Cy\"><!-- wp:gutenverse\/fun-fact {\"elementId\":\"guten-2mc5Ly\",\"iconType\":\"none\",\"iconBorder\":{\"radius\":{\"Desktop\":[]}},\"iconSize\":{\"Desktop\":\"0\"},\"iconPadding\":{\"Desktop\":{\"unit\":\"px\",\"dimension\":{\"top\":\"0\",\"right\":\"0\",\"bottom\":\"0\",\"left\":\"0\"}}},\"iconMargin\":{\"Desktop\":{\"unit\":\"px\",\"dimension\":{\"top\":\"0\",\"right\":\"0\",\"bottom\":\"0\",\"left\":\"0\"}}},\"prefix\":\"\",\"number\":\"15\",\"suffix\":\"\",\"title\":\"Expert Chefs\",\"showSupper\":true,\"superColor\":{\"type\":\"variable\",\"id\":\"theme-5\"},\"superTypography\":{\"type\":\"variable\",\"id\":\"Ji7Dy5\",\"font\":{\"label\":\"Inter\",\"value\":\"Inter\",\"type\":\"google\"},\"size\":{\"Desktop\":{\"point\":\"25\",\"unit\":\"px\"}},\"lineHeight\":{\"Desktop\":{\"unit\":\"em\",\"point\":\"1.5\"}},\"weight\":\"400\"},\"superTop\":{\"Desktop\":\"\"},\"superSpace\":{\"Desktop\":\"\"},\"alignButtons\":{\"Desktop\":\"left\"},\"numberColor\":{\"Desktop\":{\"type\":\"variable\",\"id\":\"theme-0\"}},\"titleColor\":{\"Desktop\":{\"type\":\"variable\",\"id\":\"theme-3\"}},\"numberTypography\":{\"type\":\"variable\",\"id\":\"67zOMB\",\"font\":{\"label\":\"Raleway\",\"value\":\"Raleway\",\"type\":\"google\"},\"size\":{\"Desktop\":{\"point\":\"40\",\"unit\":\"px\"}},\"weight\":\"600\",\"lineHeight\":{\"Desktop\":{\"unit\":\"em\",\"point\":\"1.2\"}}},\"titleTypography\":{\"type\":\"variable\",\"id\":\"9lek3I\",\"font\":{\"label\":\"Inter\",\"value\":\"Inter\",\"type\":\"google\"},\"size\":{\"Desktop\":{\"point\":\"16\",\"unit\":\"px\"}},\"weight\":\"300\",\"lineHeight\":{\"Desktop\":{\"unit\":\"em\",\"point\":\"1.5\"}}},\"numberBottomSpace\":{\"Desktop\":\"0\"},\"titleBottomSpace\":{\"Desktop\":\"0\"},\"numberRightSpace\":{\"Desktop\":\"0\"},\"contentPadding\":{\"Desktop\":{\"unit\":\"px\",\"dimension\":{\"top\":\"0\",\"right\":\"0\",\"bottom\":\"0\",\"left\":\"0\"}}},\"margin\":{\"Desktop\":{\"unit\":\"px\",\"dimension\":{\"top\":\"0\",\"right\":\"0\",\"bottom\":\"0\",\"left\":\"0\"}},\"Tablet\":[]},\"padding\":{\"Desktop\":{\"unit\":\"px\",\"dimension\":{\"top\":\"0\",\"right\":\"0\",\"bottom\":\"0\",\"left\":\"0\"}},\"Tablet\":{\"unit\":\"px\",\"dimension\":{\"top\":\"0\",\"right\":\"0\",\"bottom\":\"0\",\"left\":\"0\"}}},\"positioningType\":{\"Desktop\":\"inline\"}} -->\n<div class=\"guten-element guten-2mc5Ly guten-fun-fact align-center hover-from-left\"><div class=\"fun-fact-inner\"><div class=\"content\"><div class=\"number-wrapper\"><span class=\"prefix\"><\/span><span class=\"number loaded\" data-number=\"15\" data-duration=\"3500\"><\/span><span class=\"suffix\"><\/span><sup class=\"super\">+<\/sup><\/div><span class=\"title\">Expert Chefs<\/span><\/div><\/div><\/div>\n<!-- \/wp:gutenverse\/fun-fact --><\/div><\/div>\n<!-- \/wp:gutenverse\/column -->\n\n<!-- wp:gutenverse\/column {\"width\":{\"Desktop\":33.33,\"Mobile\":33},\"elementId\":\"guten-NG6Mga\",\"margin\":{\"Mobile\":[]},\"padding\":{\"Mobile\":{\"unit\":\"px\",\"dimension\":{\"top\":\"0\",\"right\":\"10\",\"bottom\":\"0\",\"left\":\"10\"}}}} -->\n<div class=\"wp-block-gutenverse-column guten-element guten-column guten-NG6Mga\"><div class=\"guten-column-wrapper\" data-id=\"NG6Mga\"><!-- wp:gutenverse\/fun-fact {\"elementId\":\"guten-TS0gEr\",\"iconType\":\"none\",\"iconBorder\":{\"radius\":{\"Desktop\":[]}},\"iconSize\":{\"Desktop\":\"0\"},\"iconPadding\":{\"Desktop\":{\"unit\":\"px\",\"dimension\":{\"top\":\"0\",\"right\":\"0\",\"bottom\":\"0\",\"left\":\"0\"}}},\"iconMargin\":{\"Desktop\":{\"unit\":\"px\",\"dimension\":{\"top\":\"0\",\"right\":\"0\",\"bottom\":\"0\",\"left\":\"0\"}}},\"prefix\":\"\",\"number\":\"90\",\"suffix\":\"\",\"title\":\"Happy Customers\",\"showSupper\":true,\"supper\":\"%\",\"superColor\":{\"type\":\"variable\",\"id\":\"theme-5\"},\"superTypography\":{\"type\":\"variable\",\"id\":\"Ji7Dy5\",\"font\":{\"label\":\"Inter\",\"value\":\"Inter\",\"type\":\"google\"},\"size\":{\"Desktop\":{\"point\":\"25\",\"unit\":\"px\"}},\"lineHeight\":{\"Desktop\":{\"unit\":\"em\",\"point\":\"1.5\"}},\"weight\":\"400\"},\"superTop\":{\"Desktop\":\"\"},\"superSpace\":{\"Desktop\":\"\"},\"alignButtons\":{\"Desktop\":\"left\"},\"numberColor\":{\"Desktop\":{\"type\":\"variable\",\"id\":\"theme-0\"}},\"titleColor\":{\"Desktop\":{\"type\":\"variable\",\"id\":\"theme-3\"}},\"numberTypography\":{\"type\":\"variable\",\"id\":\"67zOMB\",\"font\":{\"label\":\"Raleway\",\"value\":\"Raleway\",\"type\":\"google\"},\"size\":{\"Desktop\":{\"point\":\"40\",\"unit\":\"px\"}},\"weight\":\"600\",\"lineHeight\":{\"Desktop\":{\"unit\":\"em\",\"point\":\"1.2\"}}},\"titleTypography\":{\"type\":\"variable\",\"id\":\"9lek3I\",\"font\":{\"label\":\"Inter\",\"value\":\"Inter\",\"type\":\"google\"},\"size\":{\"Desktop\":{\"point\":\"16\",\"unit\":\"px\"}},\"weight\":\"300\",\"lineHeight\":{\"Desktop\":{\"unit\":\"em\",\"point\":\"1.5\"}}},\"numberBottomSpace\":{\"Desktop\":\"0\"},\"titleBottomSpace\":{\"Desktop\":\"0\"},\"numberRightSpace\":{\"Desktop\":\"0\"},\"contentPadding\":{\"Desktop\":{\"unit\":\"px\",\"dimension\":{\"top\":\"0\",\"right\":\"0\",\"bottom\":\"0\",\"left\":\"0\"}}},\"margin\":{\"Desktop\":{\"unit\":\"px\",\"dimension\":{\"top\":\"0\",\"right\":\"0\",\"bottom\":\"0\",\"left\":\"0\"}},\"Tablet\":[]},\"padding\":{\"Desktop\":{\"unit\":\"px\",\"dimension\":{\"top\":\"0\",\"right\":\"0\",\"bottom\":\"0\",\"left\":\"0\"}},\"Tablet\":{\"unit\":\"px\",\"dimension\":{\"top\":\"0\",\"right\":\"0\",\"bottom\":\"0\",\"left\":\"0\"}}},\"positioningType\":{\"Desktop\":\"inline\"}} -->\n<div class=\"guten-element guten-TS0gEr guten-fun-fact align-center hover-from-left\"><div class=\"fun-fact-inner\"><div class=\"content\"><div class=\"number-wrapper\"><span class=\"prefix\"><\/span><span class=\"number loaded\" data-number=\"90\" data-duration=\"3500\"><\/span><span class=\"suffix\"><\/span><sup class=\"super\">%<\/sup><\/div><span class=\"title\">Happy Customers<\/span><\/div><\/div><\/div>\n<!-- \/wp:gutenverse\/fun-fact --><\/div><\/div>\n<!-- \/wp:gutenverse\/column --><\/div><\/section><\/div>\n<!-- \/wp:gutenverse\/section -->\n\n<!-- wp:gutenverse\/heading {\"elementId\":\"guten-OoCocu\",\"color\":{\"type\":\"variable\",\"id\":\"theme-0\"},\"typography\":{\"type\":\"variable\",\"id\":\"iLeOE3\",\"font\":{\"label\":\"Raleway\",\"value\":\"Raleway\",\"type\":\"google\"},\"size\":{\"Desktop\":{\"point\":\"20\",\"unit\":\"px\"}},\"lineHeight\":{\"Desktop\":{\"unit\":\"em\",\"point\":\"1.6\"}},\"weight\":\"600\",\"transform\":\"uppercase\",\"spacing\":{\"Desktop\":\"0.07\"}}} -->\n<h2 class=\"wp-block-gutenverse-heading guten-element guten-OoCocu\">Specialities<\/h2>\n<!-- \/wp:gutenverse\/heading -->\n\n<!-- wp:gutenverse\/section {\"width\":{\"Desktop\":\"\"},\"isChild\":true,\"gap\":\"no\",\"elementId\":\"guten-3UJTvP\"} -->\n<div class=\"section-wrapper\" data-id=\"3UJTvP\"><section class=\"wp-block-gutenverse-section guten-element guten-section guten-3UJTvP layout-boxed align-stretch\"><div class=\"guten-container guten-column-gap-no\"><!-- wp:gutenverse\/column {\"width\":{\"Desktop\":50},\"elementId\":\"guten-hkRZed\"} -->\n<div class=\"wp-block-gutenverse-column guten-element guten-column guten-hkRZed\"><div class=\"guten-column-wrapper\" data-id=\"hkRZed\"><!-- wp:gutenverse\/icon-list {\"elementId\":\"guten-HgpP0Z\",\"spaceBetween\":{\"Desktop\":\"10\"},\"alignList\":{\"Desktop\":\"flex-start\"},\"iconColor\":{\"type\":\"variable\",\"id\":\"theme-5\"},\"iconSize\":{\"Desktop\":\"14\"},\"textColor\":{\"type\":\"variable\",\"id\":\"theme-3\"},\"textIndent\":{\"Desktop\":\"18\"},\"textTypography\":{\"type\":\"variable\",\"id\":\"IdlpaU\",\"font\":{\"label\":\"Inter\",\"value\":\"Inter\",\"type\":\"google\"},\"size\":{\"Desktop\":{\"point\":\"16\",\"unit\":\"px\"}},\"lineHeight\":{\"Desktop\":{\"unit\":\"em\",\"point\":\"1.5\"}},\"weight\":\"300\",\"spacing\":{\"Desktop\":\"0.1\"}},\"margin\":{\"Desktop\":[]},\"padding\":{\"Desktop\":{\"unit\":\"px\",\"dimension\":{\"top\":\"0\",\"right\":\"0\",\"bottom\":\"0\",\"left\":\"0\"}}},\"positioningType\":{\"Desktop\":\"default\",\"Mobile\":\"full\"},\"positioningWidth\":{\"Desktop\":{\"unit\":\"%\",\"point\":\"50\"}}} -->\n<div class=\"guten-element guten-icon-list guten-HgpP0Z\"><!-- wp:gutenverse\/icon-list-item {\"elementId\":\"guten-SO47F1\"} -->\n<div class=\"guten-element guten-icon-list-item guten-SO47F1\"><a id=\"guten-SO47F1\"><i class=\"fas fa-check-circle\"><\/i><span class=\"list-text \">Fine Dinning<\/span><\/a><\/div>\n<!-- \/wp:gutenverse\/icon-list-item -->\n\n<!-- wp:gutenverse\/icon-list-item {\"elementId\":\"guten-FqlgTt\"} -->\n<div class=\"guten-element guten-icon-list-item guten-FqlgTt\"><a id=\"guten-FqlgTt\"><i class=\"fas fa-check-circle\"><\/i><span class=\"list-text \">Food Delivery<\/span><\/a><\/div>\n<!-- \/wp:gutenverse\/icon-list-item --><\/div>\n<!-- \/wp:gutenverse\/icon-list --><\/div><\/div>\n<!-- \/wp:gutenverse\/column -->\n\n<!-- wp:gutenverse\/column {\"width\":{\"Desktop\":50},\"elementId\":\"guten-u0HHBO\"} -->\n<div class=\"wp-block-gutenverse-column guten-element guten-column guten-u0HHBO\"><div class=\"guten-column-wrapper\" data-id=\"u0HHBO\"><!-- wp:gutenverse\/icon-list {\"elementId\":\"guten-Bz9rTf\",\"spaceBetween\":{\"Desktop\":\"10\"},\"alignList\":{\"Desktop\":\"flex-start\"},\"iconColor\":{\"type\":\"variable\",\"id\":\"theme-5\"},\"iconSize\":{\"Desktop\":\"14\"},\"textColor\":{\"type\":\"variable\",\"id\":\"theme-3\"},\"textIndent\":{\"Desktop\":\"18\"},\"textTypography\":{\"type\":\"variable\",\"id\":\"IdlpaU\",\"font\":{\"label\":\"Inter\",\"value\":\"Inter\",\"type\":\"google\"},\"size\":{\"Desktop\":{\"point\":\"16\",\"unit\":\"px\"}},\"lineHeight\":{\"Desktop\":{\"unit\":\"em\",\"point\":\"1.5\"}},\"weight\":\"300\",\"spacing\":{\"Desktop\":\"0.1\"}},\"margin\":{\"Desktop\":[],\"Mobile\":{\"unit\":\"px\",\"dimension\":{\"top\":\"10\",\"right\":\"0\",\"bottom\":\"0\",\"left\":\"0\"}}},\"padding\":{\"Desktop\":{\"unit\":\"px\",\"dimension\":{\"top\":\"0\",\"right\":\"0\",\"bottom\":\"0\",\"left\":\"0\"}},\"Mobile\":[]},\"positioningType\":{\"Desktop\":\"default\",\"Mobile\":\"full\"},\"positioningWidth\":{\"Desktop\":{\"unit\":\"%\",\"point\":\"50\"}}} -->\n<div class=\"guten-element guten-icon-list guten-Bz9rTf\"><!-- wp:gutenverse\/icon-list-item {\"elementId\":\"guten-9UP5fD\"} -->\n<div class=\"guten-element guten-icon-list-item guten-9UP5fD\"><a id=\"guten-9UP5fD\"><i class=\"fas fa-check-circle\"><\/i><span class=\"list-text \">Food Catering<\/span><\/a><\/div>\n<!-- \/wp:gutenverse\/icon-list-item -->\n\n<!-- wp:gutenverse\/icon-list-item {\"elementId\":\"guten-fOHCBS\"} -->\n<div class=\"guten-element guten-icon-list-item guten-fOHCBS\"><a id=\"guten-fOHCBS\"><i class=\"fas fa-check-circle\"><\/i><span class=\"list-text \">Wedding Ceremony<\/span><\/a><\/div>\n<!-- \/wp:gutenverse\/icon-list-item --><\/div>\n<!-- \/wp:gutenverse\/icon-list --><\/div><\/div>\n<!-- \/wp:gutenverse\/column --><\/div><\/section><\/div>\n<!-- \/wp:gutenverse\/section --><\/div><\/div>\n<!-- \/wp:gutenverse\/column --><\/div><\/section><\/div>\n<!-- \/wp:gutenverse\/section -->\n\n<!-- wp:gutenverse\/section {\"width\":{\"Desktop\":\"1295\"},\"gap\":\"no\",\"elementId\":\"guten-Ap3QbI\",\"overflow\":\"hidden\",\"background\":{\"videoPlayOnMobile\":false,\"type\":\"default\",\"color\":{\"type\":\"variable\",\"id\":\"theme-4\"}},\"margin\":{\"Desktop\":[],\"Tablet\":{\"unit\":\"px\",\"dimension\":{\"top\":\"0\",\"right\":\"0\",\"bottom\":\"0\",\"left\":\"0\"}},\"Mobile\":[]},\"padding\":{\"Desktop\":{\"unit\":\"px\",\"dimension\":{\"top\":\"80\",\"right\":\"0\",\"bottom\":\"120\",\"left\":\"0\"}},\"Tablet\":{\"unit\":\"px\",\"dimension\":{\"top\":\"0\",\"right\":\"20\",\"bottom\":\"80\",\"left\":\"20\"}},\"Mobile\":{\"unit\":\"px\",\"dimension\":{\"top\":\"0\",\"right\":\"20\",\"bottom\":\"80\",\"left\":\"20\"}}}} -->\n<div class=\"section-wrapper\" data-id=\"Ap3QbI\"><section class=\"wp-block-gutenverse-section guten-element guten-section guten-Ap3QbI layout-boxed align-stretch overflow-hidden\"><div class=\"guten-container guten-column-gap-no\"><!-- wp:gutenverse\/column {\"width\":{\"Desktop\":50,\"Tablet\":100,\"Mobile\":null},\"elementId\":\"guten-8K5UUY\",\"margin\":{\"Desktop\":[],\"Tablet\":[],\"Mobile\":{\"unit\":\"px\",\"dimension\":{\"top\":\"0\",\"right\":\"0\",\"bottom\":\"0\",\"left\":\"0\"}}},\"padding\":{\"Desktop\":{\"unit\":\"px\",\"dimension\":{\"top\":\"50\",\"right\":\"90\",\"bottom\":\"50\",\"left\":\"0\"}},\"Tablet\":{\"unit\":\"px\",\"dimension\":{\"top\":\"50\",\"right\":\"90\",\"bottom\":\"50\",\"left\":\"0\"}},\"Mobile\":{\"unit\":\"px\",\"dimension\":{\"top\":\"40\",\"right\":\"0\",\"bottom\":\"40\",\"left\":\"0\"}}}} -->\n<div class=\"wp-block-gutenverse-column guten-element guten-column guten-8K5UUY\"><div class=\"guten-column-wrapper\" data-id=\"8K5UUY\"><!-- wp:gutenverse\/advanced-heading {\"elementId\":\"guten-cIevYW\",\"text\":\"Our Story\",\"focusText\":\"\",\"subText\":\"The Ingredients\",\"lineWidth\":{\"Desktop\":\"9\",\"Tablet\":\"8\",\"Mobile\":\"16\"},\"lineHeight\":{\"Desktop\":\"2\"},\"lineMargin\":{\"Desktop\":{\"unit\":\"px\",\"dimension\":{\"top\":\"15\",\"right\":\"20\",\"bottom\":\"15\",\"left\":\"0\"}},\"Tablet\":[],\"Mobile\":[]},\"mainColor\":{\"type\":\"variable\",\"id\":\"theme-2\"},\"mainTypography\":{\"type\":\"variable\",\"id\":\"PM6GMF\",\"font\":{\"label\":\"Inter\",\"value\":\"Inter\",\"type\":\"google\"},\"size\":{\"Desktop\":{\"point\":\"16\",\"unit\":\"px\"}},\"weight\":\"500\",\"lineHeight\":{\"Desktop\":{\"unit\":\"em\",\"point\":\"1.6\"}},\"transform\":\"uppercase\",\"spacing\":{\"Desktop\":\"1\"}},\"mainMargin\":{\"Desktop\":{\"unit\":\"px\",\"dimension\":{\"top\":\"\",\"right\":\"\",\"bottom\":\"\",\"left\":\"\"}}},\"mainPadding\":{\"Desktop\":{\"unit\":\"px\",\"dimension\":{\"top\":\"\",\"right\":\"\",\"bottom\":\"\",\"left\":\"\"}}},\"focusMargin\":{\"Desktop\":[],\"Mobile\":[]},\"focusPadding\":{\"Desktop\":[],\"Mobile\":[]},\"subColor\":{\"type\":\"variable\",\"id\":\"theme-0\"},\"subTypography\":{\"type\":\"variable\",\"id\":\"1dcJQ2\",\"font\":{\"label\":\"Raleway\",\"value\":\"Raleway\",\"type\":\"google\"},\"size\":{\"Desktop\":{\"point\":\"56\",\"unit\":\"px\"}},\"weight\":\"800\",\"transform\":\"capitalize\",\"lineHeight\":{\"Desktop\":{\"unit\":\"em\",\"point\":\"1\"}}},\"subMargin\":{\"Desktop\":{\"unit\":\"px\",\"dimension\":{\"top\":\"0\",\"right\":\"0\",\"bottom\":\"0\",\"left\":\"0\"}},\"Mobile\":[]},\"subPadding\":{\"Desktop\":{\"unit\":\"px\",\"dimension\":{\"top\":\"10\",\"right\":\"0\",\"bottom\":\"0\",\"left\":\"0\"}},\"Mobile\":[]},\"lineColor\":{\"type\":\"variable\",\"id\":\"theme-2\"},\"border\":{\"radius\":{\"Desktop\":[]}},\"margin\":{\"Desktop\":{\"unit\":\"px\",\"dimension\":{\"top\":\"0\",\"right\":\"0\",\"bottom\":\"30\",\"left\":\"0\"}}},\"padding\":{\"Desktop\":[]}} -->\n<div class=\"guten-element guten-advanced-heading guten-cIevYW\"><div class=\"heading-section \"><div class=\"heading-line before\"><\/div><h2 class=\"heading-title\"><span class=\"heading-title\">Our Story<\/span><span class=\"heading-focus\"><\/span><\/h2><\/div><span class=\"heading-subtitle\">The Ingredients<\/span><\/div>\n<!-- \/wp:gutenverse\/advanced-heading -->\n\n<!-- wp:gutenverse\/text-editor {\"elementId\":\"guten-RMwNpG\",\"textColor\":{\"type\":\"variable\",\"id\":\"theme-3\"},\"typography\":{\"type\":\"variable\",\"id\":\"9lek3I\",\"font\":{\"label\":\"Inter\",\"value\":\"Inter\",\"type\":\"google\"},\"size\":{\"Desktop\":{\"point\":\"16\",\"unit\":\"px\"}},\"weight\":\"300\",\"lineHeight\":{\"Desktop\":{\"unit\":\"em\",\"point\":\"1.5\"}}},\"margin\":{\"Desktop\":{\"unit\":\"px\",\"dimension\":{\"top\":\"5\",\"right\":\"0\",\"bottom\":\"40\",\"left\":\"0\"}}},\"padding\":{\"Desktop\":[]}} -->\n<div class=\"guten-element gutenverse-text-editor guten-RMwNpG\"><div class=\"text-content-inner\"><!-- wp:paragraph -->\n<p>Lorem ipsum dolor sit amet, consectetuer adipiscing elit eget. Aenean commodo ligula eget dolor. Aenean massa. Cum qu sociis natoque um penatibus et magnis dis parturient montes.<\/p>\n<!-- \/wp:paragraph --><\/div><\/div>\n<!-- \/wp:gutenverse\/text-editor -->\n\n<!-- wp:gutenverse\/image {\"elementId\":\"guten-cuZlxI\",\"imgSrc\":{\"media\":{\"imageId\":1078,\"sizes\":{\"thumbnail\":{\"height\":150,\"width\":150,\"url\":\"https:\/\/designer.gutenverse.com\/sovy\/wp-content\/uploads\/sites\/79\/2024\/10\/signature.webp\",\"orientation\":\"landscape\"},\"medium\":{\"height\":105,\"width\":300,\"url\":\"https:\/\/designer.gutenverse.com\/sovy\/wp-content\/uploads\/sites\/79\/2024\/10\/signature.webp\",\"orientation\":\"landscape\"},\"full\":{\"url\":\"https:\/\/designer.gutenverse.com\/sovy\/wp-content\/uploads\/sites\/79\/2024\/10\/signature.webp\",\"height\":176,\"width\":501,\"orientation\":\"landscape\"}}},\"size\":\"full\"},\"altOriginal\":\"\",\"captionOriginal\":\"\",\"width\":{\"Desktop\":{\"unit\":\"%\",\"point\":\"50\"}},\"imgBorder\":{\"radius\":{\"Desktop\":[]}},\"align\":{\"Desktop\":\"left\"},\"margin\":{\"Desktop\":{\"unit\":\"px\",\"dimension\":{\"top\":\"0\",\"right\":\"0\",\"bottom\":\"0\",\"left\":\"0\"}}},\"padding\":{\"Desktop\":{\"unit\":\"px\",\"dimension\":{\"top\":\"0\",\"right\":\"0\",\"bottom\":\"0\",\"left\":\"0\"}}}} -->\n<div class=\"wp-block-gutenverse-image guten-element guten-image guten-cuZlxI\"><div class=\"guten-image-wrapper\"><img class=\"gutenverse-image-box-filled\" src=\"https:\/\/designer.gutenverse.com\/sovy\/wp-content\/uploads\/sites\/79\/2024\/10\/signature.webp\" height=\"176\" width=\"501\"\/><\/div><\/div>\n<!-- \/wp:gutenverse\/image -->\n\n<!-- wp:gutenverse\/heading {\"elementId\":\"guten-AONbvj\",\"type\":6,\"color\":{\"type\":\"variable\",\"id\":\"theme-0\"},\"typography\":{\"type\":\"variable\",\"id\":\"Fv7E7c\",\"font\":{\"label\":\"Raleway\",\"value\":\"Raleway\",\"type\":\"google\"},\"size\":{\"Desktop\":{\"point\":\"20\",\"unit\":\"px\"}},\"weight\":\"600\",\"lineHeight\":{\"Desktop\":{\"unit\":\"em\",\"point\":\"1.7\"}}},\"margin\":{\"Desktop\":{\"unit\":\"px\",\"dimension\":{\"top\":\"-5\",\"right\":\"0\",\"bottom\":\"0\",\"left\":\"0\"}}},\"padding\":{\"Desktop\":{\"unit\":\"px\",\"dimension\":{\"top\":\"0\",\"right\":\"0\",\"bottom\":\"0\",\"left\":\"0\"}}}} -->\n<h6 class=\"wp-block-gutenverse-heading guten-element guten-AONbvj\">Maynard Peters , CEO<br><a href=\"https:\/\/templatekit.jegtheme.com\/sovy\/about-us\/#\"><\/a><\/h6>\n<!-- \/wp:gutenverse\/heading -->\n\n<!-- wp:gutenverse\/button {\"elementId\":\"guten-KqWgZD\",\"content\":\"Reserve Now\",\"paddingButton\":{\"Desktop\":{\"unit\":\"px\",\"dimension\":{\"top\":\"16\",\"right\":\"28\",\"bottom\":\"16\",\"left\":\"28\"}},\"Mobile\":[]},\"buttonBackground\":{\"type\":\"default\",\"color\":{\"type\":\"variable\",\"id\":\"theme-2\"}},\"buttonBackgroundHover\":{\"type\":\"default\",\"color\":{\"r\":0,\"g\":0,\"b\":0,\"a\":0}},\"buttonBorder\":{\"radius\":{\"Desktop\":{\"unit\":\"px\",\"dimension\":{\"top\":\"0\",\"right\":\"0\",\"bottom\":\"0\",\"left\":\"0\"}}},\"all\":{\"width\":2,\"type\":\"solid\",\"color\":{\"r\":0,\"g\":0,\"b\":0,\"a\":0}}},\"buttonBorderHover\":{\"radius\":{\"Desktop\":[]},\"all\":{\"width\":2,\"type\":\"solid\",\"color\":{\"type\":\"variable\",\"id\":\"theme-3\"}}},\"margin\":{\"Mobile\":{\"unit\":\"px\",\"dimension\":{\"top\":\"0\",\"right\":\"0\",\"bottom\":\"0\",\"left\":\"0\"}},\"Desktop\":{\"unit\":\"px\",\"dimension\":{\"top\":\"65\",\"right\":\"0\",\"bottom\":\"0\",\"left\":\"0\"}}},\"padding\":{\"Mobile\":{\"unit\":\"px\",\"dimension\":{\"top\":\"65\",\"right\":\"0\",\"bottom\":\"0\",\"left\":\"0\"}},\"Desktop\":{\"unit\":\"px\",\"dimension\":{\"top\":\"0\",\"right\":\"0\",\"bottom\":\"0\",\"left\":\"0\"}}},\"color\":{\"type\":\"variable\",\"id\":\"theme-1\"},\"iconColor\":{\"type\":\"variable\",\"id\":\"theme-1\"},\"typography\":{\"type\":\"variable\",\"id\":\"QiqSBU\",\"font\":{\"label\":\"Inter\",\"value\":\"Inter\",\"type\":\"google\"},\"size\":{\"Desktop\":{\"point\":\"14\",\"unit\":\"px\"}},\"lineHeight\":{\"Desktop\":{\"unit\":\"em\",\"point\":\"1.5\"}},\"weight\":\"400\"},\"hoverTextColor\":{\"type\":\"variable\",\"id\":\"theme-3\"}} -->\n<div class=\"guten-element guten-button-wrapper guten-KqWgZD\"><a class=\"guten-button guten-button-sm\" href=\"#\"><span>Reserve Now<\/span><\/a><\/div>\n<!-- \/wp:gutenverse\/button --><\/div><\/div>\n<!-- \/wp:gutenverse\/column -->\n\n<!-- wp:gutenverse\/column {\"width\":{\"Desktop\":50,\"Tablet\":100,\"Mobile\":null},\"elementId\":\"guten-kK1JQF\",\"margin\":{\"Mobile\":[]},\"padding\":{\"Mobile\":[]}} -->\n<div class=\"wp-block-gutenverse-column guten-element guten-column guten-kK1JQF\"><div class=\"guten-column-wrapper\" data-id=\"kK1JQF\"><!-- wp:gutenverse\/image {\"elementId\":\"guten-f79cYa\",\"imgSrc\":{\"media\":{\"imageId\":1080,\"sizes\":{\"thumbnail\":{\"height\":150,\"width\":150,\"url\":\"https:\/\/designer.gutenverse.com\/sovy\/wp-content\/uploads\/sites\/79\/2024\/10\/roasted-shrimps.webp\",\"orientation\":\"landscape\"},\"medium\":{\"height\":300,\"width\":300,\"url\":\"https:\/\/designer.gutenverse.com\/sovy\/wp-content\/uploads\/sites\/79\/2024\/10\/roasted-shrimps.webp\",\"orientation\":\"landscape\"},\"large\":{\"height\":1024,\"width\":1024,\"url\":\"https:\/\/designer.gutenverse.com\/sovy\/wp-content\/uploads\/sites\/79\/2024\/10\/roasted-shrimps.webp\",\"orientation\":\"landscape\"},\"full\":{\"url\":\"https:\/\/designer.gutenverse.com\/sovy\/wp-content\/uploads\/sites\/79\/2024\/10\/roasted-shrimps.webp\",\"height\":2000,\"width\":2000,\"orientation\":\"landscape\"}}},\"size\":\"full\"},\"altOriginal\":\"\",\"captionOriginal\":\"\",\"width\":{\"Desktop\":{\"unit\":\"%\",\"point\":\"100\"}},\"imgBorder\":{\"radius\":{\"Desktop\":[]}},\"opacity\":\"\"} -->\n<div class=\"wp-block-gutenverse-image guten-element guten-image guten-f79cYa\"><div class=\"guten-image-wrapper\"><img class=\"gutenverse-image-box-filled\" src=\"https:\/\/designer.gutenverse.com\/sovy\/wp-content\/uploads\/sites\/79\/2024\/10\/roasted-shrimps.webp\" height=\"2000\" width=\"2000\"\/><\/div><\/div>\n<!-- \/wp:gutenverse\/image -->\n\n<!-- wp:gutenverse\/section {\"width\":{\"Desktop\":\"450\"},\"isChild\":true,\"gap\":\"no\",\"elementId\":\"guten-U1Dbex\",\"margin\":{\"Desktop\":{\"unit\":\"px\",\"dimension\":{\"top\":\"-45\",\"right\":\"0\",\"bottom\":\"0\",\"left\":\"0\"}},\"Tablet\":{\"unit\":\"px\",\"dimension\":{\"top\":\"\",\"right\":\"\",\"bottom\":\"\",\"left\":\"\"}}},\"padding\":{\"Desktop\":[],\"Tablet\":{\"unit\":\"px\",\"dimension\":{\"top\":\"0\",\"right\":\"0\",\"bottom\":\"0\",\"left\":\"0\"}}}} -->\n<div class=\"section-wrapper\" data-id=\"U1Dbex\"><section class=\"wp-block-gutenverse-section guten-element guten-section guten-U1Dbex layout-boxed align-stretch\"><div class=\"guten-container guten-column-gap-no\"><!-- wp:gutenverse\/column {\"width\":{\"Desktop\":100,\"Tablet\":null},\"elementId\":\"guten-1O7gt4\",\"background\":{\"type\":\"default\",\"color\":{\"type\":\"variable\",\"id\":\"theme-0\"}},\"margin\":{\"Desktop\":{\"unit\":\"px\",\"dimension\":{\"left\":\"-312\",\"top\":\"-145\",\"bottom\":\"32\",\"right\":\"0\"}},\"Tablet\":{\"unit\":\"px\",\"dimension\":{\"top\":\"0\",\"right\":\"0\",\"bottom\":\"0\",\"left\":\"0\"}}},\"padding\":{\"Desktop\":{\"unit\":\"px\",\"dimension\":{\"top\":\"30\",\"right\":\"30\",\"bottom\":\"30\",\"left\":\"30\"}},\"Tablet\":[]}} -->\n<div class=\"wp-block-gutenverse-column guten-element guten-column guten-1O7gt4\"><div class=\"guten-column-wrapper\" data-id=\"1O7gt4\"><!-- wp:gutenverse\/text-editor {\"elementId\":\"guten-uKwD5N\",\"textColor\":{\"type\":\"variable\",\"id\":\"theme-4\"},\"typography\":{\"type\":\"variable\",\"id\":\"9lek3I\",\"font\":{\"label\":\"Inter\",\"value\":\"Inter\",\"type\":\"google\"},\"size\":{\"Desktop\":{\"point\":\"16\",\"unit\":\"px\"}},\"weight\":\"300\",\"lineHeight\":{\"Desktop\":{\"unit\":\"em\",\"point\":\"1.5\"}}},\"border\":{\"radius\":{\"Desktop\":[]},\"left\":{\"type\":\"solid\",\"width\":2,\"color\":{\"type\":\"variable\",\"id\":\"theme-5\"}}},\"margin\":{\"Desktop\":{\"unit\":\"px\",\"dimension\":{\"top\":\"0\",\"right\":\"0\",\"bottom\":\"20\",\"left\":\"0\"}}},\"padding\":{\"Desktop\":{\"unit\":\"px\",\"dimension\":{\"top\":\"0\",\"right\":\"20\",\"bottom\":\"0\",\"left\":\"20\"}}}} -->\n<div class=\"guten-element gutenverse-text-editor guten-uKwD5N\"><div class=\"text-content-inner\"><!-- wp:paragraph -->\n<p>Lorem ipsum dolor sit amet, consectetur adipiscing elit. Ut elit tellus, luctus nec ullamcorper mattis.<\/p>\n<!-- \/wp:paragraph --><\/div><\/div>\n<!-- \/wp:gutenverse\/text-editor -->\n\n<!-- wp:gutenverse\/text-editor {\"elementId\":\"guten-EBWxSY\",\"textColor\":{\"type\":\"variable\",\"id\":\"theme-4\"},\"typography\":{\"type\":\"variable\",\"id\":\"fdWFTG\",\"font\":{\"label\":\"Inter\",\"value\":\"Inter\",\"type\":\"google\"},\"size\":{\"Desktop\":{\"point\":\"16\",\"unit\":\"px\"}},\"weight\":\"500\",\"lineHeight\":{\"Desktop\":{\"unit\":\"em\",\"point\":\"1.5\"}}}} -->\n<div class=\"guten-element gutenverse-text-editor guten-EBWxSY\"><div class=\"text-content-inner\"><!-- wp:paragraph -->\n<p>Maynard P.<\/p>\n<!-- \/wp:paragraph --><\/div><\/div>\n<!-- \/wp:gutenverse\/text-editor --><\/div><\/div>\n<!-- \/wp:gutenverse\/column --><\/div><\/section><\/div>\n<!-- \/wp:gutenverse\/section -->\n\n<!-- wp:gutenverse\/image {\"elementId\":\"guten-TZ9CiW\",\"imgSrc\":{\"media\":{\"imageId\":1102,\"sizes\":{\"thumbnail\":{\"height\":150,\"width\":150,\"url\":\"https:\/\/designer.gutenverse.com\/sovy\/wp-content\/uploads\/sites\/79\/2024\/10\/rosemoary-about.webp\",\"orientation\":\"landscape\"},\"medium\":{\"height\":280,\"width\":300,\"url\":\"https:\/\/designer.gutenverse.com\/sovy\/wp-content\/uploads\/sites\/79\/2024\/10\/rosemoary-about.webp\",\"orientation\":\"landscape\"},\"full\":{\"url\":\"https:\/\/designer.gutenverse.com\/sovy\/wp-content\/uploads\/sites\/79\/2024\/10\/rosemoary-about.webp\",\"height\":474,\"width\":507,\"orientation\":\"landscape\"}}},\"size\":\"full\"},\"altOriginal\":\"\",\"captionOriginal\":\"\",\"positioningType\":{\"Desktop\":\"custom\"},\"positioningWidth\":{\"Desktop\":{\"point\":\"214\",\"unit\":\"px\"}},\"positioningLocation\":\"absolute\",\"positioningLeft\":{\"Desktop\":{\"point\":\"112\",\"unit\":\"px\"},\"Mobile\":{\"point\":\"178\",\"unit\":\"px\"},\"Tablet\":{\"point\":\"450\",\"unit\":\"px\"}},\"positioningRight\":{\"Tablet\":{\"point\":\"\",\"unit\":\"px\"}},\"positioningTop\":{\"Desktop\":{\"point\":\"467\",\"unit\":\"px\"},\"Mobile\":{\"point\":\"341\",\"unit\":\"px\"},\"Tablet\":{\"point\":\"685\",\"unit\":\"px\"}},\"positioningBottom\":{\"Tablet\":{\"point\":\"\",\"unit\":\"px\"}}} -->\n<div class=\"wp-block-gutenverse-image guten-element guten-image guten-TZ9CiW\"><div class=\"guten-image-wrapper\"><img class=\"gutenverse-image-box-filled\" src=\"https:\/\/designer.gutenverse.com\/sovy\/wp-content\/uploads\/sites\/79\/2024\/10\/rosemoary-about.webp\" height=\"474\" width=\"507\"\/><\/div><\/div>\n<!-- \/wp:gutenverse\/image --><\/div><\/div>\n<!-- \/wp:gutenverse\/column --><\/div><\/section><\/div>\n<!-- \/wp:gutenverse\/section -->\n\n<!-- wp:gutenverse\/section {\"width\":{\"Desktop\":\"\"},\"gap\":\"no\",\"elementId\":\"guten-mXZ787\",\"background\":{\"videoPlayOnMobile\":false,\"type\":\"default\",\"color\":{\"type\":\"variable\",\"id\":\"theme-4\"}},\"border\":{\"radius\":{\"Desktop\":[]},\"all\":{\"type\":\"none\",\"width\":0,\"color\":{\"r\":0,\"g\":0,\"b\":0,\"a\":0}},\"bottom\":{\"type\":\"none\",\"width\":0,\"color\":{\"r\":0,\"g\":0,\"b\":0,\"a\":0}}},\"margin\":{\"Desktop\":{\"unit\":\"px\",\"dimension\":{\"top\":\"0\",\"right\":\"0\",\"bottom\":\"0\",\"left\":\"0\"}},\"Mobile\":[],\"Tablet\":{\"unit\":\"px\",\"dimension\":{\"top\":\"0\",\"right\":\"0\",\"bottom\":\"0\",\"left\":\"0\"}}},\"padding\":{\"Desktop\":{\"unit\":\"px\",\"dimension\":{\"top\":\"0\",\"right\":\"0\",\"bottom\":\"100\",\"left\":\"0\"}},\"Mobile\":{\"unit\":\"px\",\"dimension\":{\"top\":\"0\",\"right\":\"20\",\"bottom\":\"105\",\"left\":\"20\"}},\"Tablet\":{\"unit\":\"px\",\"dimension\":{\"top\":\"0\",\"right\":\"0\",\"bottom\":\"100\",\"left\":\"0\"}}}} -->\n<div class=\"section-wrapper\" data-id=\"mXZ787\"><section class=\"wp-block-gutenverse-section guten-element guten-section guten-mXZ787 layout-boxed align-stretch\"><div class=\"guten-container guten-column-gap-no\"><!-- wp:gutenverse\/column {\"width\":{\"Desktop\":100,\"Tablet\":null},\"elementId\":\"guten-AyzrzD\",\"horizontalAlign\":{\"Desktop\":\"center\",\"Tablet\":\"center\"}} -->\n<div class=\"wp-block-gutenverse-column guten-element guten-column guten-AyzrzD\"><div class=\"guten-column-wrapper\" data-id=\"AyzrzD\"><!-- wp:gutenverse\/icon {\"elementId\":\"guten-ysmuOZ\",\"icon\":\"gtn gtn-quote-light\",\"iconAlign\":{\"Desktop\":\"center\"},\"iconColorOne\":{\"r\":0,\"g\":0,\"b\":0,\"a\":0},\"iconSize\":{\"Desktop\":{\"point\":\"50\",\"unit\":\"px\"}},\"iconPadding\":{\"Tablet\":\"0\",\"Desktop\":\"0\"},\"iconColorTwo\":{\"type\":\"variable\",\"id\":\"theme-2\"},\"background\":{\"type\":\"default\",\"color\":\"\"},\"margin\":{\"Desktop\":{\"unit\":\"px\",\"dimension\":{\"top\":\"0\",\"right\":\"0\",\"bottom\":\"30\",\"left\":\"0\"}},\"Tablet\":{\"unit\":\"px\",\"dimension\":{\"top\":\"0\",\"right\":\"0\",\"bottom\":\"33\",\"left\":\"0\"}}},\"padding\":{\"Desktop\":[],\"Tablet\":[]}} -->\n<div class=\"wp-block-gutenverse-icon guten-element guten-ysmuOZ guten-icon\"><span class=\"guten-icon-wrapper rounded stacked\"><i class=\"gtn gtn-quote-light\"><\/i><\/span><\/div>\n<!-- \/wp:gutenverse\/icon -->\n\n<!-- wp:gutenverse\/advanced-heading {\"elementId\":\"guten-XxH4oL\",\"alignText\":{\"Desktop\":\"center\",\"Tablet\":\"center\"},\"titleTag\":\"span\",\"text\":\"\",\"focusText\":\"The discovery of a new dish does more for the happiness of mankind than the discovery of a star.\",\"subText\":\"Anthelme Brillat-Savarin\",\"showLine\":\"none\",\"lineMargin\":{\"Desktop\":[]},\"mainMargin\":{\"Desktop\":{\"unit\":\"px\",\"dimension\":{\"top\":\"0\",\"right\":\"0\",\"bottom\":\"38\",\"left\":\"0\"}},\"Mobile\":[]},\"mainPadding\":{\"Desktop\":{\"unit\":\"px\",\"dimension\":{\"top\":\"0\",\"right\":\"0\",\"bottom\":\"0\",\"left\":\"0\"}},\"Mobile\":[]},\"focusColor\":{\"type\":\"variable\",\"id\":\"theme-0\"},\"focusTypography\":{\"type\":\"variable\",\"id\":\"zxpg2O\",\"font\":{\"label\":\"Raleway\",\"value\":\"Raleway\",\"type\":\"google\"},\"size\":{\"Desktop\":{\"point\":\"24\",\"unit\":\"px\"}},\"weight\":\"600\",\"lineHeight\":{\"Desktop\":{\"unit\":\"em\",\"point\":\"1.9\"}},\"style\":\"italic\"},\"focusMargin\":{\"Desktop\":{\"unit\":\"px\",\"dimension\":{\"top\":\"0\",\"right\":\"0\",\"bottom\":\"0\",\"left\":\"0\"}},\"Mobile\":[]},\"focusPadding\":{\"Desktop\":{\"unit\":\"px\",\"dimension\":{\"top\":\"0\",\"right\":\"0\",\"bottom\":\"0\",\"left\":\"0\"}},\"Mobile\":[]},\"subColor\":{\"type\":\"variable\",\"id\":\"theme-2\"},\"subTypography\":{\"type\":\"variable\",\"id\":\"UZgeWN\",\"font\":{\"label\":\"Inter\",\"value\":\"Inter\",\"type\":\"google\"},\"size\":{\"Desktop\":{\"point\":\"16\",\"unit\":\"px\"}},\"weight\":\"400\",\"spacing\":{\"Desktop\":\"2\"},\"transform\":\"uppercase\",\"lineHeight\":{\"Desktop\":{\"unit\":\"em\",\"point\":\"1\"}}},\"subMargin\":{\"Desktop\":{\"unit\":\"px\",\"dimension\":{\"top\":\"0\",\"right\":\"0\",\"bottom\":\"0\",\"left\":\"0\"}}},\"subPadding\":{\"Desktop\":{\"unit\":\"px\",\"dimension\":{\"top\":\"0\",\"right\":\"0\",\"bottom\":\"0\",\"left\":\"0\"}}},\"border\":{\"radius\":{\"Desktop\":[]}},\"margin\":{\"Desktop\":{\"unit\":\"px\",\"dimension\":{\"top\":\"0\",\"right\":\"0\",\"bottom\":\"25\",\"left\":\"0\"}}},\"padding\":{\"Desktop\":{\"unit\":\"px\",\"dimension\":{\"top\":\"0\",\"right\":\"0\",\"bottom\":\"0\",\"left\":\"0\"}}},\"positioningType\":{\"Desktop\":\"custom\",\"Tablet\":\"custom\",\"Mobile\":\"custom\"},\"positioningWidth\":{\"Desktop\":{\"unit\":\"px\",\"point\":\"724\"},\"Tablet\":{\"unit\":\"%\",\"point\":\"63.596\"},\"Mobile\":{\"point\":\"284\",\"unit\":\"px\"}}} -->\n<div class=\"guten-element guten-advanced-heading guten-XxH4oL\"><div class=\"heading-section \"><span class=\"heading-title\"><span class=\"heading-title\"><\/span><span class=\"heading-focus\">The discovery of a new dish does more for the happiness of mankind than the discovery of a star.<\/span><\/span><\/div><span class=\"heading-subtitle\">Anthelme Brillat-Savarin<\/span><\/div>\n<!-- \/wp:gutenverse\/advanced-heading -->\n\n<!-- wp:gutenverse\/divider {\"elementId\":\"guten-XfPlqp\",\"width\":{\"Desktop\":\"6\",\"Tablet\":\"10\",\"Mobile\":\"34\"},\"content\":\"icon\",\"dividerColor\":{\"type\":\"variable\",\"id\":\"theme-5\"},\"size\":{\"Desktop\":\"2\"},\"gap\":{\"Desktop\":\"\"},\"contentColor\":{\"type\":\"variable\",\"id\":\"theme-2\"},\"contentSpacing\":{\"Desktop\":\"0\"},\"icon\":\"fas fa-star-of-life\",\"iconSize\":{\"Desktop\":{\"point\":\"15\",\"unit\":\"px\"}},\"contentAlign\":\"center\",\"margin\":{\"Desktop\":{\"unit\":\"px\",\"dimension\":{\"top\":\"40\",\"right\":\"0\",\"bottom\":\"0\",\"left\":\"0\"}}},\"padding\":{\"Desktop\":[]},\"positioningType\":{\"Desktop\":\"default\"},\"positioningWidth\":{\"Desktop\":{\"point\":\"\",\"unit\":\"px\"}}} -->\n<div class=\"wp-block-gutenverse-divider guten-element guten-divider guten-XfPlqp\"><div class=\"guten-divider-wrapper\"><div class=\"guten-divider-default guten-divider-line guten-divider-regular\"><\/div><span class=\"guten-divider-content\"><i class=\"fas fa-star-of-life\"><\/i><\/span><div class=\"guten-divider-default guten-divider-line guten-divider-regular\"><\/div><\/div><\/div>\n<!-- \/wp:gutenverse\/divider --><\/div><\/div>\n<!-- \/wp:gutenverse\/column --><\/div><\/section><\/div>\n<!-- \/wp:gutenverse\/section -->\n\n<!-- wp:pattern {\"slug\":\"sovy\/sovy-about-us-gutenverse-commitment\"} \/-->\n\n<!-- wp:pattern {\"slug\":\"sovy\/sovy-home-gutenverse-cta-alt\"} \/-->\n\n<!-- wp:pattern {\"slug\":\"sovy\/sovy-gutenverse-contact\"} \/-->\n\n<!-- wp:pattern {\"slug\":\"sovy\/sovy-gutenverse-footer\"} \/-->",
    "preview_url" : "https://fse.jegtheme.com/sovy/about-us/",
    "image_url" : "assets/img/ss-cover-sovy-about-us.webp",
    "is_homepage" : false,
    "core-patterns" : [],
    "pro-patterns" : [],
    "gutenverse-patterns" : ["sovy-gutenverse-header", "sovy-about-us-gutenverse-commitment", "sovy-home-gutenverse-cta-alt", "sovy-gutenverse-contact", "sovy-gutenverse-footer"],
    "image_arr" : "[{'name':'about-hero.webp','image_url':'https:\/\/designer.gutenverse.com\/sovy\/wp-content\/uploads\/sites\/79\/2024\/10\/about-hero.webp','type':'page','id':10,'image_id':1039},{'name':'bg-story.webp','image_url':'https:\/\/designer.gutenverse.com\/sovy\/wp-content\/uploads\/sites\/79\/2024\/10\/bg-story.webp','type':'page','id':10,'image_id':1043},{'name':'black-bg.webp','image_url':'https:\/\/designer.gutenverse.com\/sovy\/wp-content\/uploads\/sites\/79\/2024\/10\/black-bg.webp','type':'page','id':10,'image_id':1135},{'name':'bg-thyme.webp','image_url':'https:\/\/designer.gutenverse.com\/sovy\/wp-content\/uploads\/sites\/79\/2024\/10\/bg-thyme.webp','type':'page','id':10,'image_id':1045},{'name':'about.webp','image_url':'https:\/\/designer.gutenverse.com\/sovy\/wp-content\/uploads\/sites\/79\/2024\/10\/about.webp','type':'page','id':10,'image_id':1042},{'name':'signature.webp','image_url':'https:\/\/designer.gutenverse.com\/sovy\/wp-content\/uploads\/sites\/79\/2024\/10\/signature.webp','type':'page','id':10,'image_id':1078},{'name':'roasted-shrimps.webp','image_url':'https:\/\/designer.gutenverse.com\/sovy\/wp-content\/uploads\/sites\/79\/2024\/10\/roasted-shrimps.webp','type':'page','id':10,'image_id':1080},{'name':'rosemoary-about.webp','image_url':'https:\/\/designer.gutenverse.com\/sovy\/wp-content\/uploads\/sites\/79\/2024\/10\/rosemoary-about.webp','type':'page','id':10,'image_id':1102}]"
}