{
    "template" : "blank-canvas",
    "pagetitle": "Blog",
    "content" : "<!-- wp:pattern {\"slug\":\"sovy\/sovy-gutenverse-header\"} \/-->\n\n<!-- wp:gutenverse\/section {\"layout\":\"fullwidth\",\"width\":{\"Desktop\":\"1295\"},\"height\":{\"Desktop\":{\"point\":\"550\",\"unit\":\"px\"},\"Mobile\":{\"point\":\"400\",\"unit\":\"px\"}},\"gap\":\"no\",\"elementId\":\"guten-saySuR\",\"heightControl\":\"min\",\"align\":\"middle\",\"background\":{\"videoPlayOnMobile\":false,\"type\":\"default\",\"image\":{\"Desktop\":{\"id\":1039,\"image\":\"https:\/\/designer.gutenverse.com\/sovy\/wp-content\/uploads\/sites\/79\/2024\/10\/about-hero.webp\"}},\"color\":{\"r\":0,\"g\":0,\"b\":0,\"a\":1},\"position\":{\"Desktop\":\"center center\"},\"repeat\":{\"Desktop\":\"no-repeat\"},\"size\":{\"Desktop\":\"cover\"}},\"backgroundOverlay\":{\"type\":\"default\",\"color\":{\"r\":0,\"g\":0,\"b\":0,\"a\":1}},\"opacity\":\"0.4\",\"margin\":{\"Desktop\":{\"unit\":\"px\",\"dimension\":{\"top\":\"\",\"right\":\"\",\"bottom\":\"\",\"left\":\"\"}},\"Mobile\":[],\"Tablet\":[]},\"padding\":{\"Desktop\":{\"unit\":\"px\",\"dimension\":{\"top\":\"\",\"right\":\"\",\"bottom\":\"\",\"left\":\"\"}},\"Mobile\":{\"unit\":\"px\",\"dimension\":{\"top\":\"0\",\"right\":\"20\",\"bottom\":\"0\",\"left\":\"20\"}},\"Tablet\":[]}} -->\n<div class=\"section-wrapper\" data-id=\"saySuR\"><section class=\"wp-block-gutenverse-section guten-element guten-section guten-saySuR layout-fullwidth align-middle\"><div class=\"guten-background-overlay\"><\/div><div class=\"guten-container guten-column-gap-no\"><!-- wp:gutenverse\/column {\"width\":{\"Desktop\":100},\"elementId\":\"guten-dMs7JO\"} -->\n<div class=\"wp-block-gutenverse-column guten-element guten-column guten-dMs7JO\"><div class=\"guten-column-wrapper\" data-id=\"dMs7JO\"><!-- wp:gutenverse\/heading {\"elementId\":\"guten-76zItA\",\"type\":1,\"textAlign\":{\"Desktop\":\"center\"},\"color\":{\"type\":\"variable\",\"id\":\"theme-0\"},\"typography\":{\"type\":\"variable\",\"id\":\"MnJjef\",\"font\":{\"label\":\"Raleway\",\"value\":\"Raleway\",\"type\":\"google\"},\"size\":{\"Desktop\":{\"point\":\"80\",\"unit\":\"px\"}},\"weight\":\"800\",\"lineHeight\":{\"Desktop\":{\"unit\":\"em\",\"point\":\"1.2\"}}}} -->\n<h1 class=\"wp-block-gutenverse-heading guten-element guten-76zItA\">OUR BLOG<\/h1>\n<!-- \/wp:gutenverse\/heading --><\/div><\/div>\n<!-- \/wp:gutenverse\/column --><\/div><\/section><\/div>\n<!-- \/wp:gutenverse\/section -->\n\n<!-- wp:gutenverse\/section {\"width\":{\"Desktop\":\"1295\"},\"gap\":\"no\",\"elementId\":\"guten-XIbZUK\",\"margin\":{\"Desktop\":[],\"Tablet\":[],\"Mobile\":[]},\"padding\":{\"Desktop\":{\"unit\":\"px\",\"dimension\":{\"top\":\"150\",\"right\":\"0\",\"bottom\":\"150\",\"left\":\"0\"}},\"Tablet\":{\"unit\":\"px\",\"dimension\":{\"top\":\"120\",\"right\":\"20\",\"bottom\":\"120\",\"left\":\"20\"}},\"Mobile\":{\"unit\":\"px\",\"dimension\":{\"top\":\"80\",\"right\":\"20\",\"bottom\":\"80\",\"left\":\"20\"}}}} -->\n<div class=\"section-wrapper\" data-id=\"XIbZUK\"><section class=\"wp-block-gutenverse-section guten-element guten-section guten-XIbZUK layout-boxed align-stretch\"><div class=\"guten-container guten-column-gap-no\"><!-- wp:gutenverse\/column {\"width\":{\"Desktop\":100},\"elementId\":\"guten-SDnJGt\"} -->\n<div class=\"wp-block-gutenverse-column guten-element guten-column guten-SDnJGt\"><div class=\"guten-column-wrapper\" data-id=\"SDnJGt\"><!-- wp:gutenverse\/post-block {\"elementId\":\"guten-WsCH2J\",\"numberPost\":\"6\",\"column\":{\"Desktop\":\"3\",\"Tablet\":\"2\",\"Mobile\":\"1\"},\"htmlTag\":\"h5\",\"categoryPosition\":\"left\",\"excerptLength\":\"13\",\"readmoreEnabled\":false,\"metaEnabled\":false,\"metaAuthorEnabled\":false,\"metaDateEnabled\":false,\"metaDateIcon\":\"\",\"postblockType\":\"type-3\",\"paginationMode\":\"number\",\"postItemGap\":{\"Desktop\":\"30\",\"Mobile\":\"\",\"Tablet\":\"30\"},\"postItemMargin\":{\"Desktop\":{\"unit\":\"px\",\"dimension\":{\"top\":\"0\",\"right\":\"0\",\"bottom\":\"40\",\"left\":\"0\"}},\"Mobile\":{\"unit\":\"px\",\"dimension\":{\"top\":\"0\",\"right\":\"0\",\"bottom\":\"30\",\"left\":\"0\"}},\"Tablet\":{\"unit\":\"px\",\"dimension\":{\"top\":\"0\",\"right\":\"0\",\"bottom\":\"30\",\"left\":\"0\"}}},\"postItemPadding\":{\"Desktop\":{\"unit\":\"px\",\"dimension\":{\"top\":\"\",\"right\":\"\",\"bottom\":\"\",\"left\":\"\"}},\"Mobile\":[]},\"postItemBorder\":{\"radius\":{\"Desktop\":{\"unit\":\"px\",\"dimension\":{\"top\":\"0\",\"right\":\"0\",\"bottom\":\"0\",\"left\":\"0\"}}}},\"postItemBorderResponsive\":{\"Mobile\":{\"radius\":[]}},\"thumbnailWidth\":{\"Desktop\":\"\"},\"thumbnailBackground\":{\"type\":\"default\",\"color\":{\"type\":\"variable\",\"id\":\"theme-4\"}},\"thumbnailOverlayOpacity\":{\"Desktop\":\"0.2\"},\"thumbnailMargin\":{\"Desktop\":{\"unit\":\"px\",\"dimension\":{\"top\":\"0\",\"right\":\"0\",\"bottom\":\"20\",\"left\":\"0\"}},\"Mobile\":[]},\"thumbnailPadding\":{\"Desktop\":{\"unit\":\"px\",\"dimension\":{\"top\":\"0\",\"right\":\"0\",\"bottom\":\"0\",\"left\":\"0\"}},\"Mobile\":[]},\"thumbnailBorder\":{\"radius\":{\"Desktop\":{\"unit\":\"px\",\"dimension\":{\"top\":\"0\",\"right\":\"0\",\"bottom\":\"0\",\"left\":\"0\"}}}},\"thumbnailBorderResponsive\":{\"Mobile\":{\"radius\":[]}},\"thumbnailHeight\":{\"Desktop\":\"280\"},\"thumbnailRadius\":{\"Desktop\":{\"unit\":\"px\",\"dimension\":{\"top\":\"0\",\"right\":\"0\",\"bottom\":\"0\",\"left\":\"0\"}}},\"contentMargin\":{\"Desktop\":{\"unit\":\"px\",\"dimension\":{\"top\":\"0\",\"right\":\"0\",\"bottom\":\"0\",\"left\":\"0\"}}},\"contentPadding\":{\"Desktop\":{\"unit\":\"px\",\"dimension\":{\"top\":\"0\",\"right\":\"0\",\"bottom\":\"0\",\"left\":\"0\"}}},\"contentBorder\":{\"radius\":{\"Desktop\":{\"unit\":\"px\",\"dimension\":{\"top\":\"0\",\"right\":\"0\",\"bottom\":\"0\",\"left\":\"0\"}}}},\"categoryColor\":{\"type\":\"variable\",\"id\":\"theme-4\"},\"categoryTypography\":{\"type\":\"variable\",\"id\":\"KCFyqE\",\"font\":{\"label\":\"Inter\",\"value\":\"Inter\",\"type\":\"google\"},\"size\":{\"Desktop\":{\"point\":\"12\",\"unit\":\"px\"}},\"lineHeight\":{\"Desktop\":{\"unit\":\"em\",\"point\":\"1\"}},\"weight\":\"300\",\"transform\":\"uppercase\",\"spacing\":{\"Desktop\":\"0.15\"}},\"categoryBackground\":{\"type\":\"variable\",\"id\":\"theme-2\"},\"categoryMargin\":{\"Desktop\":{\"unit\":\"px\",\"dimension\":{\"top\":\"0\",\"right\":\"0\",\"bottom\":\"0\",\"left\":\"0\"}}},\"categoryPadding\":{\"Desktop\":{\"unit\":\"px\",\"dimension\":{\"top\":\"10\",\"right\":\"20\",\"bottom\":\"10\",\"left\":\"20\"}}},\"categoryBorder\":{\"radius\":{\"Desktop\":{\"unit\":\"px\",\"dimension\":{\"top\":\"0\",\"right\":\"0\",\"bottom\":\"0\",\"left\":\"0\"}}}},\"titleMargin\":{\"Desktop\":{\"unit\":\"px\",\"dimension\":{\"top\":\"0\",\"right\":\"0\",\"bottom\":\"0\",\"left\":\"0\"}}},\"titleColor\":{\"type\":\"variable\",\"id\":\"theme-0\"},\"titleTypography\":{\"type\":\"variable\",\"id\":\"Ca6AIG\",\"font\":{\"label\":\"Raleway\",\"value\":\"Raleway\",\"type\":\"google\"},\"size\":{\"Desktop\":{\"point\":\"24\",\"unit\":\"px\"}},\"lineHeight\":{\"Desktop\":{\"unit\":\"em\",\"point\":\"1.9\"}},\"weight\":\"600\",\"style\":\"default\"},\"excerptMargin\":{\"Desktop\":[]},\"excerptColor\":{\"type\":\"variable\",\"id\":\"theme-3\"},\"excerptTypography\":{\"type\":\"variable\",\"id\":\"9lek3I\",\"font\":{\"label\":\"Inter\",\"value\":\"Inter\",\"type\":\"google\"},\"size\":{\"Desktop\":{\"point\":\"16\",\"unit\":\"px\"}},\"weight\":\"300\",\"lineHeight\":{\"Desktop\":{\"unit\":\"em\",\"point\":\"1.5\"}}},\"metaTypography\":{\"type\":\"variable\",\"id\":\"GidBco\",\"font\":{\"label\":\"Inter\",\"value\":\"Inter\",\"type\":\"google\"},\"size\":{\"Desktop\":{\"point\":\"14\",\"unit\":\"px\"}},\"weight\":\"300\",\"lineHeight\":{\"Desktop\":{\"unit\":\"em\",\"point\":\"1.6\"}}},\"metaColor\":{\"type\":\"variable\",\"id\":\"theme-3\"},\"metaMargin\":{\"Desktop\":{\"unit\":\"px\",\"dimension\":{\"top\":\"10\",\"right\":\"0\",\"bottom\":\"0\",\"left\":\"0\"}}},\"metaAuthorIconSpacing\":{\"Desktop\":\"0\"},\"metaDateIconSpacing\":{\"Desktop\":\"0\"},\"paginationTypography\":{\"type\":\"variable\",\"id\":\"QiqSBU\",\"font\":{\"label\":\"Inter\",\"value\":\"Inter\",\"type\":\"google\"},\"size\":{\"Desktop\":{\"point\":\"14\",\"unit\":\"px\"}},\"lineHeight\":{\"Desktop\":{\"unit\":\"em\",\"point\":\"1.6\"}},\"weight\":\"400\",\"transform\":\"uppercase\",\"spacing\":{\"Desktop\":\"0.25\"}},\"paginationMargin\":{\"Desktop\":{\"unit\":\"px\",\"dimension\":{\"top\":\"0\",\"right\":\"0\",\"bottom\":\"0\",\"left\":\"0\"}}},\"paginationPadding\":{\"Desktop\":{\"unit\":\"px\",\"dimension\":{\"top\":\"16\",\"right\":\"28\",\"bottom\":\"16\",\"left\":\"28\"}}},\"paginationWidth\":{\"Desktop\":{\"point\":\"\",\"unit\":\"px\"}},\"paginationNavigationWidth\":{\"Desktop\":{\"point\":\"\",\"unit\":\"px\"}},\"numberGap\":{\"Desktop\":\"15\"},\"paginationHeight\":{\"Desktop\":\"\"},\"navigationAlign\":{\"Desktop\":\"center\"},\"paginationColor\":{\"r\":209,\"g\":200,\"b\":187,\"a\":0.4},\"paginationCurrentColor\":{\"type\":\"variable\",\"id\":\"theme-1\"},\"paginationDisabledColor\":{\"r\":209,\"g\":200,\"b\":187,\"a\":0.1},\"paginationHoverColor\":{\"type\":\"variable\",\"id\":\"theme-1\"},\"paginationBackground\":{\"type\":\"default\",\"color\":{\"r\":0,\"g\":0,\"b\":0,\"a\":0}},\"paginationCurrentBackground\":{\"type\":\"default\",\"color\":{\"type\":\"variable\",\"id\":\"theme-2\"}},\"paginationHoverBackground\":{\"type\":\"default\",\"color\":{\"type\":\"variable\",\"id\":\"theme-2\"}},\"paginationBorder\":{\"radius\":{\"Desktop\":{\"unit\":\"px\",\"dimension\":{\"top\":\"0\",\"right\":\"0\",\"bottom\":\"0\",\"left\":\"0\"}}},\"all\":{\"type\":\"solid\",\"width\":1,\"color\":{\"r\":209,\"g\":200,\"b\":187,\"a\":0.1}}},\"paginationHoverBorder\":{\"radius\":{\"Desktop\":[]}},\"paginationPrevIcon\":\"gtn gtn-left-arrow-7\",\"paginationNextIcon\":\"gtn gtn-right-arrow-7\"} -->\n<div class=\"guten-element guten-post-block guten-WsCH2J\"><\/div>\n<!-- \/wp:gutenverse\/post-block --><\/div><\/div>\n<!-- \/wp:gutenverse\/column --><\/div><\/section><\/div>\n<!-- \/wp:gutenverse\/section -->\n\n<!-- wp:pattern {\"slug\":\"sovy\/sovy-gutenverse-cta\"} \/-->\n\n<!-- wp:pattern {\"slug\":\"sovy\/sovy-gutenverse-contact\"} \/-->\n\n<!-- wp:pattern {\"slug\":\"sovy\/sovy-gutenverse-footer\"} \/-->",
    "preview_url" : "https://fse.jegtheme.com/sovy/blog",
    "image_url" : "assets/img/ss-cover-sovy-blog.webp",
    "is_homepage" : false,
    "core-patterns" : [],
    "pro-patterns" : [],
    "gutenverse-patterns" : ["sovy-gutenverse-header", "sovy-gutenverse-cta", "sovy-gutenverse-contact", "sovy-gutenverse-footer"],
    "image_arr" : "[{'name':'about-hero.webp','image_url':'https:\/\/designer.gutenverse.com\/sovy\/wp-content\/uploads\/sites\/79\/2024\/10\/about-hero.webp','type':'page','id':1764,'image_id':1039}]"
}