{
    "template" : "blank-canvas",
    "pagetitle": "Contact Us",
    "content" : "<!-- wp:pattern {\"slug\":\"sovy\/sovy-gutenverse-header\"} \/-->\n\n<!-- wp:gutenverse\/section {\"layout\":\"fullwidth\",\"width\":{\"Desktop\":\"1295\"},\"height\":{\"Desktop\":{\"point\":\"550\",\"unit\":\"px\"},\"Mobile\":{\"point\":\"400\",\"unit\":\"px\"}},\"gap\":\"no\",\"elementId\":\"guten-saySuR\",\"heightControl\":\"min\",\"align\":\"middle\",\"background\":{\"videoPlayOnMobile\":false,\"type\":\"default\",\"image\":{\"Desktop\":{\"id\":1039,\"image\":\"https:\/\/designer.gutenverse.com\/sovy\/wp-content\/uploads\/sites\/79\/2024\/10\/about-hero.webp\"}},\"color\":{\"r\":0,\"g\":0,\"b\":0,\"a\":1},\"position\":{\"Desktop\":\"center center\"},\"repeat\":{\"Desktop\":\"no-repeat\"},\"size\":{\"Desktop\":\"cover\"}},\"backgroundOverlay\":{\"type\":\"default\",\"color\":{\"r\":0,\"g\":0,\"b\":0,\"a\":1}},\"opacity\":\"0.4\",\"margin\":{\"Desktop\":{\"unit\":\"px\",\"dimension\":{\"top\":\"\",\"right\":\"\",\"bottom\":\"\",\"left\":\"\"}},\"Mobile\":{\"unit\":\"px\",\"dimension\":{\"top\":\"\",\"right\":\"\",\"bottom\":\"\",\"left\":\"\"}},\"Tablet\":[]},\"padding\":{\"Desktop\":{\"unit\":\"px\",\"dimension\":{\"top\":\"\",\"right\":\"\",\"bottom\":\"\",\"left\":\"\"}},\"Mobile\":{\"unit\":\"px\",\"dimension\":{\"top\":\"0\",\"right\":\"20\",\"bottom\":\"0\",\"left\":\"20\"}},\"Tablet\":[]}} -->\n<div class=\"section-wrapper\" data-id=\"saySuR\"><section class=\"wp-block-gutenverse-section guten-element guten-section guten-saySuR layout-fullwidth align-middle\"><div class=\"guten-background-overlay\"><\/div><div class=\"guten-container guten-column-gap-no\"><!-- wp:gutenverse\/column {\"width\":{\"Desktop\":100},\"elementId\":\"guten-dMs7JO\"} -->\n<div class=\"wp-block-gutenverse-column guten-element guten-column guten-dMs7JO\"><div class=\"guten-column-wrapper\" data-id=\"dMs7JO\"><!-- wp:gutenverse\/heading {\"elementId\":\"guten-76zItA\",\"type\":1,\"textAlign\":{\"Desktop\":\"center\"},\"color\":{\"type\":\"variable\",\"id\":\"theme-0\"},\"typography\":{\"type\":\"variable\",\"id\":\"MnJjef\",\"font\":{\"label\":\"Raleway\",\"value\":\"Raleway\",\"type\":\"google\"},\"size\":{\"Desktop\":{\"point\":\"80\",\"unit\":\"px\"}},\"weight\":\"800\",\"lineHeight\":{\"Desktop\":{\"unit\":\"em\",\"point\":\"1.2\"}}}} -->\n<h1 class=\"wp-block-gutenverse-heading guten-element guten-76zItA\">CONTACT US<\/h1>\n<!-- \/wp:gutenverse\/heading --><\/div><\/div>\n<!-- \/wp:gutenverse\/column --><\/div><\/section><\/div>\n<!-- \/wp:gutenverse\/section -->\n\n<!-- wp:gutenverse\/section {\"width\":{\"Desktop\":\"1295\"},\"gap\":\"no\",\"elementId\":\"guten-82RDzN\",\"margin\":{\"Desktop\":[],\"Tablet\":[],\"Mobile\":[]},\"padding\":{\"Desktop\":{\"unit\":\"px\",\"dimension\":{\"top\":\"200\",\"right\":\"0\",\"bottom\":\"180\",\"left\":\"0\"}},\"Tablet\":{\"unit\":\"px\",\"dimension\":{\"top\":\"180\",\"right\":\"20\",\"bottom\":\"180\",\"left\":\"20\"}},\"Mobile\":{\"unit\":\"px\",\"dimension\":{\"top\":\"80\",\"right\":\"20\",\"bottom\":\"0\",\"left\":\"20\"}}}} -->\n<div class=\"section-wrapper\" data-id=\"82RDzN\"><section class=\"wp-block-gutenverse-section guten-element guten-section guten-82RDzN layout-boxed align-stretch\"><div class=\"guten-container guten-column-gap-no\"><!-- wp:gutenverse\/column {\"width\":{\"Desktop\":50,\"Tablet\":100,\"Mobile\":null},\"elementId\":\"guten-GAVJ1A\",\"verticalAlign\":{\"Desktop\":\"center\"},\"margin\":{\"Desktop\":{\"unit\":\"px\",\"dimension\":{\"top\":\"\",\"right\":\"\",\"bottom\":\"\",\"left\":\"\"}},\"Tablet\":{\"unit\":\"px\",\"dimension\":{\"top\":\"\",\"right\":\"\",\"bottom\":\"\",\"left\":\"\"}},\"Mobile\":{\"unit\":\"px\",\"dimension\":{\"top\":\"0\",\"right\":\"0\",\"bottom\":\"80\",\"left\":\"0\"}}},\"padding\":{\"Desktop\":{\"unit\":\"px\",\"dimension\":{\"top\":\"0\",\"right\":\"100\",\"bottom\":\"0\",\"left\":\"0\"}},\"Tablet\":[],\"Mobile\":{\"unit\":\"px\",\"dimension\":{\"top\":\"0\",\"right\":\"0\",\"bottom\":\"0\",\"left\":\"0\"}}}} -->\n<div class=\"wp-block-gutenverse-column guten-element guten-column guten-GAVJ1A\"><div class=\"guten-column-wrapper\" data-id=\"GAVJ1A\"><!-- wp:gutenverse\/advanced-heading {\"elementId\":\"guten-wBHdB8\",\"text\":\"Keep Close\",\"focusText\":\"\",\"subText\":\"Get in touch\",\"lineWidth\":{\"Desktop\":\"9\",\"Tablet\":\"8\",\"Mobile\":\"16\"},\"lineHeight\":{\"Desktop\":\"2\"},\"lineMargin\":{\"Desktop\":{\"unit\":\"px\",\"dimension\":{\"top\":\"15\",\"right\":\"20\",\"bottom\":\"15\",\"left\":\"0\"}},\"Tablet\":[],\"Mobile\":[]},\"mainColor\":{\"type\":\"variable\",\"id\":\"theme-2\"},\"mainTypography\":{\"type\":\"variable\",\"id\":\"PM6GMF\",\"font\":{\"label\":\"Inter\",\"value\":\"Inter\",\"type\":\"google\"},\"size\":{\"Desktop\":{\"point\":\"16\",\"unit\":\"px\"}},\"weight\":\"500\",\"lineHeight\":{\"Desktop\":{\"unit\":\"em\",\"point\":\"1.6\"}},\"transform\":\"uppercase\",\"spacing\":{\"Desktop\":\"1\"}},\"mainMargin\":{\"Desktop\":{\"unit\":\"px\",\"dimension\":{\"top\":\"0\",\"right\":\"0\",\"bottom\":\"0\",\"left\":\"0\"}}},\"mainPadding\":{\"Desktop\":{\"unit\":\"px\",\"dimension\":{\"top\":\"\",\"right\":\"\",\"bottom\":\"\",\"left\":\"\"}}},\"focusMargin\":{\"Desktop\":[]},\"focusPadding\":{\"Desktop\":[]},\"subColor\":{\"type\":\"variable\",\"id\":\"theme-0\"},\"subTypography\":{\"type\":\"variable\",\"id\":\"1dcJQ2\",\"font\":{\"label\":\"Raleway\",\"value\":\"Raleway\",\"type\":\"google\"},\"size\":{\"Desktop\":{\"point\":\"56\",\"unit\":\"px\"}},\"weight\":\"800\",\"transform\":\"capitalize\",\"lineHeight\":{\"Desktop\":{\"unit\":\"em\",\"point\":\"1\"}}},\"subMargin\":{\"Desktop\":{\"unit\":\"px\",\"dimension\":{\"top\":\"0\",\"right\":\"0\",\"bottom\":\"0\",\"left\":\"0\"}}},\"subPadding\":{\"Desktop\":{\"unit\":\"px\",\"dimension\":{\"top\":\"10\",\"right\":\"0\",\"bottom\":\"10\",\"left\":\"0\"}}},\"lineColor\":{\"type\":\"variable\",\"id\":\"theme-2\"},\"border\":{\"radius\":{\"Desktop\":[]}},\"margin\":{\"Desktop\":{\"unit\":\"px\",\"dimension\":{\"top\":\"0\",\"right\":\"0\",\"bottom\":\"25\",\"left\":\"0\"}}},\"padding\":{\"Desktop\":[]}} -->\n<div class=\"guten-element guten-advanced-heading guten-wBHdB8\"><div class=\"heading-section \"><div class=\"heading-line before\"><\/div><h2 class=\"heading-title\"><span class=\"heading-title\">Keep Close<\/span><span class=\"heading-focus\"><\/span><\/h2><\/div><span class=\"heading-subtitle\">Get in touch<\/span><\/div>\n<!-- \/wp:gutenverse\/advanced-heading -->\n\n<!-- wp:gutenverse\/text-editor {\"elementId\":\"guten-slC6HX\",\"textColor\":{\"type\":\"variable\",\"id\":\"theme-3\"},\"typography\":{\"type\":\"variable\",\"id\":\"9lek3I\",\"font\":{\"label\":\"Inter\",\"value\":\"Inter\",\"type\":\"google\"},\"size\":{\"Desktop\":{\"point\":\"16\",\"unit\":\"px\"}},\"weight\":\"300\",\"lineHeight\":{\"Desktop\":{\"unit\":\"em\",\"point\":\"1.5\"}}},\"margin\":{\"Desktop\":{\"unit\":\"px\",\"dimension\":{\"top\":\"0\",\"right\":\"0\",\"bottom\":\"60\",\"left\":\"0\"}}},\"padding\":{\"Desktop\":[]}} -->\n<div class=\"guten-element gutenverse-text-editor guten-slC6HX\"><div class=\"text-content-inner\"><!-- wp:paragraph -->\n<p>Lorem ipsum dolor sit amet, consectetuer adipiscing elit. Aenean que commodo ligula eget dolor. Aenean massa. Cum sociis nec natoquers penatibus et magnis dis parturient montes, nascetur ridiculusser mus. Donec quam felis, ultricies nec, pellentesque eu, pretiumqu quis, sem. Nulla consequat massa quis enim.<\/p>\n<!-- \/wp:paragraph --><\/div><\/div>\n<!-- \/wp:gutenverse\/text-editor -->\n\n<!-- wp:gutenverse\/section {\"width\":{\"Desktop\":\"\"},\"isChild\":true,\"gap\":\"no\",\"elementId\":\"guten-3v1C9n\",\"margin\":{\"Desktop\":{\"unit\":\"px\",\"dimension\":{\"top\":\"0\",\"right\":\"0\",\"bottom\":\"50\",\"left\":\"0\"}},\"Tablet\":{\"unit\":\"px\",\"dimension\":{\"top\":\"0\",\"right\":\"0\",\"bottom\":\"30\",\"left\":\"0\"}},\"Mobile\":{\"unit\":\"px\",\"dimension\":{\"top\":\"0\",\"right\":\"0\",\"bottom\":\"20\",\"left\":\"0\"}}},\"padding\":{\"Desktop\":[],\"Tablet\":{\"unit\":\"px\",\"dimension\":{\"top\":\"0\",\"right\":\"0\",\"bottom\":\"0\",\"left\":\"0\"}},\"Mobile\":[]}} -->\n<div class=\"section-wrapper\" data-id=\"3v1C9n\"><section class=\"wp-block-gutenverse-section guten-element guten-section guten-3v1C9n layout-boxed align-stretch\"><div class=\"guten-container guten-column-gap-no\"><!-- wp:gutenverse\/column {\"width\":{\"Desktop\":50,\"Tablet\":50,\"Mobile\":null},\"elementId\":\"guten-fnhnus\"} -->\n<div class=\"wp-block-gutenverse-column guten-element guten-column guten-fnhnus\"><div class=\"guten-column-wrapper\" data-id=\"fnhnus\"><!-- wp:gutenverse\/icon-box {\"elementId\":\"guten-tOVVRU\",\"separateButtonLink\":false,\"title\":\"Sovy Restaurant, Jl. Raya \\u003cbr\\u003eCanggu, Badung, Bali.\",\"titleTag\":\"span\",\"description\":\"\",\"icon\":\"gtn gtn-map-light\",\"iconPosition\":\"left\",\"align\":{\"Desktop\":\"flex-start\",\"Mobile\":null},\"containerPadding\":{\"Desktop\":{\"unit\":\"px\",\"dimension\":{\"top\":\"0\",\"right\":\"0\",\"bottom\":\"0\",\"left\":\"0\"}}},\"containerBorder\":{\"radius\":{\"Desktop\":[]},\"all\":{\"type\":\"none\"}},\"iconPadding\":{\"Desktop\":{\"unit\":\"px\",\"dimension\":{\"top\":\"0\",\"right\":\"5\",\"bottom\":\"0\",\"left\":\"0\"}}},\"iconMargin\":{\"Desktop\":{\"unit\":\"px\",\"dimension\":{\"top\":\"0\",\"right\":\"0\",\"bottom\":\"0\",\"left\":\"0\"}}},\"iconColor\":{\"type\":\"variable\",\"id\":\"theme-2\"},\"iconBorder\":{\"radius\":{\"Desktop\":[]}},\"titlePadding\":{\"Desktop\":{\"unit\":\"px\",\"dimension\":{\"top\":\"0\",\"right\":\"0\",\"bottom\":\"0\",\"left\":\"0\"}}},\"titleMargin\":{\"Desktop\":{\"unit\":\"px\",\"dimension\":{\"top\":\"0\",\"right\":\"0\",\"bottom\":\"0\",\"left\":\"0\"}}},\"titleColor\":{\"type\":\"variable\",\"id\":\"theme-3\"},\"titleHoverColor\":{\"type\":\"variable\",\"id\":\"theme-3\"},\"titleTypography\":{\"type\":\"variable\",\"id\":\"9lek3I\",\"font\":{\"label\":\"Inter\",\"value\":\"Inter\",\"type\":\"google\"},\"size\":{\"Desktop\":{\"point\":\"16\",\"unit\":\"px\"}},\"weight\":\"300\",\"lineHeight\":{\"Desktop\":{\"unit\":\"em\",\"point\":\"1.5\"}}},\"descMargin\":{\"Desktop\":{\"unit\":\"px\",\"dimension\":{\"top\":\"0\",\"right\":\"0\",\"bottom\":\"0\",\"left\":\"0\"}}},\"badgePadding\":{\"Desktop\":[]},\"badgeMargin\":{\"Desktop\":[]},\"badgeRadius\":{\"Desktop\":[]},\"margin\":{\"Desktop\":{\"unit\":\"px\",\"dimension\":{\"top\":\"0\",\"right\":\"0\",\"bottom\":\"0\",\"left\":\"0\"}},\"Tablet\":{\"unit\":\"px\",\"dimension\":{\"top\":\"0\",\"right\":\"0\",\"bottom\":\"20\",\"left\":\"0\"}}},\"padding\":{\"Desktop\":{\"unit\":\"px\",\"dimension\":{\"top\":\"0\",\"right\":\"0\",\"bottom\":\"0\",\"left\":\"0\"}},\"Tablet\":[]},\"positioningType\":{\"Desktop\":\"inline\",\"Tablet\":\"default\",\"Mobile\":\"full\"},\"positioningWidth\":{\"Tablet\":{\"unit\":\"%\",\"point\":\"45\"}},\"parentSelector\":\".guten-tOVVRU:hover .guten-icon-box-wrapper\"} -->\n<div class=\"guten-element guten-tOVVRU guten-icon-box icon-position-left\"><div class=\"guten-icon-box-wrapper hover-from-left\"><div class=\"icon-box icon-box-header\"><div class=\"icon style-color\"><i class=\"gtn gtn-map-light\"><\/i><\/div><\/div><div class=\"icon-box icon-box-body\"><span class=\"title\">Sovy Restaurant, Jl. Raya <br>Canggu, Badung, Bali.<\/span><\/div><\/div><\/div>\n<!-- \/wp:gutenverse\/icon-box --><\/div><\/div>\n<!-- \/wp:gutenverse\/column -->\n\n<!-- wp:gutenverse\/column {\"width\":{\"Desktop\":50,\"Tablet\":50},\"elementId\":\"guten-QVmvw1\",\"margin\":{\"Tablet\":[],\"Mobile\":[]},\"padding\":{\"Tablet\":[],\"Mobile\":[]}} -->\n<div class=\"wp-block-gutenverse-column guten-element guten-column guten-QVmvw1\"><div class=\"guten-column-wrapper\" data-id=\"QVmvw1\"><!-- wp:gutenverse\/icon-box {\"elementId\":\"guten-QECIS8\",\"separateButtonLink\":false,\"title\":\"(+62) 81 224 557 900\\u003cbr\\u003e(+62) 82 222 577 912\",\"titleTag\":\"span\",\"description\":\"\",\"icon\":\"gtn gtn-phone-call-light\",\"iconPosition\":\"left\",\"align\":{\"Desktop\":\"flex-start\"},\"containerPadding\":{\"Desktop\":{\"unit\":\"px\",\"dimension\":{\"top\":\"0\",\"right\":\"0\",\"bottom\":\"0\",\"left\":\"0\"}}},\"containerBorder\":{\"radius\":{\"Desktop\":[]},\"all\":{\"type\":\"none\"}},\"iconPadding\":{\"Desktop\":{\"unit\":\"px\",\"dimension\":{\"top\":\"0\",\"right\":\"5\",\"bottom\":\"0\",\"left\":\"0\"}}},\"iconMargin\":{\"Desktop\":{\"unit\":\"px\",\"dimension\":{\"top\":\"0\",\"right\":\"0\",\"bottom\":\"0\",\"left\":\"0\"}}},\"iconColor\":{\"type\":\"variable\",\"id\":\"theme-2\"},\"iconBorder\":{\"radius\":{\"Desktop\":[]}},\"titlePadding\":{\"Desktop\":{\"unit\":\"px\",\"dimension\":{\"top\":\"0\",\"right\":\"0\",\"bottom\":\"0\",\"left\":\"0\"}}},\"titleMargin\":{\"Desktop\":{\"unit\":\"px\",\"dimension\":{\"top\":\"0\",\"right\":\"0\",\"bottom\":\"0\",\"left\":\"0\"}}},\"titleColor\":{\"type\":\"variable\",\"id\":\"theme-3\"},\"titleHoverColor\":{\"type\":\"variable\",\"id\":\"theme-3\"},\"titleTypography\":{\"type\":\"variable\",\"id\":\"9lek3I\",\"font\":{\"label\":\"Inter\",\"value\":\"Inter\",\"type\":\"google\"},\"size\":{\"Desktop\":{\"point\":\"16\",\"unit\":\"px\"}},\"weight\":\"300\",\"lineHeight\":{\"Desktop\":{\"unit\":\"em\",\"point\":\"1.5\"}}},\"descMargin\":{\"Desktop\":{\"unit\":\"px\",\"dimension\":{\"top\":\"0\",\"right\":\"0\",\"bottom\":\"0\",\"left\":\"0\"}}},\"badgePadding\":{\"Desktop\":[]},\"badgeMargin\":{\"Desktop\":[]},\"badgeRadius\":{\"Desktop\":[]},\"margin\":{\"Desktop\":{\"unit\":\"px\",\"dimension\":{\"top\":\"0\",\"right\":\"0\",\"bottom\":\"0\",\"left\":\"30\"}},\"Tablet\":{\"unit\":\"px\",\"dimension\":{\"top\":\"\",\"right\":\"\",\"bottom\":\"\",\"left\":\"\"}},\"Mobile\":{\"unit\":\"px\",\"dimension\":{\"top\":\"0\",\"right\":\"0\",\"bottom\":\"0\",\"left\":\"0\"}}},\"padding\":{\"Desktop\":{\"unit\":\"px\",\"dimension\":{\"top\":\"0\",\"right\":\"0\",\"bottom\":\"0\",\"left\":\"0\"}},\"Tablet\":[],\"Mobile\":[]},\"positioningType\":{\"Desktop\":\"inline\",\"Tablet\":\"default\",\"Mobile\":\"full\"},\"positioningWidth\":{\"Tablet\":{\"unit\":\"%\",\"point\":\"45\"}},\"parentSelector\":\".guten-QECIS8:hover .guten-icon-box-wrapper\"} -->\n<div class=\"guten-element guten-QECIS8 guten-icon-box icon-position-left\"><div class=\"guten-icon-box-wrapper hover-from-left\"><div class=\"icon-box icon-box-header\"><div class=\"icon style-color\"><i class=\"gtn gtn-phone-call-light\"><\/i><\/div><\/div><div class=\"icon-box icon-box-body\"><span class=\"title\">(+62) 81 224 557 900<br>(+62) 82 222 577 912<\/span><\/div><\/div><\/div>\n<!-- \/wp:gutenverse\/icon-box --><\/div><\/div>\n<!-- \/wp:gutenverse\/column --><\/div><\/section><\/div>\n<!-- \/wp:gutenverse\/section -->\n\n<!-- wp:gutenverse\/section {\"width\":{\"Desktop\":\"\"},\"isChild\":true,\"gap\":\"no\",\"elementId\":\"guten-etVPMD\",\"margin\":{\"Desktop\":{\"unit\":\"px\",\"dimension\":{\"top\":\"0\",\"right\":\"0\",\"bottom\":\"32\",\"left\":\"0\"}}},\"padding\":{\"Desktop\":[]}} -->\n<div class=\"section-wrapper\" data-id=\"etVPMD\"><section class=\"wp-block-gutenverse-section guten-element guten-section guten-etVPMD layout-boxed align-stretch\"><div class=\"guten-container guten-column-gap-no\"><!-- wp:gutenverse\/column {\"width\":{\"Desktop\":50,\"Tablet\":null},\"elementId\":\"guten-uuTYat\"} -->\n<div class=\"wp-block-gutenverse-column guten-element guten-column guten-uuTYat\"><div class=\"guten-column-wrapper\" data-id=\"uuTYat\"><!-- wp:gutenverse\/icon-box {\"elementId\":\"guten-0ymjvu\",\"separateButtonLink\":false,\"title\":\"\\u003cp style=\\u0022margin-right: 0px; margin-left: 0px; transition: 0.4s; color: var( \\u002d\\u002de-global-color-03dcd93 ); font-size: 16px;\\u0022\\u003e\\u003c\/p\\u003eReservation@sovy.com\\u003cbr\\u003eBooks@sovy.com\",\"titleTag\":\"span\",\"description\":\"\",\"icon\":\"gtn gtn-mail-light\",\"iconPosition\":\"left\",\"align\":{\"Desktop\":\"flex-start\"},\"containerPadding\":{\"Desktop\":{\"unit\":\"px\",\"dimension\":{\"top\":\"0\",\"right\":\"0\",\"bottom\":\"0\",\"left\":\"0\"}}},\"containerBorder\":{\"radius\":{\"Desktop\":[]},\"all\":{\"type\":\"none\"}},\"iconPadding\":{\"Desktop\":{\"unit\":\"px\",\"dimension\":{\"top\":\"0\",\"right\":\"5\",\"bottom\":\"0\",\"left\":\"0\"}}},\"iconMargin\":{\"Desktop\":{\"unit\":\"px\",\"dimension\":{\"top\":\"0\",\"right\":\"0\",\"bottom\":\"0\",\"left\":\"0\"}}},\"iconColor\":{\"type\":\"variable\",\"id\":\"theme-2\"},\"iconBorder\":{\"radius\":{\"Desktop\":[]}},\"titlePadding\":{\"Desktop\":{\"unit\":\"px\",\"dimension\":{\"top\":\"0\",\"right\":\"0\",\"bottom\":\"0\",\"left\":\"0\"}}},\"titleMargin\":{\"Desktop\":{\"unit\":\"px\",\"dimension\":{\"top\":\"0\",\"right\":\"0\",\"bottom\":\"0\",\"left\":\"0\"}}},\"titleColor\":{\"type\":\"variable\",\"id\":\"theme-3\"},\"titleHoverColor\":{\"type\":\"variable\",\"id\":\"theme-3\"},\"titleTypography\":{\"type\":\"variable\",\"id\":\"9lek3I\",\"font\":{\"label\":\"Inter\",\"value\":\"Inter\",\"type\":\"google\"},\"size\":{\"Desktop\":{\"point\":\"16\",\"unit\":\"px\"}},\"weight\":\"300\",\"lineHeight\":{\"Desktop\":{\"unit\":\"em\",\"point\":\"1.5\"}}},\"descMargin\":{\"Desktop\":{\"unit\":\"px\",\"dimension\":{\"top\":\"0\",\"right\":\"0\",\"bottom\":\"0\",\"left\":\"0\"}}},\"badgePadding\":{\"Desktop\":[]},\"badgeMargin\":{\"Desktop\":[]},\"badgeRadius\":{\"Desktop\":[]},\"margin\":{\"Desktop\":{\"unit\":\"px\",\"dimension\":{\"top\":\"0\",\"right\":\"0\",\"bottom\":\"0\",\"left\":\"0\"}},\"Mobile\":{\"unit\":\"px\",\"dimension\":{\"top\":\"0\",\"right\":\"0\",\"bottom\":\"20\",\"left\":\"0\"}}},\"padding\":{\"Desktop\":{\"unit\":\"px\",\"dimension\":{\"top\":\"0\",\"right\":\"0\",\"bottom\":\"0\",\"left\":\"0\"}},\"Mobile\":[]},\"positioningType\":{\"Desktop\":\"inline\",\"Tablet\":\"default\",\"Mobile\":\"full\"},\"positioningWidth\":{\"Tablet\":{\"unit\":\"%\",\"point\":\"45\"}},\"parentSelector\":\".guten-0ymjvu:hover .guten-icon-box-wrapper\"} -->\n<div class=\"guten-element guten-0ymjvu guten-icon-box icon-position-left\"><div class=\"guten-icon-box-wrapper hover-from-left\"><div class=\"icon-box icon-box-header\"><div class=\"icon style-color\"><i class=\"gtn gtn-mail-light\"><\/i><\/div><\/div><div class=\"icon-box icon-box-body\"><span class=\"title\"><p style=\"margin-right: 0px; margin-left: 0px; transition: 0.4s; color: var( --e-global-color-03dcd93 ); font-size: 16px;\"><\/p>Reservation@sovy.com<br>Books@sovy.com<\/span><\/div><\/div><\/div>\n<!-- \/wp:gutenverse\/icon-box --><\/div><\/div>\n<!-- \/wp:gutenverse\/column -->\n\n<!-- wp:gutenverse\/column {\"width\":{\"Desktop\":50,\"Tablet\":null},\"elementId\":\"guten-uQQ9pc\",\"margin\":{\"Tablet\":[]},\"padding\":{\"Tablet\":[]}} -->\n<div class=\"wp-block-gutenverse-column guten-element guten-column guten-uQQ9pc\"><div class=\"guten-column-wrapper\" data-id=\"uQQ9pc\"><!-- wp:gutenverse\/icon-box {\"elementId\":\"guten-RMI2cV\",\"separateButtonLink\":false,\"title\":\"\\u003cp style=\\u0022margin-right: 0px; margin-left: 0px; transition: 0.4s; color: var( \\u002d\\u002de-global-color-03dcd93 ); font-size: 16px;\\u0022\\u003e\\u003c\/p\\u003eOpen 04:00 pm WITA\\u003cbr\\u003eClosed 01:00 am WITA\",\"titleTag\":\"span\",\"description\":\"\",\"icon\":\"gtn gtn-clock2-light\",\"iconPosition\":\"left\",\"align\":{\"Desktop\":\"flex-start\"},\"containerPadding\":{\"Desktop\":{\"unit\":\"px\",\"dimension\":{\"top\":\"0\",\"right\":\"0\",\"bottom\":\"0\",\"left\":\"0\"}},\"Tablet\":[]},\"containerBorder\":{\"radius\":{\"Desktop\":[]},\"all\":{\"type\":\"none\"}},\"containerBorderResponsive\":{\"Tablet\":{\"radius\":[]}},\"iconPadding\":{\"Desktop\":{\"unit\":\"px\",\"dimension\":{\"top\":\"0\",\"right\":\"5\",\"bottom\":\"0\",\"left\":\"0\"}}},\"iconMargin\":{\"Desktop\":{\"unit\":\"px\",\"dimension\":{\"top\":\"0\",\"right\":\"0\",\"bottom\":\"0\",\"left\":\"0\"}}},\"iconColor\":{\"type\":\"variable\",\"id\":\"theme-2\"},\"iconBorder\":{\"radius\":{\"Desktop\":[]}},\"titlePadding\":{\"Desktop\":{\"unit\":\"px\",\"dimension\":{\"top\":\"0\",\"right\":\"0\",\"bottom\":\"0\",\"left\":\"0\"}}},\"titleMargin\":{\"Desktop\":{\"unit\":\"px\",\"dimension\":{\"top\":\"0\",\"right\":\"0\",\"bottom\":\"0\",\"left\":\"0\"}}},\"titleColor\":{\"type\":\"variable\",\"id\":\"theme-3\"},\"titleHoverColor\":{\"type\":\"variable\",\"id\":\"theme-3\"},\"titleTypography\":{\"type\":\"variable\",\"id\":\"9lek3I\",\"font\":{\"label\":\"Inter\",\"value\":\"Inter\",\"type\":\"google\"},\"size\":{\"Desktop\":{\"point\":\"16\",\"unit\":\"px\"}},\"weight\":\"300\",\"lineHeight\":{\"Desktop\":{\"unit\":\"em\",\"point\":\"1.5\"}}},\"descMargin\":{\"Desktop\":{\"unit\":\"px\",\"dimension\":{\"top\":\"0\",\"right\":\"0\",\"bottom\":\"0\",\"left\":\"0\"}}},\"badgePadding\":{\"Desktop\":[]},\"badgeMargin\":{\"Desktop\":[]},\"badgeRadius\":{\"Desktop\":[]},\"margin\":{\"Desktop\":{\"unit\":\"px\",\"dimension\":{\"top\":\"0\",\"right\":\"0\",\"bottom\":\"0\",\"left\":\"30\"}},\"Tablet\":{\"unit\":\"px\",\"dimension\":{\"top\":\"\",\"right\":\"\",\"bottom\":\"\",\"left\":\"\"}},\"Mobile\":{\"unit\":\"px\",\"dimension\":{\"top\":\"0\",\"right\":\"0\",\"bottom\":\"0\",\"left\":\"0\"}}},\"padding\":{\"Desktop\":{\"unit\":\"px\",\"dimension\":{\"top\":\"0\",\"right\":\"0\",\"bottom\":\"0\",\"left\":\"0\"}},\"Tablet\":{\"unit\":\"px\",\"dimension\":{\"top\":\"0\",\"right\":\"0\",\"bottom\":\"0\",\"left\":\"0\"}},\"Mobile\":[]},\"positioningType\":{\"Desktop\":\"inline\",\"Tablet\":\"default\",\"Mobile\":\"full\"},\"positioningWidth\":{\"Tablet\":{\"unit\":\"%\",\"point\":\"45\"}},\"parentSelector\":\".guten-RMI2cV:hover .guten-icon-box-wrapper\"} -->\n<div class=\"guten-element guten-RMI2cV guten-icon-box icon-position-left\"><div class=\"guten-icon-box-wrapper hover-from-left\"><div class=\"icon-box icon-box-header\"><div class=\"icon style-color\"><i class=\"gtn gtn-clock2-light\"><\/i><\/div><\/div><div class=\"icon-box icon-box-body\"><span class=\"title\"><p style=\"margin-right: 0px; margin-left: 0px; transition: 0.4s; color: var( --e-global-color-03dcd93 ); font-size: 16px;\"><\/p>Open 04:00 pm WITA<br>Closed 01:00 am WITA<\/span><\/div><\/div><\/div>\n<!-- \/wp:gutenverse\/icon-box --><\/div><\/div>\n<!-- \/wp:gutenverse\/column --><\/div><\/section><\/div>\n<!-- \/wp:gutenverse\/section -->\n\n<!-- wp:gutenverse\/divider {\"elementId\":\"guten-HCSG48\",\"width\":{\"Desktop\":\"100\"},\"dividerColor\":{\"r\":209,\"g\":200,\"b\":187,\"a\":0.16},\"size\":{\"Desktop\":\"1\"},\"gap\":{\"Desktop\":\"15\"},\"margin\":{\"Desktop\":{\"unit\":\"px\",\"dimension\":{\"top\":\"0\",\"right\":\"0\",\"bottom\":\"20\",\"left\":\"0\"}},\"Mobile\":{\"unit\":\"px\",\"dimension\":{\"top\":\"0\",\"right\":\"0\",\"bottom\":\"15\",\"left\":\"0\"}}},\"padding\":{\"Desktop\":[],\"Mobile\":{\"unit\":\"px\",\"dimension\":{\"top\":\"0\",\"right\":\"0\",\"bottom\":\"0\",\"left\":\"0\"}}}} -->\n<div class=\"wp-block-gutenverse-divider guten-element guten-divider guten-HCSG48\"><div class=\"guten-divider-wrapper\"><div class=\"guten-divider-default guten-divider-line guten-divider-regular\"><\/div><\/div><\/div>\n<!-- \/wp:gutenverse\/divider -->\n\n<!-- wp:gutenverse\/heading {\"elementId\":\"guten-7br14E\",\"type\":6,\"textAlign\":{\"Mobile\":\"center\"},\"color\":{\"type\":\"variable\",\"id\":\"theme-0\"},\"typography\":{\"type\":\"variable\",\"id\":\"I2NNb8\",\"font\":{\"label\":\"Inter\",\"value\":\"Inter\",\"type\":\"google\"},\"size\":{\"Desktop\":{\"point\":\"14\",\"unit\":\"px\"}},\"lineHeight\":{\"Desktop\":{\"unit\":\"em\",\"point\":\"2.5\"}},\"weight\":\"300\",\"spacing\":{\"Desktop\":\"2\"}},\"margin\":{\"Desktop\":{\"unit\":\"px\",\"dimension\":{\"top\":\"0\",\"right\":\"0\",\"bottom\":\"25\",\"left\":\"0\"}},\"Mobile\":{\"unit\":\"px\",\"dimension\":{\"top\":\"0\",\"right\":\"0\",\"bottom\":\"20\",\"left\":\"0\"}}},\"padding\":{\"Desktop\":[],\"Mobile\":{\"unit\":\"px\",\"dimension\":{\"top\":\"0\",\"right\":\"0\",\"bottom\":\"0\",\"left\":\"0\"}}}} -->\n<h6 class=\"wp-block-gutenverse-heading guten-element guten-7br14E\">FOLLOW US<\/h6>\n<!-- \/wp:gutenverse\/heading -->\n\n<!-- wp:gutenverse\/social-icons {\"elementId\":\"guten-fkhc7f\",\"iconSize\":{\"Desktop\":{\"point\":\"21\",\"unit\":\"px\"}},\"gap\":{\"Desktop\":\"34\",\"Mobile\":\"27\"},\"alignment\":{\"Desktop\":\"flex-start\",\"Mobile\":\"center\"},\"shape\":\"square\",\"iconColor\":{\"type\":\"variable\",\"id\":\"theme-2\"},\"bgColor\":{\"r\":0,\"g\":0,\"b\":0,\"a\":0},\"itemPadding\":{\"Desktop\":{\"unit\":\"px\",\"dimension\":{\"top\":\"0\",\"right\":\"0\",\"bottom\":\"0\",\"left\":\"0\"}},\"Mobile\":[]},\"hoverIconColor\":{\"type\":\"variable\",\"id\":\"theme-0\"},\"margin\":{\"Desktop\":{\"unit\":\"px\",\"dimension\":{\"top\":\"0\",\"right\":\"0\",\"bottom\":\"0\",\"left\":\"0\"}},\"Mobile\":{\"unit\":\"px\",\"dimension\":{\"top\":\"2\",\"right\":\"2\",\"bottom\":\"2\",\"left\":\"2\"}}},\"padding\":{\"Desktop\":{\"unit\":\"px\",\"dimension\":{\"top\":\"0\",\"right\":\"0\",\"bottom\":\"0\",\"left\":\"0\"}},\"Mobile\":{\"unit\":\"px\",\"dimension\":{\"top\":\"0\",\"right\":\"0\",\"bottom\":\"0\",\"left\":\"0\"}}}} -->\n<div class=\"guten-element guten-social-icons guten-fkhc7f square horizontal fill\"><!-- wp:gutenverse\/social-icon {\"elementId\":\"guten-LMbp7H\"} -->\n<div class=\"guten-element guten-social-icon guten-LMbp7H facebook\"><a id=\"guten-LMbp7H\" href=\"#\"><i class=\"fab fa-facebook-f\"><\/i><\/a><\/div>\n<!-- \/wp:gutenverse\/social-icon -->\n\n<!-- wp:gutenverse\/social-icon {\"elementId\":\"guten-Kii897\"} -->\n<div class=\"guten-element guten-social-icon guten-Kii897 instagram\"><a id=\"guten-Kii897\" href=\"#\"><i class=\"fab fa-instagram\"><\/i><\/a><\/div>\n<!-- \/wp:gutenverse\/social-icon -->\n\n<!-- wp:gutenverse\/social-icon {\"elementId\":\"guten-IbFjml\"} -->\n<div class=\"guten-element guten-social-icon guten-IbFjml twitter\"><a id=\"guten-IbFjml\" href=\"#\"><i class=\"fab fa-x-twitter\"><\/i><\/a><\/div>\n<!-- \/wp:gutenverse\/social-icon -->\n\n<!-- wp:gutenverse\/social-icon {\"elementId\":\"guten-60Bszu\"} -->\n<div class=\"guten-element guten-social-icon guten-60Bszu tripadvisor\"><a id=\"guten-60Bszu\" href=\"#\"><i class=\"gtn gtn-tripadvisor\"><\/i><\/a><\/div>\n<!-- \/wp:gutenverse\/social-icon --><\/div>\n<!-- \/wp:gutenverse\/social-icons --><\/div><\/div>\n<!-- \/wp:gutenverse\/column -->\n\n<!-- wp:gutenverse\/column {\"width\":{\"Desktop\":50,\"Tablet\":100},\"elementId\":\"guten-306HLs\",\"margin\":{\"Desktop\":[],\"Tablet\":[],\"Mobile\":[]},\"padding\":{\"Desktop\":{\"unit\":\"px\",\"dimension\":{\"top\":\"0\",\"right\":\"0\",\"bottom\":\"20\",\"left\":\"0\"}},\"Tablet\":{\"unit\":\"px\",\"dimension\":{\"top\":\"35\",\"right\":\"0\",\"bottom\":\"35\",\"left\":\"0\"}},\"Mobile\":[]}} -->\n<div class=\"wp-block-gutenverse-column guten-element guten-column guten-306HLs\"><div class=\"guten-column-wrapper\" data-id=\"306HLs\"><!-- wp:gutenverse\/form-builder {\"elementId\":\"guten-6GjuF1\",\"formId\":{\"label\":\"Form Contact Sovy\",\"value\":1343}} -->\n<form style=\"display:none\" class=\"guten-element guten-form-builder guten-6GjuF1\" data-form-id=\"1343\"><!-- wp:gutenverse\/heading {\"elementId\":\"guten-jhOV7T\",\"type\":3,\"color\":{\"type\":\"variable\",\"id\":\"theme-0\"},\"typography\":{\"type\":\"variable\",\"id\":\"E279sk\",\"font\":{\"label\":\"Raleway\",\"value\":\"Raleway\",\"type\":\"google\"},\"size\":{\"Desktop\":{\"point\":\"45\",\"unit\":\"px\"}},\"weight\":\"800\",\"lineHeight\":{\"Desktop\":{\"unit\":\"em\",\"point\":\"1.4\"}}},\"margin\":{\"Desktop\":{\"unit\":\"px\",\"dimension\":{\"top\":\"0\",\"right\":\"0\",\"bottom\":\"0\",\"left\":\"0\"}}},\"padding\":{\"Desktop\":[]}} -->\n<h3 class=\"wp-block-gutenverse-heading guten-element guten-jhOV7T\">Your Details<\/h3>\n<!-- \/wp:gutenverse\/heading -->\n\n<!-- wp:gutenverse\/heading {\"elementId\":\"guten-FUxh99\",\"color\":{\"type\":\"variable\",\"id\":\"theme-3\"},\"typography\":{\"type\":\"variable\",\"id\":\"9lek3I\",\"font\":{\"label\":\"Inter\",\"value\":\"Inter\",\"type\":\"google\"},\"size\":{\"Desktop\":{\"point\":\"16\",\"unit\":\"px\"}},\"weight\":\"300\",\"lineHeight\":{\"Desktop\":{\"unit\":\"em\",\"point\":\"1.5\"}}},\"margin\":{\"Desktop\":{\"unit\":\"px\",\"dimension\":{\"top\":\"5\",\"right\":\"0\",\"bottom\":\"55\",\"left\":\"0\"}}},\"padding\":{\"Desktop\":[]}} -->\n<h2 class=\"wp-block-gutenverse-heading guten-element guten-FUxh99\">Let us know how to get back to you.<br><\/h2>\n<!-- \/wp:gutenverse\/heading -->\n\n<!-- wp:gutenverse\/section {\"width\":{\"Desktop\":\"\"},\"isChild\":true,\"gap\":\"no\",\"elementId\":\"guten-yRYkrB\",\"margin\":{\"Desktop\":{\"unit\":\"px\",\"dimension\":{\"top\":\"0\",\"right\":\"0\",\"bottom\":\"35\",\"left\":\"0\"}}},\"padding\":{\"Desktop\":[]}} -->\n<div class=\"section-wrapper\" data-id=\"yRYkrB\"><section class=\"wp-block-gutenverse-section guten-element guten-section guten-yRYkrB layout-boxed align-stretch\"><div class=\"guten-container guten-column-gap-no\"><!-- wp:gutenverse\/column {\"width\":{\"Desktop\":50,\"Mobile\":null},\"elementId\":\"guten-4zJfFS\",\"margin\":{\"Desktop\":{\"unit\":\"px\",\"dimension\":{\"top\":\"\",\"right\":\"\",\"bottom\":\"\",\"left\":\"\"}},\"Mobile\":[]},\"padding\":{\"Desktop\":{\"unit\":\"px\",\"dimension\":{\"top\":\"0\",\"right\":\"15\",\"bottom\":\"0\",\"left\":\"0\"}},\"Mobile\":{\"unit\":\"px\",\"dimension\":{\"top\":\"0\",\"right\":\"0\",\"bottom\":\"20\",\"left\":\"0\"}}}} -->\n<div class=\"wp-block-gutenverse-column guten-element guten-column guten-4zJfFS\"><div class=\"guten-column-wrapper\" data-id=\"4zJfFS\"><!-- wp:gutenverse\/form-input-text {\"elementId\":\"guten-R566K7\",\"inputLabel\":\"Name \",\"inputPlaceholder\":\"John\",\"showHelper\":false,\"labelWidth\":{\"Desktop\":\"\"},\"labelColor\":{\"Desktop\":{\"type\":\"variable\",\"id\":\"theme-0\"}},\"labelTypography\":{\"type\":\"variable\",\"id\":\"QiqSBU\",\"font\":{\"label\":\"Inter\",\"value\":\"Inter\",\"type\":\"google\"},\"size\":{\"Desktop\":{\"point\":\"14\",\"unit\":\"px\"}},\"lineHeight\":{\"Desktop\":{\"unit\":\"em\",\"point\":\"1.6\"}},\"weight\":\"400\",\"transform\":\"uppercase\",\"spacing\":{\"Desktop\":\"0.25\"}},\"labelPadding\":{\"Desktop\":{\"unit\":\"px\",\"dimension\":{\"top\":\"\",\"right\":\"\",\"bottom\":\"\",\"left\":\"\"}}},\"labelMargin\":{\"Desktop\":{\"unit\":\"px\",\"dimension\":{\"top\":\"0\",\"right\":\"0\",\"bottom\":\"8\",\"left\":\"0\"}}},\"helperPadding\":{\"Desktop\":[]},\"positioningType\":{\"Desktop\":\"default\"},\"positioningWidth\":{\"Desktop\":{\"unit\":\"%\",\"point\":\"47.2\"}},\"margin\":{\"Desktop\":{\"unit\":\"px\",\"dimension\":{\"top\":\"\",\"right\":\"\",\"bottom\":\"\",\"left\":\"\"}}},\"padding\":{\"Desktop\":{\"unit\":\"px\",\"dimension\":{\"top\":\"0\",\"right\":\"0\",\"bottom\":\"0\",\"left\":\"0\"}}},\"required\":true,\"inputPadding\":{\"Desktop\":{\"unit\":\"px\",\"dimension\":{\"top\":\"15\",\"right\":\"15\",\"bottom\":\"15\",\"left\":\"15\"}}},\"inputMargin\":{\"Desktop\":[]},\"placeholderColor\":{\"Desktop\":{\"r\":138,\"g\":138,\"b\":136,\"a\":1}},\"inputTypography\":{\"type\":\"variable\",\"id\":\"MrcivH\",\"size\":{\"Desktop\":{\"point\":\"16\",\"unit\":\"px\"}},\"font\":{\"label\":\"Inter\",\"value\":\"Inter\",\"type\":\"google\"},\"lineHeight\":{\"Desktop\":{\"unit\":\"em\",\"point\":\"1.2\"}},\"weight\":\"200\"},\"inputColorNormal\":{\"Desktop\":{\"type\":\"variable\",\"id\":\"theme-3\"}},\"inputBorderNormal\":{\"radius\":{\"Desktop\":{\"unit\":\"px\",\"dimension\":{\"top\":\"0\",\"right\":\"0\",\"bottom\":\"0\",\"left\":\"0\"}}},\"all\":{\"type\":\"solid\",\"width\":1,\"color\":{\"r\":0,\"g\":0,\"b\":0,\"a\":0}}},\"inputBorderHover\":{\"radius\":{\"Desktop\":[]},\"all\":{\"width\":1,\"type\":\"solid\",\"color\":{\"type\":\"variable\",\"id\":\"theme-2\"}}},\"inputColorFocus\":{\"Desktop\":{\"type\":\"variable\",\"id\":\"theme-3\"}},\"inputBorderFocus\":{\"radius\":{\"Desktop\":[]},\"all\":{\"type\":\"solid\",\"width\":1,\"color\":{\"type\":\"variable\",\"id\":\"theme-2\"}}},\"inputBgColorNormal\":{\"Desktop\":{\"r\":26,\"g\":28,\"b\":29,\"a\":1}},\"inputBgColorHover\":{\"Desktop\":{\"r\":26,\"g\":28,\"b\":29,\"a\":1}},\"labelRequireColor\":{\"Desktop\":{\"type\":\"variable\",\"id\":\"theme-2\"}}} -->\n<div class=\"guten-element guten-form-input-text guten-form-input guten-input-position-top guten-R566K7 hide-helper\"><div class=\"label-wrapper\"><label class=\"input-label\">Name <\/label><span class=\"required-badge\">*<\/span><\/div><div class=\"main-wrapper\"><input data-validation=\"{&quot;type&quot;:&quot;text&quot;,&quot;required&quot;:true,&quot;validationType&quot;:&quot;none&quot;,&quot;validationWarning&quot;:&quot;Input Invalid&quot;}\" placeholder=\"John\" name=\"input-text-name\" class=\"gutenverse-input gutenverse-input-text\" type=\"text\"\/><div class=\"validation-error\">Input Invalid<\/div><\/div><\/div>\n<!-- \/wp:gutenverse\/form-input-text --><\/div><\/div>\n<!-- \/wp:gutenverse\/column -->\n\n<!-- wp:gutenverse\/column {\"width\":{\"Desktop\":50,\"Mobile\":null},\"elementId\":\"guten-ogfskn\",\"margin\":{\"Desktop\":[],\"Mobile\":{\"unit\":\"px\",\"dimension\":{\"top\":\"0\",\"right\":\"0\",\"bottom\":\"0\",\"left\":\"0\"}}},\"padding\":{\"Desktop\":{\"unit\":\"px\",\"dimension\":{\"top\":\"0\",\"right\":\"0\",\"bottom\":\"0\",\"left\":\"15\"}},\"Mobile\":{\"unit\":\"px\",\"dimension\":{\"top\":\"0\",\"right\":\"0\",\"bottom\":\"0\",\"left\":\"0\"}}}} -->\n<div class=\"wp-block-gutenverse-column guten-element guten-column guten-ogfskn\"><div class=\"guten-column-wrapper\" data-id=\"ogfskn\"><!-- wp:gutenverse\/form-input-email {\"elementId\":\"guten-m380RG\",\"showHelper\":false,\"labelColor\":{\"Desktop\":{\"type\":\"variable\",\"id\":\"theme-0\"}},\"labelTypography\":{\"type\":\"variable\",\"id\":\"QiqSBU\",\"font\":{\"label\":\"Inter\",\"value\":\"Inter\",\"type\":\"google\"},\"size\":{\"Desktop\":{\"point\":\"14\",\"unit\":\"px\"}},\"lineHeight\":{\"Desktop\":{\"unit\":\"em\",\"point\":\"1.6\"}},\"weight\":\"400\",\"transform\":\"uppercase\",\"spacing\":{\"Desktop\":\"0.25\"}},\"labelPadding\":{\"Desktop\":[]},\"labelMargin\":{\"Desktop\":{\"unit\":\"px\",\"dimension\":{\"top\":\"0\",\"right\":\"0\",\"bottom\":\"8\",\"left\":\"0\"}}},\"helperPadding\":{\"Desktop\":{\"unit\":\"px\",\"dimension\":{\"top\":\"\",\"right\":\"\",\"bottom\":\"\",\"left\":\"\"}}},\"positioningType\":{\"Desktop\":\"default\"},\"positioningWidth\":{\"Desktop\":{\"unit\":\"%\",\"point\":\"47.2\"}},\"margin\":{\"Desktop\":{\"unit\":\"px\",\"dimension\":{\"top\":\"\",\"right\":\"\",\"bottom\":\"\",\"left\":\"\"}}},\"padding\":{\"Desktop\":{\"unit\":\"px\",\"dimension\":{\"top\":\"0\",\"right\":\"0\",\"bottom\":\"0\",\"left\":\"0\"}}},\"inputLabel\":\"Email Address \",\"inputPlaceholder\":\"email@gmail.com\",\"required\":true,\"inputPadding\":{\"Desktop\":{\"unit\":\"px\",\"dimension\":{\"top\":\"15\",\"right\":\"15\",\"bottom\":\"15\",\"left\":\"15\"}}},\"inputMargin\":{\"Desktop\":[]},\"placeholderColor\":{\"Desktop\":{\"r\":138,\"g\":138,\"b\":136,\"a\":1}},\"inputTypography\":{\"type\":\"variable\",\"id\":\"MrcivH\",\"size\":{\"Desktop\":{\"point\":\"16\",\"unit\":\"px\"}},\"font\":{\"label\":\"Inter\",\"value\":\"Inter\",\"type\":\"google\"},\"lineHeight\":{\"Desktop\":{\"unit\":\"em\",\"point\":\"1.2\"}},\"weight\":\"200\"},\"inputColorNormal\":{\"Desktop\":{\"type\":\"variable\",\"id\":\"theme-3\"}},\"inputBorderNormal\":{\"radius\":{\"Desktop\":{\"unit\":\"px\",\"dimension\":{\"top\":\"0\",\"right\":\"0\",\"bottom\":\"0\",\"left\":\"0\"}}},\"all\":{\"type\":\"solid\",\"width\":1,\"color\":{\"r\":0,\"g\":0,\"b\":0,\"a\":0}}},\"inputColorHover\":{\"Desktop\":[]},\"inputBorderHover\":{\"radius\":{\"Desktop\":[]},\"all\":{\"type\":\"solid\",\"width\":1,\"color\":{\"type\":\"variable\",\"id\":\"theme-2\"}}},\"inputColorFocus\":{\"Desktop\":{\"type\":\"variable\",\"id\":\"theme-3\"}},\"inputBorderFocus\":{\"radius\":{\"Desktop\":[]},\"all\":{\"type\":\"solid\",\"width\":1,\"color\":{\"type\":\"variable\",\"id\":\"theme-2\"}}},\"inputBgColorNormal\":{\"Desktop\":{\"r\":26,\"g\":28,\"b\":29,\"a\":1}},\"labelRequireColor\":{\"Desktop\":{\"type\":\"variable\",\"id\":\"theme-2\"}}} -->\n<div class=\"guten-element guten-form-input-email guten-form-input guten-input-position-top guten-m380RG hide-helper\"><div class=\"label-wrapper\"><label class=\"input-label\">Email Address <\/label><span class=\"required-badge\">*<\/span><\/div><div class=\"main-wrapper\"><input data-validation=\"{&quot;type&quot;:&quot;email&quot;,&quot;required&quot;:true,&quot;validationType&quot;:&quot;none&quot;,&quot;validationWarning&quot;:&quot;Input Invalid&quot;}\" placeholder=\"email@gmail.com\" name=\"input-email\" class=\"gutenverse-input gutenverse-input-email\" type=\"email\"\/><div class=\"validation-error\">Input Invalid<\/div><\/div><\/div>\n<!-- \/wp:gutenverse\/form-input-email --><\/div><\/div>\n<!-- \/wp:gutenverse\/column --><\/div><\/section><\/div>\n<!-- \/wp:gutenverse\/section -->\n\n<!-- wp:gutenverse\/form-input-text {\"elementId\":\"guten-vpXkdt\",\"inputLabel\":\"Subject \",\"inputPlaceholder\":\"Subject\",\"showHelper\":false,\"labelWidth\":{\"Desktop\":\"\"},\"labelColor\":{\"Desktop\":{\"type\":\"variable\",\"id\":\"theme-0\"}},\"labelTypography\":{\"type\":\"variable\",\"id\":\"QiqSBU\",\"font\":{\"label\":\"Inter\",\"value\":\"Inter\",\"type\":\"google\"},\"size\":{\"Desktop\":{\"point\":\"14\",\"unit\":\"px\"}},\"lineHeight\":{\"Desktop\":{\"unit\":\"em\",\"point\":\"1.6\"}},\"weight\":\"400\",\"transform\":\"uppercase\",\"spacing\":{\"Desktop\":\"0.25\"}},\"labelPadding\":{\"Desktop\":{\"unit\":\"px\",\"dimension\":{\"top\":\"\",\"right\":\"\",\"bottom\":\"\",\"left\":\"\"}}},\"labelMargin\":{\"Desktop\":{\"unit\":\"px\",\"dimension\":{\"top\":\"0\",\"right\":\"0\",\"bottom\":\"8\",\"left\":\"0\"}}},\"helperPadding\":{\"Desktop\":[]},\"positioningType\":{\"Desktop\":\"default\"},\"positioningWidth\":{\"Desktop\":{\"unit\":\"%\",\"point\":\"45\"}},\"margin\":{\"Desktop\":{\"unit\":\"px\",\"dimension\":{\"top\":\"0\",\"right\":\"0\",\"bottom\":\"35\",\"left\":\"0\"}}},\"padding\":{\"Desktop\":{\"unit\":\"px\",\"dimension\":{\"top\":\"0\",\"right\":\"0\",\"bottom\":\"0\",\"left\":\"0\"}}},\"required\":true,\"inputPadding\":{\"Desktop\":{\"unit\":\"px\",\"dimension\":{\"top\":\"15\",\"right\":\"15\",\"bottom\":\"15\",\"left\":\"15\"}}},\"inputMargin\":{\"Desktop\":[]},\"placeholderColor\":{\"Desktop\":{\"r\":138,\"g\":138,\"b\":136,\"a\":1}},\"inputTypography\":{\"type\":\"variable\",\"id\":\"MrcivH\",\"size\":{\"Desktop\":{\"point\":\"16\",\"unit\":\"px\"}},\"font\":{\"label\":\"Inter\",\"value\":\"Inter\",\"type\":\"google\"},\"lineHeight\":{\"Desktop\":{\"unit\":\"em\",\"point\":\"1.2\"}},\"weight\":\"200\"},\"inputColorNormal\":{\"Desktop\":{\"type\":\"variable\",\"id\":\"theme-3\"}},\"inputBorderNormal\":{\"radius\":{\"Desktop\":{\"unit\":\"px\",\"dimension\":{\"top\":\"0\",\"right\":\"0\",\"bottom\":\"0\",\"left\":\"0\"}}},\"all\":{\"type\":\"solid\",\"width\":1,\"color\":{\"r\":0,\"g\":0,\"b\":0,\"a\":0}}},\"inputBorderHover\":{\"radius\":{\"Desktop\":[]},\"all\":{\"width\":1,\"type\":\"solid\",\"color\":{\"type\":\"variable\",\"id\":\"theme-2\"}}},\"inputColorFocus\":{\"Desktop\":{\"type\":\"variable\",\"id\":\"theme-3\"}},\"inputBorderFocus\":{\"radius\":{\"Desktop\":[]},\"all\":{\"type\":\"solid\",\"width\":1,\"color\":{\"type\":\"variable\",\"id\":\"theme-2\"}}},\"inputBgColorNormal\":{\"Desktop\":{\"r\":26,\"g\":28,\"b\":29,\"a\":1}},\"inputBgColorHover\":{\"Desktop\":{\"r\":26,\"g\":28,\"b\":29,\"a\":1}},\"labelRequireColor\":{\"Desktop\":{\"type\":\"variable\",\"id\":\"theme-2\"}}} -->\n<div class=\"guten-element guten-form-input-text guten-form-input guten-input-position-top guten-vpXkdt hide-helper\"><div class=\"label-wrapper\"><label class=\"input-label\">Subject <\/label><span class=\"required-badge\">*<\/span><\/div><div class=\"main-wrapper\"><input data-validation=\"{&quot;type&quot;:&quot;text&quot;,&quot;required&quot;:true,&quot;validationType&quot;:&quot;none&quot;,&quot;validationWarning&quot;:&quot;Input Invalid&quot;}\" placeholder=\"Subject\" name=\"input-text-name\" class=\"gutenverse-input gutenverse-input-text\" type=\"text\"\/><div class=\"validation-error\">Input Invalid<\/div><\/div><\/div>\n<!-- \/wp:gutenverse\/form-input-text -->\n\n<!-- wp:gutenverse\/form-input-textarea {\"elementId\":\"guten-1PkJW2\",\"showHelper\":false,\"labelColor\":{\"Desktop\":{\"type\":\"variable\",\"id\":\"theme-0\"}},\"labelTypography\":{\"type\":\"variable\",\"id\":\"QiqSBU\",\"font\":{\"label\":\"Inter\",\"value\":\"Inter\",\"type\":\"google\"},\"size\":{\"Desktop\":{\"point\":\"14\",\"unit\":\"px\"}},\"lineHeight\":{\"Desktop\":{\"unit\":\"em\",\"point\":\"1.6\"}},\"weight\":\"400\",\"transform\":\"uppercase\",\"spacing\":{\"Desktop\":\"0.25\"}},\"labelPadding\":{\"Desktop\":{\"unit\":\"px\",\"dimension\":{\"top\":\"\",\"right\":\"\",\"bottom\":\"\",\"left\":\"\"}}},\"labelMargin\":{\"Desktop\":{\"unit\":\"px\",\"dimension\":{\"top\":\"0\",\"right\":\"0\",\"bottom\":\"8\",\"left\":\"0\"}}},\"helperPadding\":{\"Desktop\":[]},\"margin\":{\"Desktop\":{\"unit\":\"px\",\"dimension\":{\"top\":\"0\",\"right\":\"0\",\"bottom\":\"50\",\"left\":\"0\"}}},\"padding\":{\"Desktop\":{\"unit\":\"px\",\"dimension\":{\"top\":\"0\",\"right\":\"0\",\"bottom\":\"0\",\"left\":\"0\"}}},\"inputHeight\":{\"Desktop\":\"140\"},\"inputLabel\":\"Comments \/ Questions \",\"inputPlaceholder\":\"Question\",\"required\":true,\"inputPadding\":{\"Desktop\":{\"unit\":\"px\",\"dimension\":{\"top\":\"15\",\"right\":\"15\",\"bottom\":\"15\",\"left\":\"15\"}}},\"inputMargin\":{\"Desktop\":[]},\"placeholderColor\":{\"Desktop\":{\"r\":138,\"g\":138,\"b\":136,\"a\":1}},\"inputTypography\":{\"type\":\"variable\",\"id\":\"MrcivH\",\"size\":{\"Desktop\":{\"point\":\"16\",\"unit\":\"px\"}},\"font\":{\"label\":\"Inter\",\"value\":\"Inter\",\"type\":\"google\"},\"lineHeight\":{\"Desktop\":{\"unit\":\"em\",\"point\":\"1.2\"}},\"weight\":\"200\"},\"inputColorNormal\":{\"Desktop\":{\"type\":\"variable\",\"id\":\"theme-3\"}},\"inputBorderNormal\":{\"radius\":{\"Desktop\":{\"unit\":\"px\",\"dimension\":{\"top\":\"0\",\"right\":\"0\",\"bottom\":\"0\",\"left\":\"0\"}}},\"all\":{\"type\":\"solid\",\"width\":1,\"color\":{\"r\":0,\"g\":0,\"b\":0,\"a\":0}}},\"inputBorderHover\":{\"radius\":{\"Desktop\":{\"unit\":\"px\",\"dimension\":{\"top\":\"0\",\"right\":\"0\",\"bottom\":\"0\",\"left\":\"0\"}}},\"all\":{\"type\":\"solid\",\"width\":1,\"color\":{\"type\":\"variable\",\"id\":\"theme-2\"}}},\"inputColorFocus\":{\"Desktop\":{\"type\":\"variable\",\"id\":\"theme-3\"}},\"inputBorderFocus\":{\"radius\":{\"Desktop\":{\"unit\":\"px\",\"dimension\":{\"top\":\"\",\"right\":\"\",\"bottom\":\"\",\"left\":\"\"}}},\"all\":{\"type\":\"solid\",\"width\":1,\"color\":{\"type\":\"variable\",\"id\":\"theme-2\"}}},\"inputBgColorNormal\":{\"Desktop\":{\"r\":26,\"g\":28,\"b\":29,\"a\":1}},\"labelRequireColor\":{\"Desktop\":{\"type\":\"variable\",\"id\":\"theme-2\"}}} -->\n<div class=\"guten-element guten-form-input-textarea guten-form-input guten-input-position-top guten-1PkJW2 hide-helper\"><div class=\"label-wrapper\"><label class=\"input-label\">Comments \/ Questions <\/label><span class=\"required-badge\">*<\/span><\/div><div class=\"main-wrapper\"><textarea data-validation=\"{&quot;type&quot;:&quot;textarea&quot;,&quot;required&quot;:true,&quot;validationType&quot;:&quot;none&quot;,&quot;validationWarning&quot;:&quot;Input Invalid&quot;}\" placeholder=\"Question\" name=\"input-textarea\" class=\"gutenverse-input gutenverse-input-text\"><\/textarea><div class=\"validation-error\">Input Invalid<\/div><\/div><\/div>\n<!-- \/wp:gutenverse\/form-input-textarea -->\n\n<!-- wp:gutenverse\/button {\"elementId\":\"guten-3cSXBd\",\"content\":\"Contact Us\",\"alignButton\":{\"Desktop\":\"left\"},\"paddingButton\":{\"Desktop\":{\"unit\":\"px\",\"dimension\":{\"top\":\"16\",\"right\":\"28\",\"bottom\":\"16\",\"left\":\"28\"}}},\"buttonBackground\":{\"type\":\"default\",\"color\":{\"type\":\"variable\",\"id\":\"theme-2\"}},\"buttonBackgroundHover\":{\"type\":\"default\",\"color\":{\"r\":0,\"g\":0,\"b\":0,\"a\":0}},\"buttonBorder\":{\"radius\":{\"Desktop\":{\"unit\":\"px\",\"dimension\":{\"top\":\"0\",\"right\":\"0\",\"bottom\":\"0\",\"left\":\"0\"}}},\"all\":{\"width\":2,\"type\":\"solid\",\"color\":{\"r\":0,\"g\":0,\"b\":0,\"a\":0}}},\"buttonBorderHover\":{\"radius\":{\"Desktop\":[]},\"all\":{\"type\":\"solid\",\"width\":2,\"color\":{\"type\":\"variable\",\"id\":\"theme-3\"}}},\"color\":{\"type\":\"variable\",\"id\":\"theme-1\"},\"iconColor\":{\"type\":\"variable\",\"id\":\"theme-1\"},\"typography\":{\"type\":\"variable\",\"id\":\"QiqSBU\",\"font\":{\"label\":\"Inter\",\"value\":\"Inter\",\"type\":\"google\"},\"size\":{\"Desktop\":{\"point\":\"14\",\"unit\":\"px\"}},\"lineHeight\":{\"Desktop\":{\"unit\":\"em\",\"point\":\"1.5\"}},\"weight\":\"400\"},\"hoverTextColor\":{\"type\":\"variable\",\"id\":\"theme-3\"}} -->\n<div class=\"guten-element guten-button-wrapper guten-3cSXBd\"><a class=\"guten-button guten-button-sm\" href=\"#\"><span>Contact Us<\/span><\/a><\/div>\n<!-- \/wp:gutenverse\/button --><\/form>\n<!-- \/wp:gutenverse\/form-builder --><\/div><\/div>\n<!-- \/wp:gutenverse\/column --><\/div><\/section><\/div>\n<!-- \/wp:gutenverse\/section -->\n\n<!-- wp:pattern {\"slug\":\"sovy\/sovy-gutenverse-cta\"} \/-->\n\n<!-- wp:pattern {\"slug\":\"sovy\/sovy-gutenverse-footer\"} \/-->",
    "preview_url" : "https://fse.jegtheme.com/sovy/contact-us/",
    "image_url" : "assets/img/ss-cover-sovy-contact-us.webp",
    "is_homepage" : false,
    "core-patterns" : [],
    "pro-patterns" : [],
    "gutenverse-patterns" : ["sovy-gutenverse-header", "sovy-gutenverse-cta", "sovy-gutenverse-footer"],
    "image_arr" : "[{'name':'about-hero.webp','image_url':'https:\/\/designer.gutenverse.com\/sovy\/wp-content\/uploads\/sites\/79\/2024\/10\/about-hero.webp','type':'page','id':14,'image_id':1039}]"
}