{
    "template" : "blank-canvas",
    "pagetitle": "Gallery",
    "content" : "<!-- wp:pattern {\"slug\":\"sovy\/sovy-gutenverse-header\"} \/-->\n\n<!-- wp:gutenverse\/section {\"layout\":\"fullwidth\",\"width\":{\"Desktop\":\"1295\"},\"height\":{\"Desktop\":{\"point\":\"550\",\"unit\":\"px\"},\"Mobile\":{\"point\":\"400\",\"unit\":\"px\"}},\"gap\":\"no\",\"elementId\":\"guten-saySuR\",\"heightControl\":\"min\",\"align\":\"middle\",\"background\":{\"videoPlayOnMobile\":false,\"type\":\"default\",\"image\":{\"Desktop\":{\"id\":1039,\"image\":\"https:\/\/designer.gutenverse.com\/sovy\/wp-content\/uploads\/sites\/79\/2024\/10\/about-hero.webp\"}},\"color\":{\"r\":0,\"g\":0,\"b\":0,\"a\":1},\"position\":{\"Desktop\":\"center center\"},\"repeat\":{\"Desktop\":\"no-repeat\"},\"size\":{\"Desktop\":\"cover\"}},\"backgroundOverlay\":{\"type\":\"default\",\"color\":{\"r\":0,\"g\":0,\"b\":0,\"a\":1}},\"opacity\":\"0.4\",\"margin\":{\"Desktop\":{\"unit\":\"px\",\"dimension\":{\"top\":\"\",\"right\":\"\",\"bottom\":\"\",\"left\":\"\"}},\"Mobile\":[],\"Tablet\":[]},\"padding\":{\"Desktop\":{\"unit\":\"px\",\"dimension\":{\"top\":\"\",\"right\":\"\",\"bottom\":\"\",\"left\":\"\"}},\"Mobile\":{\"unit\":\"px\",\"dimension\":{\"top\":\"0\",\"right\":\"20\",\"bottom\":\"0\",\"left\":\"20\"}},\"Tablet\":[]}} -->\n<div class=\"section-wrapper\" data-id=\"saySuR\"><section class=\"wp-block-gutenverse-section guten-element guten-section guten-saySuR layout-fullwidth align-middle\"><div class=\"guten-background-overlay\"><\/div><div class=\"guten-container guten-column-gap-no\"><!-- wp:gutenverse\/column {\"width\":{\"Desktop\":100},\"elementId\":\"guten-dMs7JO\"} -->\n<div class=\"wp-block-gutenverse-column guten-element guten-column guten-dMs7JO\"><div class=\"guten-column-wrapper\" data-id=\"dMs7JO\"><!-- wp:gutenverse\/heading {\"elementId\":\"guten-76zItA\",\"type\":1,\"textAlign\":{\"Desktop\":\"center\"},\"color\":{\"type\":\"variable\",\"id\":\"theme-0\"},\"typography\":{\"type\":\"variable\",\"id\":\"MnJjef\",\"font\":{\"label\":\"Raleway\",\"value\":\"Raleway\",\"type\":\"google\"},\"size\":{\"Desktop\":{\"point\":\"80\",\"unit\":\"px\"}},\"weight\":\"800\",\"lineHeight\":{\"Desktop\":{\"unit\":\"em\",\"point\":\"1.2\"}}}} -->\n<h1 class=\"wp-block-gutenverse-heading guten-element guten-76zItA\">OUR GALLERY<\/h1>\n<!-- \/wp:gutenverse\/heading --><\/div><\/div>\n<!-- \/wp:gutenverse\/column --><\/div><\/section><\/div>\n<!-- \/wp:gutenverse\/section -->\n\n<!-- wp:gutenverse\/section {\"width\":{\"Desktop\":\"1295\"},\"gap\":\"no\",\"elementId\":\"guten-QTvWjU\",\"margin\":{\"Desktop\":[],\"Tablet\":[],\"Mobile\":[]},\"padding\":{\"Desktop\":{\"unit\":\"px\",\"dimension\":{\"top\":\"100\",\"right\":\"0\",\"bottom\":\"150\",\"left\":\"0\"}},\"Tablet\":{\"unit\":\"px\",\"dimension\":{\"top\":\"100\",\"right\":\"20\",\"bottom\":\"150\",\"left\":\"20\"}},\"Mobile\":{\"unit\":\"px\",\"dimension\":{\"top\":\"80\",\"right\":\"20\",\"bottom\":\"80\",\"left\":\"20\"}}}} -->\n<div class=\"section-wrapper\" data-id=\"QTvWjU\"><section class=\"wp-block-gutenverse-section guten-element guten-section guten-QTvWjU layout-boxed align-stretch\"><div class=\"guten-container guten-column-gap-no\"><!-- wp:gutenverse\/column {\"width\":{\"Desktop\":100},\"elementId\":\"guten-rrqKIG\"} -->\n<div class=\"wp-block-gutenverse-column guten-element guten-column guten-rrqKIG\"><div class=\"guten-column-wrapper\" data-id=\"rrqKIG\"><!-- wp:gutenverse\/gallery {\"elementId\":\"guten-gJvfpS\",\"showed\":12,\"zoomIcon\":\"\",\"linkIcon\":\"\",\"filter\":true,\"filterType\":\"tab\",\"filterList\":[{\"_key\":\"Ph7UgC\",\"name\":\"Food\"},{\"_key\":\"bi3Oqc\",\"name\":\"The Restaurant\"},{\"_key\":\"EtujGy\",\"name\":\"Drink\"}],\"column\":{\"Desktop\":\"3\",\"Mobile\":\"1\"},\"height\":{\"Tablet\":\"240\",\"Mobile\":\"\"},\"images\":[{\"id\":\"Food\",\"title\":\"Beef Kebab\",\"lazyLoad\":false,\"_key\":\"hEd7ow\",\"src\":{\"id\":1605,\"image\":\"https:\/\/designer.gutenverse.com\/sovy\/wp-content\/uploads\/sites\/79\/2024\/10\/gallery-one.webp\"}},{\"id\":\"Food\",\"title\":\"The Dessert\",\"lazyLoad\":false,\"_key\":\"kapf5p\",\"src\":{\"id\":1606,\"image\":\"https:\/\/designer.gutenverse.com\/sovy\/wp-content\/uploads\/sites\/79\/2024\/10\/gallery-two.webp\"}},{\"id\":\"Food\",\"title\":\"Baked Shrimp\",\"lazyLoad\":false,\"_key\":\"iuwzus\",\"src\":{\"id\":1607,\"image\":\"https:\/\/designer.gutenverse.com\/sovy\/wp-content\/uploads\/sites\/79\/2024\/10\/gallery-three.webp\"}},{\"id\":\"Food\",\"title\":\"Shrimp on Spice\",\"lazyLoad\":false,\"_key\":\"SsABwq\",\"src\":{\"id\":1608,\"image\":\"https:\/\/designer.gutenverse.com\/sovy\/wp-content\/uploads\/sites\/79\/2024\/10\/gallery-four.webp\"}},{\"id\":\"Food\",\"title\":\"Beef Kebab\",\"lazyLoad\":false,\"_key\":\"2Pqv3e\",\"src\":{\"id\":1609,\"image\":\"https:\/\/designer.gutenverse.com\/sovy\/wp-content\/uploads\/sites\/79\/2024\/10\/gallery-five.webp\"}},{\"id\":\"The Restaurant\",\"title\":\"Chef Cooking\",\"lazyLoad\":false,\"_key\":\"2EUHGX\",\"src\":{\"id\":1610,\"image\":\"https:\/\/designer.gutenverse.com\/sovy\/wp-content\/uploads\/sites\/79\/2024\/10\/gallery-six.webp\"}},{\"id\":\"The Restaurant\",\"title\":\"Inside the Restaurant\",\"lazyLoad\":false,\"_key\":\"iitbnk\",\"src\":{\"id\":1611,\"image\":\"https:\/\/designer.gutenverse.com\/sovy\/wp-content\/uploads\/sites\/79\/2024\/10\/gallery-seven.webp\"}},{\"id\":\"The Restaurant\",\"title\":\"Cooking Steak\",\"lazyLoad\":false,\"_key\":\"hZuCTg\",\"src\":{\"id\":1612,\"image\":\"https:\/\/designer.gutenverse.com\/sovy\/wp-content\/uploads\/sites\/79\/2024\/10\/gallery-eight.webp\"}},{\"id\":\"The Restaurant\",\"title\":\"Restaurant Table\",\"lazyLoad\":false,\"_key\":\"E5j5C3\",\"src\":{\"id\":1614,\"image\":\"https:\/\/designer.gutenverse.com\/sovy\/wp-content\/uploads\/sites\/79\/2024\/10\/gallery-nine-1.webp\"}},{\"id\":\"The Restaurant\",\"title\":\"Inside the Restaurant\",\"lazyLoad\":false,\"_key\":\"hSsIfv\",\"src\":{\"id\":1615,\"image\":\"https:\/\/designer.gutenverse.com\/sovy\/wp-content\/uploads\/sites\/79\/2024\/10\/gallery-ten.webp\"}},{\"id\":\"Drink\",\"title\":\"A Glass of Wine\",\"lazyLoad\":false,\"_key\":\"948rYH\",\"src\":{\"id\":1616,\"image\":\"https:\/\/designer.gutenverse.com\/sovy\/wp-content\/uploads\/sites\/79\/2024\/10\/gallery-eleven.webp\"}},{\"id\":\"Drink\",\"title\":\"Wine with Cherry\",\"lazyLoad\":false,\"_key\":\"G5oNjk\",\"src\":{\"id\":1617,\"image\":\"https:\/\/designer.gutenverse.com\/sovy\/wp-content\/uploads\/sites\/79\/2024\/10\/gallery-twelve.webp\"}}],\"iconPadding\":{\"Desktop\":[]},\"iconBorder\":{\"radius\":{\"Desktop\":[]}},\"itemPadding\":{\"Desktop\":[],\"Tablet\":[],\"Mobile\":{\"unit\":\"px\",\"dimension\":{\"top\":\"\",\"right\":\"\",\"bottom\":\"\",\"left\":\"\"}}},\"itemMargin\":{\"Desktop\":{\"unit\":\"px\",\"dimension\":{\"top\":\"15\",\"right\":\"15\",\"bottom\":\"15\",\"left\":\"15\"}},\"Tablet\":[],\"Mobile\":{\"unit\":\"px\",\"dimension\":{\"top\":\"0\",\"right\":\"0\",\"bottom\":\"30\",\"left\":\"0\"}}},\"itemBorder\":{\"radius\":{\"Desktop\":[]}},\"itemBorderResponsive\":{\"Tablet\":{\"radius\":[]},\"Mobile\":{\"radius\":[]}},\"itemHoverBackground\":{\"type\":\"default\",\"color\":{\"type\":\"variable\",\"id\":\"theme-4\"}},\"itemHoverPadding\":{\"Desktop\":[]},\"itemHoverBorder\":{\"radius\":{\"Desktop\":[]}},\"itemHoverTitleColor\":{\"type\":\"variable\",\"id\":\"theme-2\"},\"itemHoverTitleColorHover\":{\"type\":\"variable\",\"id\":\"theme-2\"},\"itemHoverTitleTypography\":{\"type\":\"variable\",\"id\":\"iLeOE3\",\"font\":{\"label\":\"Raleway\",\"value\":\"Raleway\",\"type\":\"google\"},\"size\":{\"Desktop\":{\"point\":\"20\",\"unit\":\"px\"}},\"lineHeight\":{\"Desktop\":{\"unit\":\"em\",\"point\":\"1.6\"}},\"weight\":\"600\",\"transform\":\"uppercase\",\"spacing\":{\"Desktop\":\"0.07\"}},\"priceRatingPadding\":{\"Desktop\":[]},\"priceMargin\":{\"Desktop\":[]},\"categoryPadding\":{\"Desktop\":{\"unit\":\"px\",\"dimension\":{\"top\":\"0\",\"right\":\"0\",\"bottom\":\"0\",\"left\":\"0\"}}},\"categoryMargin\":{\"Desktop\":{\"unit\":\"px\",\"dimension\":{\"top\":\"0\",\"right\":\"0\",\"bottom\":\"0\",\"left\":\"0\"}}},\"categoryBorderRadius\":{\"Desktop\":[]},\"filterTabPadding\":{\"Desktop\":{\"unit\":\"px\",\"dimension\":{\"top\":\"0\",\"right\":\"15\",\"bottom\":\"0\",\"left\":\"15\"}},\"Tablet\":[],\"Mobile\":{\"unit\":\"px\",\"dimension\":{\"top\":\"0\",\"right\":\"10\",\"bottom\":\"0\",\"left\":\"10\"}}},\"filterTabMargin\":{\"Desktop\":{\"unit\":\"px\",\"dimension\":{\"top\":\"0\",\"right\":\"0\",\"bottom\":\"10\",\"left\":\"0\"}},\"Tablet\":[],\"Mobile\":{\"unit\":\"px\",\"dimension\":{\"top\":\"0\",\"right\":\"0\",\"bottom\":\"0\",\"left\":\"0\"}}},\"filterTabTypography\":{\"type\":\"variable\",\"id\":\"tW8Vy9\",\"font\":{\"label\":\"Inter\",\"value\":\"Inter\",\"type\":\"google\"},\"size\":{\"Desktop\":{\"point\":\"14\",\"unit\":\"px\"}},\"lineHeight\":{\"Desktop\":{\"unit\":\"em\",\"point\":\"2.5\"}},\"weight\":\"300\",\"transform\":\"uppercase\",\"spacing\":{\"Desktop\":\"0.15\"}},\"filterTabTextColor\":{\"Desktop\":{\"type\":\"variable\",\"id\":\"theme-3\"}},\"filterTabTextColorActive\":{\"Desktop\":{\"type\":\"variable\",\"id\":\"theme-2\"}},\"filterTabBackground\":{\"type\":\"default\",\"color\":{\"r\":0,\"g\":0,\"b\":0,\"a\":0}},\"filterTabBackgroundActive\":{\"type\":\"default\",\"color\":{\"r\":0,\"g\":0,\"b\":0,\"a\":0}},\"filterTabBorder\":{\"radius\":{\"Desktop\":[]}},\"filterTabBorderResponsive\":{\"Tablet\":{\"radius\":[]},\"Mobile\":{\"radius\":[]}},\"filterTabBorderActive\":{\"radius\":{\"Desktop\":{\"unit\":\"px\",\"dimension\":{\"top\":\"0\",\"right\":\"0\",\"bottom\":\"0\",\"left\":\"0\"}}},\"bottom\":{\"type\":\"solid\",\"width\":2,\"color\":{\"type\":\"variable\",\"id\":\"theme-2\"}}},\"filterSearchTypography\":{\"type\":\"variable\",\"id\":\"tW8Vy9\",\"font\":{\"label\":\"Inter\",\"value\":\"Inter\",\"type\":\"google\"},\"size\":{\"Desktop\":{\"point\":\"14\",\"unit\":\"px\"}},\"lineHeight\":{\"Desktop\":{\"unit\":\"em\",\"point\":\"2.5\"}},\"weight\":\"300\",\"transform\":\"uppercase\",\"spacing\":{\"Desktop\":\"0.15\"}},\"filterSearchBorder\":{\"radius\":{\"Desktop\":[]}},\"filterSearchMargin\":{\"Desktop\":{\"unit\":\"px\",\"dimension\":{\"top\":\"-2\",\"right\":\"-2\",\"bottom\":\"-2\",\"left\":\"-2\"}}},\"filterSearchFormText\":\"\",\"filterSearchFormBorder\":{\"radius\":{\"Desktop\":[]}},\"filterSearchDropdownBorder\":{\"radius\":{\"Desktop\":[]}},\"filterSearchDropdownPadding\":{\"Desktop\":{\"unit\":\"px\",\"dimension\":{\"top\":\"0\",\"right\":\"0\",\"bottom\":\"0\",\"left\":\"0\"}}},\"margin\":{\"Mobile\":{\"unit\":\"px\",\"dimension\":{\"top\":\"0\",\"right\":\"0\",\"bottom\":\"0\",\"left\":\"0\"}}},\"padding\":{\"Mobile\":{\"unit\":\"px\",\"dimension\":{\"top\":\"0\",\"right\":\"0\",\"bottom\":\"0\",\"left\":\"0\"}}},\"iconWrapperMargin\":{\"Desktop\":[]}} -->\n<div class=\"guten-element guten-gallery guten-gJvfpS layout-overlay grid-desktop-3 grid-tablet-2 grid-mobile-1\" data-grid=\"grid\"><div class=\"gutenverse-popup-gallery hidden\"><div class=\"gallery-header\"><div class=\"left-header\"><\/div><div class=\"right-header\"><svg xmlns=\"http:\/\/www.w3.org\/2000\/svg\" width=\"24\" height=\"24\" viewBox=\"0 0 24 24\" fill=\"none\" stroke=\"currentColor\" stroke-width=\"2\" stroke-linecap=\"round\" stroke-linejoin=\"round\" class=\"icon-fullscreen\"><path d=\"M8 3H5a2 2 0 0 0-2 2v3m18 0V5a2 2 0 0 0-2-2h-3m0 18h3a2 2 0 0 0 2-2v-3M3 16v3a2 2 0 0 0 2 2h3\"><\/path><\/svg><svg xmlns=\"http:\/\/www.w3.org\/2000\/svg\" width=\"24\" height=\"24\" viewBox=\"0 0 24 24\" fill=\"none\" stroke=\"currentColor\" stroke-width=\"2\" stroke-linecap=\"round\" stroke-linejoin=\"round\" class=\"icon-minimize hidden\"><path d=\"M8 3v3a2 2 0 0 1-2 2H3m18 0h-3a2 2 0 0 1-2-2V3m0 18v-3a2 2 0 0 1 2-2h3M3 16h3a2 2 0 0 1 2 2v3\"><\/path><\/svg><svg xmlns=\"http:\/\/www.w3.org\/2000\/svg\" width=\"24\" height=\"24\" viewBox=\"0 0 24 24\" fill=\"none\" stroke=\"currentColor\" stroke-width=\"2\" stroke-linecap=\"round\" stroke-linejoin=\"round\" class=\"icon-zoom\"><circle cx=\"11\" cy=\"11\" r=\"8\"><\/circle><line x1=\"21\" y1=\"21\" x2=\"16.65\" y2=\"16.65\"><\/line><line x1=\"11\" y1=\"8\" x2=\"11\" y2=\"14\"><\/line><line x1=\"8\" y1=\"11\" x2=\"14\" y2=\"11\"><\/line><\/svg><svg xmlns=\"http:\/\/www.w3.org\/2000\/svg\" width=\"24\" height=\"24\" viewBox=\"0 0 24 24\" fill=\"none\" stroke=\"currentColor\" stroke-width=\"2\" stroke-linecap=\"round\" stroke-linejoin=\"round\" class=\"icon-close\"><line x1=\"18\" y1=\"6\" x2=\"6\" y2=\"18\"><\/line><line x1=\"6\" y1=\"6\" x2=\"18\" y2=\"18\"><\/line><\/svg><\/div><\/div><div class=\"gallery-body\"><div class=\"images\"><div id=\"guten-gJvfpS\" class=\"swiper-container\"><div class=\"swiper-wrapper\"><div class=\"swiper-slide image-list\"><div class=\"content-image swiper-zoom-container\"><img class=\"main-image\" src=\"https:\/\/designer.gutenverse.com\/sovy\/wp-content\/uploads\/sites\/79\/2024\/10\/gallery-one.webp\" alt=\"Beef Kebab\"\/><\/div><\/div><div class=\"swiper-slide image-list\"><div class=\"content-image swiper-zoom-container\"><img class=\"main-image\" src=\"https:\/\/designer.gutenverse.com\/sovy\/wp-content\/uploads\/sites\/79\/2024\/10\/gallery-two.webp\" alt=\"The Dessert\"\/><\/div><\/div><div class=\"swiper-slide image-list\"><div class=\"content-image swiper-zoom-container\"><img class=\"main-image\" src=\"https:\/\/designer.gutenverse.com\/sovy\/wp-content\/uploads\/sites\/79\/2024\/10\/gallery-three.webp\" alt=\"Baked Shrimp\"\/><\/div><\/div><div class=\"swiper-slide image-list\"><div class=\"content-image swiper-zoom-container\"><img class=\"main-image\" src=\"https:\/\/designer.gutenverse.com\/sovy\/wp-content\/uploads\/sites\/79\/2024\/10\/gallery-four.webp\" alt=\"Shrimp on Spice\"\/><\/div><\/div><div class=\"swiper-slide image-list\"><div class=\"content-image swiper-zoom-container\"><img class=\"main-image\" src=\"https:\/\/designer.gutenverse.com\/sovy\/wp-content\/uploads\/sites\/79\/2024\/10\/gallery-five.webp\" alt=\"Beef Kebab\"\/><\/div><\/div><div class=\"swiper-slide image-list\"><div class=\"content-image swiper-zoom-container\"><img class=\"main-image\" src=\"https:\/\/designer.gutenverse.com\/sovy\/wp-content\/uploads\/sites\/79\/2024\/10\/gallery-six.webp\" alt=\"Chef Cooking\"\/><\/div><\/div><div class=\"swiper-slide image-list\"><div class=\"content-image swiper-zoom-container\"><img class=\"main-image\" src=\"https:\/\/designer.gutenverse.com\/sovy\/wp-content\/uploads\/sites\/79\/2024\/10\/gallery-seven.webp\" alt=\"Inside the Restaurant\"\/><\/div><\/div><div class=\"swiper-slide image-list\"><div class=\"content-image swiper-zoom-container\"><img class=\"main-image\" src=\"https:\/\/designer.gutenverse.com\/sovy\/wp-content\/uploads\/sites\/79\/2024\/10\/gallery-eight.webp\" alt=\"Cooking Steak\"\/><\/div><\/div><div class=\"swiper-slide image-list\"><div class=\"content-image swiper-zoom-container\"><img class=\"main-image\" src=\"https:\/\/designer.gutenverse.com\/sovy\/wp-content\/uploads\/sites\/79\/2024\/10\/gallery-nine-1.webp\" alt=\"Restaurant Table\"\/><\/div><\/div><div class=\"swiper-slide image-list\"><div class=\"content-image swiper-zoom-container\"><img class=\"main-image\" src=\"https:\/\/designer.gutenverse.com\/sovy\/wp-content\/uploads\/sites\/79\/2024\/10\/gallery-ten.webp\" alt=\"Inside the Restaurant\"\/><\/div><\/div><div class=\"swiper-slide image-list\"><div class=\"content-image swiper-zoom-container\"><img class=\"main-image\" src=\"https:\/\/designer.gutenverse.com\/sovy\/wp-content\/uploads\/sites\/79\/2024\/10\/gallery-eleven.webp\" alt=\"A Glass of Wine\"\/><\/div><\/div><div class=\"swiper-slide image-list\"><div class=\"content-image swiper-zoom-container\"><img class=\"main-image\" src=\"https:\/\/designer.gutenverse.com\/sovy\/wp-content\/uploads\/sites\/79\/2024\/10\/gallery-twelve.webp\" alt=\"Wine with Cherry\"\/><\/div><\/div><\/div><div class=\"swiper-button-prev\"><\/div><div class=\"swiper-button-next\"><\/div><\/div><\/div><\/div><\/div><div class=\"filter-controls\"><ul><li class=\"guten-gallery-control active\">All<\/li><li class=\"guten-gallery-control\" data-filter=\"Food\">Food<\/li><li class=\"guten-gallery-control\" data-filter=\"The Restaurant\">The Restaurant<\/li><li class=\"guten-gallery-control\" data-filter=\"Drink\">Drink<\/li><\/ul><\/div><div class=\"gallery-items\" data-loaded=\"12\" data-more=\"2\" data-max=\"12\"><div class=\"gallery-item-wrap \" data-index=\"0\" data-control=\"Food\"><div class=\"grid-item\"><div class=\"thumbnail-wrap\"><img src=\"https:\/\/designer.gutenverse.com\/sovy\/wp-content\/uploads\/sites\/79\/2024\/10\/gallery-one.webp\" alt=\"Beef Kebab\"\/><div class=\"caption-wrap style-overlay overlay-overlay animated fade-in\"><div class=\"item-hover-bg\"><\/div><div class=\"item-caption-over\"><h5 class=\"item-title\">Beef Kebab<\/h5><div class=\"item-content\"><\/div><div class=\"item-buttons\"><\/div><\/div><div class=\"caption-head\"><\/div><\/div><\/div><\/div><\/div><div class=\"gallery-item-wrap \" data-index=\"1\" data-control=\"Food\"><div class=\"grid-item\"><div class=\"thumbnail-wrap\"><img src=\"https:\/\/designer.gutenverse.com\/sovy\/wp-content\/uploads\/sites\/79\/2024\/10\/gallery-two.webp\" alt=\"The Dessert\"\/><div class=\"caption-wrap style-overlay overlay-overlay animated fade-in\"><div class=\"item-hover-bg\"><\/div><div class=\"item-caption-over\"><h5 class=\"item-title\">The Dessert<\/h5><div class=\"item-content\"><\/div><div class=\"item-buttons\"><\/div><\/div><div class=\"caption-head\"><\/div><\/div><\/div><\/div><\/div><div class=\"gallery-item-wrap \" data-index=\"2\" data-control=\"Food\"><div class=\"grid-item\"><div class=\"thumbnail-wrap\"><img src=\"https:\/\/designer.gutenverse.com\/sovy\/wp-content\/uploads\/sites\/79\/2024\/10\/gallery-three.webp\" alt=\"Baked Shrimp\"\/><div class=\"caption-wrap style-overlay overlay-overlay animated fade-in\"><div class=\"item-hover-bg\"><\/div><div class=\"item-caption-over\"><h5 class=\"item-title\">Baked Shrimp<\/h5><div class=\"item-content\"><\/div><div class=\"item-buttons\"><\/div><\/div><div class=\"caption-head\"><\/div><\/div><\/div><\/div><\/div><div class=\"gallery-item-wrap \" data-index=\"3\" data-control=\"Food\"><div class=\"grid-item\"><div class=\"thumbnail-wrap\"><img src=\"https:\/\/designer.gutenverse.com\/sovy\/wp-content\/uploads\/sites\/79\/2024\/10\/gallery-four.webp\" alt=\"Shrimp on Spice\"\/><div class=\"caption-wrap style-overlay overlay-overlay animated fade-in\"><div class=\"item-hover-bg\"><\/div><div class=\"item-caption-over\"><h5 class=\"item-title\">Shrimp on Spice<\/h5><div class=\"item-content\"><\/div><div class=\"item-buttons\"><\/div><\/div><div class=\"caption-head\"><\/div><\/div><\/div><\/div><\/div><div class=\"gallery-item-wrap \" data-index=\"4\" data-control=\"Food\"><div class=\"grid-item\"><div class=\"thumbnail-wrap\"><img src=\"https:\/\/designer.gutenverse.com\/sovy\/wp-content\/uploads\/sites\/79\/2024\/10\/gallery-five.webp\" alt=\"Beef Kebab\"\/><div class=\"caption-wrap style-overlay overlay-overlay animated fade-in\"><div class=\"item-hover-bg\"><\/div><div class=\"item-caption-over\"><h5 class=\"item-title\">Beef Kebab<\/h5><div class=\"item-content\"><\/div><div class=\"item-buttons\"><\/div><\/div><div class=\"caption-head\"><\/div><\/div><\/div><\/div><\/div><div class=\"gallery-item-wrap \" data-index=\"5\" data-control=\"The Restaurant\"><div class=\"grid-item\"><div class=\"thumbnail-wrap\"><img src=\"https:\/\/designer.gutenverse.com\/sovy\/wp-content\/uploads\/sites\/79\/2024\/10\/gallery-six.webp\" alt=\"Chef Cooking\"\/><div class=\"caption-wrap style-overlay overlay-overlay animated fade-in\"><div class=\"item-hover-bg\"><\/div><div class=\"item-caption-over\"><h5 class=\"item-title\">Chef Cooking<\/h5><div class=\"item-content\"><\/div><div class=\"item-buttons\"><\/div><\/div><div class=\"caption-head\"><\/div><\/div><\/div><\/div><\/div><div class=\"gallery-item-wrap \" data-index=\"6\" data-control=\"The Restaurant\"><div class=\"grid-item\"><div class=\"thumbnail-wrap\"><img src=\"https:\/\/designer.gutenverse.com\/sovy\/wp-content\/uploads\/sites\/79\/2024\/10\/gallery-seven.webp\" alt=\"Inside the Restaurant\"\/><div class=\"caption-wrap style-overlay overlay-overlay animated fade-in\"><div class=\"item-hover-bg\"><\/div><div class=\"item-caption-over\"><h5 class=\"item-title\">Inside the Restaurant<\/h5><div class=\"item-content\"><\/div><div class=\"item-buttons\"><\/div><\/div><div class=\"caption-head\"><\/div><\/div><\/div><\/div><\/div><div class=\"gallery-item-wrap \" data-index=\"7\" data-control=\"The Restaurant\"><div class=\"grid-item\"><div class=\"thumbnail-wrap\"><img src=\"https:\/\/designer.gutenverse.com\/sovy\/wp-content\/uploads\/sites\/79\/2024\/10\/gallery-eight.webp\" alt=\"Cooking Steak\"\/><div class=\"caption-wrap style-overlay overlay-overlay animated fade-in\"><div class=\"item-hover-bg\"><\/div><div class=\"item-caption-over\"><h5 class=\"item-title\">Cooking Steak<\/h5><div class=\"item-content\"><\/div><div class=\"item-buttons\"><\/div><\/div><div class=\"caption-head\"><\/div><\/div><\/div><\/div><\/div><div class=\"gallery-item-wrap \" data-index=\"8\" data-control=\"The Restaurant\"><div class=\"grid-item\"><div class=\"thumbnail-wrap\"><img src=\"https:\/\/designer.gutenverse.com\/sovy\/wp-content\/uploads\/sites\/79\/2024\/10\/gallery-nine-1.webp\" alt=\"Restaurant Table\"\/><div class=\"caption-wrap style-overlay overlay-overlay animated fade-in\"><div class=\"item-hover-bg\"><\/div><div class=\"item-caption-over\"><h5 class=\"item-title\">Restaurant Table<\/h5><div class=\"item-content\"><\/div><div class=\"item-buttons\"><\/div><\/div><div class=\"caption-head\"><\/div><\/div><\/div><\/div><\/div><div class=\"gallery-item-wrap \" data-index=\"9\" data-control=\"The Restaurant\"><div class=\"grid-item\"><div class=\"thumbnail-wrap\"><img src=\"https:\/\/designer.gutenverse.com\/sovy\/wp-content\/uploads\/sites\/79\/2024\/10\/gallery-ten.webp\" alt=\"Inside the Restaurant\"\/><div class=\"caption-wrap style-overlay overlay-overlay animated fade-in\"><div class=\"item-hover-bg\"><\/div><div class=\"item-caption-over\"><h5 class=\"item-title\">Inside the Restaurant<\/h5><div class=\"item-content\"><\/div><div class=\"item-buttons\"><\/div><\/div><div class=\"caption-head\"><\/div><\/div><\/div><\/div><\/div><div class=\"gallery-item-wrap \" data-index=\"10\" data-control=\"Drink\"><div class=\"grid-item\"><div class=\"thumbnail-wrap\"><img src=\"https:\/\/designer.gutenverse.com\/sovy\/wp-content\/uploads\/sites\/79\/2024\/10\/gallery-eleven.webp\" alt=\"A Glass of Wine\"\/><div class=\"caption-wrap style-overlay overlay-overlay animated fade-in\"><div class=\"item-hover-bg\"><\/div><div class=\"item-caption-over\"><h5 class=\"item-title\">A Glass of Wine<\/h5><div class=\"item-content\"><\/div><div class=\"item-buttons\"><\/div><\/div><div class=\"caption-head\"><\/div><\/div><\/div><\/div><\/div><div class=\"gallery-item-wrap \" data-index=\"11\" data-control=\"Drink\"><div class=\"grid-item\"><div class=\"thumbnail-wrap\"><img src=\"https:\/\/designer.gutenverse.com\/sovy\/wp-content\/uploads\/sites\/79\/2024\/10\/gallery-twelve.webp\" alt=\"Wine with Cherry\"\/><div class=\"caption-wrap style-overlay overlay-overlay animated fade-in\"><div class=\"item-hover-bg\"><\/div><div class=\"item-caption-over\"><h5 class=\"item-title\">Wine with Cherry<\/h5><div class=\"item-content\"><\/div><div class=\"item-buttons\"><\/div><\/div><div class=\"caption-head\"><\/div><\/div><\/div><\/div><\/div><\/div><\/div>\n<!-- \/wp:gutenverse\/gallery --><\/div><\/div>\n<!-- \/wp:gutenverse\/column --><\/div><\/section><\/div>\n<!-- \/wp:gutenverse\/section -->\n\n<!-- wp:pattern {\"slug\":\"sovy\/sovy-gutenverse-cta\"} \/-->\n\n<!-- wp:pattern {\"slug\":\"sovy\/sovy-gutenverse-contact\"} \/-->\n\n<!-- wp:pattern {\"slug\":\"sovy\/sovy-gutenverse-footer\"} \/-->",
    "preview_url" : "https://fse.jegtheme.com/sovy/gallery",
    "image_url" : "assets/img/ss-cover-sovy-gallery.webp",
    "is_homepage" : false,
    "core-patterns" : [],
    "pro-patterns" : [],
    "gutenverse-patterns" : ["sovy-gutenverse-header", "sovy-gutenverse-cta", "sovy-gutenverse-contact", "sovy-gutenverse-footer"],
    "image_arr" : "[{'name':'about-hero.webp','image_url':'https:\/\/designer.gutenverse.com\/sovy\/wp-content\/uploads\/sites\/79\/2024\/10\/about-hero.webp','type':'page','id':21,'image_id':1039},{'name':'gallery-one.webp','image_url':'https:\/\/designer.gutenverse.com\/sovy\/wp-content\/uploads\/sites\/79\/2024\/10\/gallery-one.webp','type':'page','id':21,'image_id':1605},{'name':'gallery-two.webp','image_url':'https:\/\/designer.gutenverse.com\/sovy\/wp-content\/uploads\/sites\/79\/2024\/10\/gallery-two.webp','type':'page','id':21,'image_id':1606},{'name':'gallery-three.webp','image_url':'https:\/\/designer.gutenverse.com\/sovy\/wp-content\/uploads\/sites\/79\/2024\/10\/gallery-three.webp','type':'page','id':21,'image_id':1607},{'name':'gallery-four.webp','image_url':'https:\/\/designer.gutenverse.com\/sovy\/wp-content\/uploads\/sites\/79\/2024\/10\/gallery-four.webp','type':'page','id':21,'image_id':1608},{'name':'gallery-five.webp','image_url':'https:\/\/designer.gutenverse.com\/sovy\/wp-content\/uploads\/sites\/79\/2024\/10\/gallery-five.webp','type':'page','id':21,'image_id':1609},{'name':'gallery-six.webp','image_url':'https:\/\/designer.gutenverse.com\/sovy\/wp-content\/uploads\/sites\/79\/2024\/10\/gallery-six.webp','type':'page','id':21,'image_id':1610},{'name':'gallery-seven.webp','image_url':'https:\/\/designer.gutenverse.com\/sovy\/wp-content\/uploads\/sites\/79\/2024\/10\/gallery-seven.webp','type':'page','id':21,'image_id':1611},{'name':'gallery-eight.webp','image_url':'https:\/\/designer.gutenverse.com\/sovy\/wp-content\/uploads\/sites\/79\/2024\/10\/gallery-eight.webp','type':'page','id':21,'image_id':1612},{'name':'gallery-nine-1.webp','image_url':'https:\/\/designer.gutenverse.com\/sovy\/wp-content\/uploads\/sites\/79\/2024\/10\/gallery-nine-1.webp','type':'page','id':21,'image_id':1614},{'name':'gallery-ten.webp','image_url':'https:\/\/designer.gutenverse.com\/sovy\/wp-content\/uploads\/sites\/79\/2024\/10\/gallery-ten.webp','type':'page','id':21,'image_id':1615},{'name':'gallery-eleven.webp','image_url':'https:\/\/designer.gutenverse.com\/sovy\/wp-content\/uploads\/sites\/79\/2024\/10\/gallery-eleven.webp','type':'page','id':21,'image_id':1616},{'name':'gallery-twelve.webp','image_url':'https:\/\/designer.gutenverse.com\/sovy\/wp-content\/uploads\/sites\/79\/2024\/10\/gallery-twelve.webp','type':'page','id':21,'image_id':1617}]"
}