{
    "template" : "blank-canvas",
    "pagetitle": "Our Chef",
    "content" : "<!-- wp:pattern {\"slug\":\"sovy\/sovy-gutenverse-header\"} \/-->\n\n<!-- wp:gutenverse\/section {\"layout\":\"fullwidth\",\"width\":{\"Desktop\":\"1295\"},\"height\":{\"Desktop\":{\"point\":\"550\",\"unit\":\"px\"},\"Mobile\":{\"point\":\"400\",\"unit\":\"px\"}},\"gap\":\"no\",\"elementId\":\"guten-saySuR\",\"heightControl\":\"min\",\"align\":\"middle\",\"background\":{\"videoPlayOnMobile\":false,\"type\":\"default\",\"image\":{\"Desktop\":{\"id\":1039,\"image\":\"https:\/\/designer.gutenverse.com\/sovy\/wp-content\/uploads\/sites\/79\/2024\/10\/about-hero.webp\"}},\"color\":{\"r\":0,\"g\":0,\"b\":0,\"a\":1},\"position\":{\"Desktop\":\"center center\"},\"repeat\":{\"Desktop\":\"no-repeat\"},\"size\":{\"Desktop\":\"cover\"}},\"backgroundOverlay\":{\"type\":\"default\",\"color\":{\"r\":0,\"g\":0,\"b\":0,\"a\":1}},\"opacity\":\"0.4\",\"margin\":{\"Desktop\":{\"unit\":\"px\",\"dimension\":{\"top\":\"-72\",\"right\":\"0\",\"bottom\":\"0\",\"left\":\"0\"}},\"Mobile\":[],\"Tablet\":[]},\"padding\":{\"Desktop\":{\"unit\":\"px\",\"dimension\":{\"top\":\"\",\"right\":\"\",\"bottom\":\"\",\"left\":\"\"}},\"Mobile\":{\"unit\":\"px\",\"dimension\":{\"top\":\"0\",\"right\":\"20\",\"bottom\":\"0\",\"left\":\"20\"}},\"Tablet\":[]}} -->\n<div class=\"section-wrapper\" data-id=\"saySuR\"><section class=\"wp-block-gutenverse-section guten-element guten-section guten-saySuR layout-fullwidth align-middle\"><div class=\"guten-background-overlay\"><\/div><div class=\"guten-container guten-column-gap-no\"><!-- wp:gutenverse\/column {\"width\":{\"Desktop\":100},\"elementId\":\"guten-dMs7JO\"} -->\n<div class=\"wp-block-gutenverse-column guten-element guten-column guten-dMs7JO\"><div class=\"guten-column-wrapper\" data-id=\"dMs7JO\"><!-- wp:gutenverse\/heading {\"elementId\":\"guten-76zItA\",\"type\":1,\"textAlign\":{\"Desktop\":\"center\"},\"color\":{\"type\":\"variable\",\"id\":\"theme-0\"},\"typography\":{\"type\":\"variable\",\"id\":\"MnJjef\",\"font\":{\"label\":\"Raleway\",\"value\":\"Raleway\",\"type\":\"google\"},\"size\":{\"Desktop\":{\"point\":\"80\",\"unit\":\"px\"}},\"weight\":\"800\",\"lineHeight\":{\"Desktop\":{\"unit\":\"em\",\"point\":\"1.2\"}}}} -->\n<h1 class=\"wp-block-gutenverse-heading guten-element guten-76zItA\">OUR CHEF<\/h1>\n<!-- \/wp:gutenverse\/heading --><\/div><\/div>\n<!-- \/wp:gutenverse\/column --><\/div><\/section><\/div>\n<!-- \/wp:gutenverse\/section -->\n\n<!-- wp:gutenverse\/section {\"width\":{\"Desktop\":\"1295\"},\"gap\":\"no\",\"elementId\":\"guten-Ap3QbI\",\"overflow\":\"hidden\",\"background\":{\"videoPlayOnMobile\":false,\"type\":\"default\",\"color\":{\"type\":\"variable\",\"id\":\"theme-4\"}},\"margin\":{\"Desktop\":[],\"Tablet\":{\"unit\":\"px\",\"dimension\":{\"top\":\"0\",\"right\":\"0\",\"bottom\":\"0\",\"left\":\"0\"}},\"Mobile\":[]},\"padding\":{\"Desktop\":{\"unit\":\"px\",\"dimension\":{\"top\":\"100\",\"right\":\"0\",\"bottom\":\"125\",\"left\":\"0\"}},\"Tablet\":{\"unit\":\"px\",\"dimension\":{\"top\":\"80\",\"right\":\"20\",\"bottom\":\"0\",\"left\":\"20\"}},\"Mobile\":{\"unit\":\"px\",\"dimension\":{\"top\":\"80\",\"right\":\"20\",\"bottom\":\"0\",\"left\":\"20\"}}}} -->\n<div class=\"section-wrapper\" data-id=\"Ap3QbI\"><section class=\"wp-block-gutenverse-section guten-element guten-section guten-Ap3QbI layout-boxed align-stretch overflow-hidden\"><div class=\"guten-container guten-column-gap-no\"><!-- wp:gutenverse\/column {\"width\":{\"Desktop\":50,\"Tablet\":100,\"Mobile\":null},\"elementId\":\"guten-8K5UUY\",\"margin\":{\"Desktop\":[],\"Tablet\":[],\"Mobile\":{\"unit\":\"px\",\"dimension\":{\"top\":\"0\",\"right\":\"0\",\"bottom\":\"0\",\"left\":\"0\"}}},\"padding\":{\"Desktop\":{\"unit\":\"px\",\"dimension\":{\"top\":\"50\",\"right\":\"90\",\"bottom\":\"50\",\"left\":\"0\"}},\"Tablet\":{\"unit\":\"px\",\"dimension\":{\"top\":\"50\",\"right\":\"80\",\"bottom\":\"50\",\"left\":\"0\"}},\"Mobile\":{\"unit\":\"px\",\"dimension\":{\"top\":\"0\",\"right\":\"0\",\"bottom\":\"40\",\"left\":\"0\"}}}} -->\n<div class=\"wp-block-gutenverse-column guten-element guten-column guten-8K5UUY\"><div class=\"guten-column-wrapper\" data-id=\"8K5UUY\"><!-- wp:gutenverse\/advanced-heading {\"elementId\":\"guten-cIevYW\",\"text\":\"Best Quality\",\"focusText\":\"\",\"subText\":\"Of the Dishes\",\"lineWidth\":{\"Desktop\":\"9\",\"Tablet\":\"8\",\"Mobile\":\"16\"},\"lineHeight\":{\"Desktop\":\"2\"},\"lineMargin\":{\"Desktop\":{\"unit\":\"px\",\"dimension\":{\"top\":\"15\",\"right\":\"20\",\"bottom\":\"15\",\"left\":\"0\"}},\"Tablet\":[],\"Mobile\":[]},\"mainColor\":{\"type\":\"variable\",\"id\":\"theme-2\"},\"mainTypography\":{\"type\":\"variable\",\"id\":\"PM6GMF\",\"font\":{\"label\":\"Inter\",\"value\":\"Inter\",\"type\":\"google\"},\"size\":{\"Desktop\":{\"point\":\"16\",\"unit\":\"px\"}},\"weight\":\"500\",\"lineHeight\":{\"Desktop\":{\"unit\":\"em\",\"point\":\"1.6\"}},\"transform\":\"uppercase\",\"spacing\":{\"Desktop\":\"1\"}},\"mainMargin\":{\"Desktop\":{\"unit\":\"px\",\"dimension\":{\"top\":\"\",\"right\":\"\",\"bottom\":\"\",\"left\":\"\"}}},\"mainPadding\":{\"Desktop\":{\"unit\":\"px\",\"dimension\":{\"top\":\"\",\"right\":\"\",\"bottom\":\"\",\"left\":\"\"}}},\"focusMargin\":{\"Desktop\":[],\"Mobile\":[]},\"focusPadding\":{\"Desktop\":[],\"Mobile\":[]},\"subColor\":{\"type\":\"variable\",\"id\":\"theme-0\"},\"subTypography\":{\"type\":\"variable\",\"id\":\"1dcJQ2\",\"font\":{\"label\":\"Raleway\",\"value\":\"Raleway\",\"type\":\"google\"},\"size\":{\"Desktop\":{\"point\":\"56\",\"unit\":\"px\"}},\"weight\":\"800\",\"transform\":\"capitalize\",\"lineHeight\":{\"Desktop\":{\"unit\":\"em\",\"point\":\"1\"}}},\"subMargin\":{\"Desktop\":{\"unit\":\"px\",\"dimension\":{\"top\":\"0\",\"right\":\"0\",\"bottom\":\"0\",\"left\":\"0\"}},\"Mobile\":[]},\"subPadding\":{\"Desktop\":{\"unit\":\"px\",\"dimension\":{\"top\":\"10\",\"right\":\"0\",\"bottom\":\"0\",\"left\":\"0\"}},\"Mobile\":[]},\"lineColor\":{\"type\":\"variable\",\"id\":\"theme-2\"},\"border\":{\"radius\":{\"Desktop\":[]}},\"margin\":{\"Desktop\":{\"unit\":\"px\",\"dimension\":{\"top\":\"0\",\"right\":\"0\",\"bottom\":\"30\",\"left\":\"0\"}}},\"padding\":{\"Desktop\":[]}} -->\n<div class=\"guten-element guten-advanced-heading guten-cIevYW\"><div class=\"heading-section \"><div class=\"heading-line before\"><\/div><h2 class=\"heading-title\"><span class=\"heading-title\">Best Quality<\/span><span class=\"heading-focus\"><\/span><\/h2><\/div><span class=\"heading-subtitle\">Of the Dishes<\/span><\/div>\n<!-- \/wp:gutenverse\/advanced-heading -->\n\n<!-- wp:gutenverse\/text-editor {\"elementId\":\"guten-RMwNpG\",\"textColor\":{\"type\":\"variable\",\"id\":\"theme-3\"},\"typography\":{\"type\":\"variable\",\"id\":\"9lek3I\",\"font\":{\"label\":\"Inter\",\"value\":\"Inter\",\"type\":\"google\"},\"size\":{\"Desktop\":{\"point\":\"16\",\"unit\":\"px\"}},\"weight\":\"300\",\"lineHeight\":{\"Desktop\":{\"unit\":\"em\",\"point\":\"1.5\"}}},\"margin\":{\"Desktop\":{\"unit\":\"px\",\"dimension\":{\"top\":\"5\",\"right\":\"0\",\"bottom\":\"50\",\"left\":\"0\"}}},\"padding\":{\"Desktop\":[]}} -->\n<div class=\"guten-element gutenverse-text-editor guten-RMwNpG\"><div class=\"text-content-inner\"><!-- wp:paragraph -->\n<p>Lorem ipsum dolor sit amet, consectetuer adipiscing elit. Aenean quem commodo ligula eget dolor. Aenean massa. Cum sociis natoque et mus penatibus et magnis dis parturient montes, nascetur ridiculus.<\/p>\n<!-- \/wp:paragraph --><\/div><\/div>\n<!-- \/wp:gutenverse\/text-editor -->\n\n<!-- wp:gutenverse\/image {\"elementId\":\"guten-cuZlxI\",\"imgSrc\":{\"media\":{\"imageId\":1078,\"sizes\":{\"thumbnail\":{\"height\":150,\"width\":150,\"url\":\"https:\/\/designer.gutenverse.com\/sovy\/wp-content\/uploads\/sites\/79\/2024\/10\/signature.webp\",\"orientation\":\"landscape\"},\"medium\":{\"height\":105,\"width\":300,\"url\":\"https:\/\/designer.gutenverse.com\/sovy\/wp-content\/uploads\/sites\/79\/2024\/10\/signature.webp\",\"orientation\":\"landscape\"},\"full\":{\"url\":\"https:\/\/designer.gutenverse.com\/sovy\/wp-content\/uploads\/sites\/79\/2024\/10\/signature.webp\",\"height\":176,\"width\":501,\"orientation\":\"landscape\"}}},\"size\":\"full\"},\"altOriginal\":\"\",\"captionOriginal\":\"\",\"width\":{\"Desktop\":{\"unit\":\"%\",\"point\":\"50\"}},\"imgBorder\":{\"radius\":{\"Desktop\":[]}},\"align\":{\"Desktop\":\"left\"},\"margin\":{\"Desktop\":{\"unit\":\"px\",\"dimension\":{\"top\":\"0\",\"right\":\"0\",\"bottom\":\"0\",\"left\":\"0\"}}},\"padding\":{\"Desktop\":{\"unit\":\"px\",\"dimension\":{\"top\":\"0\",\"right\":\"0\",\"bottom\":\"0\",\"left\":\"0\"}}}} -->\n<div class=\"wp-block-gutenverse-image guten-element guten-image guten-cuZlxI\"><div class=\"guten-image-wrapper\"><img class=\"gutenverse-image-box-filled\" src=\"https:\/\/designer.gutenverse.com\/sovy\/wp-content\/uploads\/sites\/79\/2024\/10\/signature.webp\" height=\"176\" width=\"501\"\/><\/div><\/div>\n<!-- \/wp:gutenverse\/image -->\n\n<!-- wp:gutenverse\/heading {\"elementId\":\"guten-AONbvj\",\"type\":6,\"color\":{\"type\":\"variable\",\"id\":\"theme-0\"},\"typography\":{\"type\":\"variable\",\"id\":\"Fv7E7c\",\"font\":{\"label\":\"Raleway\",\"value\":\"Raleway\",\"type\":\"google\"},\"size\":{\"Desktop\":{\"point\":\"20\",\"unit\":\"px\"}},\"weight\":\"600\",\"lineHeight\":{\"Desktop\":{\"unit\":\"em\",\"point\":\"1.7\"}}},\"margin\":{\"Desktop\":{\"unit\":\"px\",\"dimension\":{\"top\":\"-5\",\"right\":\"0\",\"bottom\":\"0\",\"left\":\"0\"}}},\"padding\":{\"Desktop\":{\"unit\":\"px\",\"dimension\":{\"top\":\"0\",\"right\":\"0\",\"bottom\":\"0\",\"left\":\"0\"}}}} -->\n<h6 class=\"wp-block-gutenverse-heading guten-element guten-AONbvj\">Maynard Peters , CEO<br><a href=\"https:\/\/templatekit.jegtheme.com\/sovy\/about-us\/#\"><\/a><\/h6>\n<!-- \/wp:gutenverse\/heading -->\n\n<!-- wp:gutenverse\/button {\"elementId\":\"guten-KqWgZD\",\"content\":\"Reserve Now\",\"paddingButton\":{\"Desktop\":{\"unit\":\"px\",\"dimension\":{\"top\":\"16\",\"right\":\"28\",\"bottom\":\"16\",\"left\":\"28\"}},\"Mobile\":[]},\"buttonBackground\":{\"type\":\"default\",\"color\":{\"type\":\"variable\",\"id\":\"theme-2\"}},\"buttonBackgroundHover\":{\"type\":\"default\",\"color\":{\"r\":0,\"g\":0,\"b\":0,\"a\":0}},\"buttonBorder\":{\"radius\":{\"Desktop\":{\"unit\":\"px\",\"dimension\":{\"top\":\"0\",\"right\":\"0\",\"bottom\":\"0\",\"left\":\"0\"}}},\"all\":{\"width\":2,\"type\":\"solid\",\"color\":{\"r\":0,\"g\":0,\"b\":0,\"a\":0}}},\"buttonBorderHover\":{\"radius\":{\"Desktop\":[]},\"all\":{\"width\":2,\"type\":\"solid\",\"color\":{\"type\":\"variable\",\"id\":\"theme-3\"}}},\"margin\":{\"Mobile\":{\"unit\":\"px\",\"dimension\":{\"top\":\"0\",\"right\":\"0\",\"bottom\":\"0\",\"left\":\"0\"}},\"Desktop\":{\"unit\":\"px\",\"dimension\":{\"top\":\"65\",\"right\":\"0\",\"bottom\":\"0\",\"left\":\"0\"}}},\"padding\":{\"Mobile\":{\"unit\":\"px\",\"dimension\":{\"top\":\"65\",\"right\":\"0\",\"bottom\":\"0\",\"left\":\"0\"}},\"Desktop\":{\"unit\":\"px\",\"dimension\":{\"top\":\"0\",\"right\":\"0\",\"bottom\":\"0\",\"left\":\"0\"}}},\"color\":{\"type\":\"variable\",\"id\":\"theme-1\"},\"iconColor\":{\"type\":\"variable\",\"id\":\"theme-1\"},\"typography\":{\"type\":\"variable\",\"id\":\"QiqSBU\",\"font\":{\"label\":\"Inter\",\"value\":\"Inter\",\"type\":\"google\"},\"size\":{\"Desktop\":{\"point\":\"14\",\"unit\":\"px\"}},\"lineHeight\":{\"Desktop\":{\"unit\":\"em\",\"point\":\"1.5\"}},\"weight\":\"400\"},\"hoverTextColor\":{\"type\":\"variable\",\"id\":\"theme-3\"}} -->\n<div class=\"guten-element guten-button-wrapper guten-KqWgZD\"><a class=\"guten-button guten-button-sm\" href=\"#\"><span>Reserve Now<\/span><\/a><\/div>\n<!-- \/wp:gutenverse\/button --><\/div><\/div>\n<!-- \/wp:gutenverse\/column -->\n\n<!-- wp:gutenverse\/column {\"width\":{\"Desktop\":50,\"Tablet\":100,\"Mobile\":null},\"elementId\":\"guten-kK1JQF\",\"margin\":{\"Mobile\":[]},\"padding\":{\"Mobile\":[]}} -->\n<div class=\"wp-block-gutenverse-column guten-element guten-column guten-kK1JQF\"><div class=\"guten-column-wrapper\" data-id=\"kK1JQF\"><!-- wp:gutenverse\/image {\"elementId\":\"guten-f79cYa\",\"imgSrc\":{\"media\":{\"imageId\":814,\"sizes\":{\"thumbnail\":{\"height\":150,\"width\":150,\"url\":\"https:\/\/designer.gutenverse.com\/sovy\/wp-content\/uploads\/sites\/79\/2024\/10\/chefaax.webp\",\"orientation\":\"landscape\"},\"medium\":{\"height\":300,\"width\":285,\"url\":\"https:\/\/designer.gutenverse.com\/sovy\/wp-content\/uploads\/sites\/79\/2024\/10\/chefaax.webp\",\"orientation\":\"portrait\"},\"full\":{\"url\":\"https:\/\/designer.gutenverse.com\/sovy\/wp-content\/uploads\/sites\/79\/2024\/10\/chefaax.webp\",\"height\":724,\"width\":687,\"orientation\":\"portrait\"}}},\"size\":\"full\"},\"altOriginal\":\"\",\"captionOriginal\":\"\",\"width\":{\"Desktop\":{\"unit\":\"%\",\"point\":\"100\"}},\"imgBorder\":{\"radius\":{\"Desktop\":[]}},\"opacity\":\"\"} -->\n<div class=\"wp-block-gutenverse-image guten-element guten-image guten-f79cYa\"><div class=\"guten-image-wrapper\"><img class=\"gutenverse-image-box-filled\" src=\"https:\/\/designer.gutenverse.com\/sovy\/wp-content\/uploads\/sites\/79\/2024\/10\/chefaax.webp\" height=\"724\" width=\"687\"\/><\/div><\/div>\n<!-- \/wp:gutenverse\/image -->\n\n<!-- wp:gutenverse\/section {\"width\":{\"Desktop\":\"450\"},\"isChild\":true,\"gap\":\"no\",\"elementId\":\"guten-U1Dbex\",\"margin\":{\"Desktop\":{\"unit\":\"px\",\"dimension\":{\"top\":\"-45\",\"right\":\"0\",\"bottom\":\"0\",\"left\":\"0\"}},\"Tablet\":{\"unit\":\"px\",\"dimension\":{\"top\":\"\",\"right\":\"\",\"bottom\":\"\",\"left\":\"\"}}},\"padding\":{\"Desktop\":[],\"Tablet\":{\"unit\":\"px\",\"dimension\":{\"top\":\"0\",\"right\":\"0\",\"bottom\":\"0\",\"left\":\"0\"}}}} -->\n<div class=\"section-wrapper\" data-id=\"U1Dbex\"><section class=\"wp-block-gutenverse-section guten-element guten-section guten-U1Dbex layout-boxed align-stretch\"><div class=\"guten-container guten-column-gap-no\"><!-- wp:gutenverse\/column {\"width\":{\"Desktop\":100,\"Tablet\":null},\"elementId\":\"guten-1O7gt4\",\"background\":{\"type\":\"default\",\"color\":{\"type\":\"variable\",\"id\":\"theme-0\"}},\"margin\":{\"Desktop\":{\"unit\":\"px\",\"dimension\":{\"left\":\"-312\",\"top\":\"-145\",\"bottom\":\"32\",\"right\":\"0\"}},\"Tablet\":{\"unit\":\"px\",\"dimension\":{\"top\":\"0\",\"right\":\"0\",\"bottom\":\"0\",\"left\":\"0\"}}},\"padding\":{\"Desktop\":{\"unit\":\"px\",\"dimension\":{\"top\":\"30\",\"right\":\"30\",\"bottom\":\"30\",\"left\":\"30\"}},\"Tablet\":[]}} -->\n<div class=\"wp-block-gutenverse-column guten-element guten-column guten-1O7gt4\"><div class=\"guten-column-wrapper\" data-id=\"1O7gt4\"><!-- wp:gutenverse\/text-editor {\"elementId\":\"guten-uKwD5N\",\"textColor\":{\"type\":\"variable\",\"id\":\"theme-4\"},\"typography\":{\"type\":\"variable\",\"id\":\"9lek3I\",\"font\":{\"label\":\"Inter\",\"value\":\"Inter\",\"type\":\"google\"},\"size\":{\"Desktop\":{\"point\":\"16\",\"unit\":\"px\"}},\"weight\":\"300\",\"lineHeight\":{\"Desktop\":{\"unit\":\"em\",\"point\":\"1.5\"}}},\"border\":{\"radius\":{\"Desktop\":[]},\"left\":{\"type\":\"solid\",\"width\":2,\"color\":{\"type\":\"variable\",\"id\":\"theme-5\"}}},\"margin\":{\"Desktop\":{\"unit\":\"px\",\"dimension\":{\"top\":\"0\",\"right\":\"0\",\"bottom\":\"20\",\"left\":\"0\"}}},\"padding\":{\"Desktop\":{\"unit\":\"px\",\"dimension\":{\"top\":\"0\",\"right\":\"20\",\"bottom\":\"0\",\"left\":\"20\"}}}} -->\n<div class=\"guten-element gutenverse-text-editor guten-uKwD5N\"><div class=\"text-content-inner\"><!-- wp:paragraph -->\n<p>Lorem ipsum dolor sit amet, consectetur adipiscing elit. Ut elit tellus, luctus nec ullamcorper mattis.<\/p>\n<!-- \/wp:paragraph --><\/div><\/div>\n<!-- \/wp:gutenverse\/text-editor -->\n\n<!-- wp:gutenverse\/text-editor {\"elementId\":\"guten-EBWxSY\",\"textColor\":{\"type\":\"variable\",\"id\":\"theme-4\"},\"typography\":{\"type\":\"variable\",\"id\":\"fdWFTG\",\"font\":{\"label\":\"Inter\",\"value\":\"Inter\",\"type\":\"google\"},\"size\":{\"Desktop\":{\"point\":\"16\",\"unit\":\"px\"}},\"weight\":\"500\",\"lineHeight\":{\"Desktop\":{\"unit\":\"em\",\"point\":\"1.5\"}}}} -->\n<div class=\"guten-element gutenverse-text-editor guten-EBWxSY\"><div class=\"text-content-inner\"><!-- wp:paragraph -->\n<p>Maynard P.<\/p>\n<!-- \/wp:paragraph --><\/div><\/div>\n<!-- \/wp:gutenverse\/text-editor --><\/div><\/div>\n<!-- \/wp:gutenverse\/column --><\/div><\/section><\/div>\n<!-- \/wp:gutenverse\/section --><\/div><\/div>\n<!-- \/wp:gutenverse\/column --><\/div><\/section><\/div>\n<!-- \/wp:gutenverse\/section -->\n\n<!-- wp:gutenverse\/section {\"width\":{\"Desktop\":\"1295\"},\"gap\":\"no\",\"elementId\":\"guten-GrBZUd\",\"margin\":{\"Desktop\":[],\"Tablet\":[],\"Mobile\":[]},\"padding\":{\"Desktop\":{\"unit\":\"px\",\"dimension\":{\"top\":\"0\",\"right\":\"0\",\"bottom\":\"200\",\"left\":\"0\"}},\"Tablet\":{\"unit\":\"px\",\"dimension\":{\"top\":\"80\",\"right\":\"20\",\"bottom\":\"80\",\"left\":\"20\"}},\"Mobile\":[]}} -->\n<div class=\"section-wrapper\" data-id=\"GrBZUd\"><section class=\"wp-block-gutenverse-section guten-element guten-section guten-GrBZUd layout-boxed align-stretch\"><div class=\"guten-container guten-column-gap-no\"><!-- wp:gutenverse\/column {\"width\":{\"Desktop\":100},\"elementId\":\"guten-Ywn1OJ\",\"horizontalAlign\":{\"Desktop\":\"center\"},\"margin\":{\"Desktop\":{\"unit\":\"px\",\"dimension\":{\"top\":\"0\",\"right\":\"0\",\"bottom\":\"0\",\"left\":\"0\"}}},\"padding\":{\"Desktop\":[]}} -->\n<div class=\"wp-block-gutenverse-column guten-element guten-column guten-Ywn1OJ\"><div class=\"guten-column-wrapper\" data-id=\"Ywn1OJ\"><!-- wp:gutenverse\/divider {\"elementId\":\"guten-x3fScb\",\"width\":{\"Desktop\":\"100\"},\"content\":\"text\",\"dividerColor\":{\"type\":\"variable\",\"id\":\"theme-2\"},\"text\":\"Our Chef\",\"contentColor\":{\"type\":\"variable\",\"id\":\"theme-2\"},\"typography\":{\"type\":\"variable\",\"id\":\"PM6GMF\",\"font\":{\"label\":\"Inter\",\"value\":\"Inter\",\"type\":\"google\"},\"size\":{\"Desktop\":{\"point\":\"16\",\"unit\":\"px\"}},\"weight\":\"500\",\"lineHeight\":{\"Desktop\":{\"unit\":\"em\",\"point\":\"1\"},\"Tablet\":{\"unit\":\"px\",\"point\":\"\"}},\"transform\":\"uppercase\",\"spacing\":{\"Desktop\":\"0.2\",\"Tablet\":\"0.18\"}},\"dividerAlign\":{\"Desktop\":\"center\"},\"margin\":{\"Desktop\":{\"unit\":\"px\",\"dimension\":{\"top\":\"0\",\"right\":\"0\",\"bottom\":\"25\",\"left\":\"0\"}}},\"padding\":{\"Desktop\":[]},\"positioningType\":{\"Desktop\":\"custom\",\"Tablet\":\"custom\"},\"positioningWidth\":{\"Desktop\":{\"point\":\"220\",\"unit\":\"px\"},\"Tablet\":{\"point\":\"200\",\"unit\":\"px\"}}} -->\n<div class=\"wp-block-gutenverse-divider guten-element guten-divider guten-x3fScb\"><div class=\"guten-divider-wrapper\"><div class=\"guten-divider-default guten-divider-line guten-divider-regular\"><\/div><span class=\"guten-divider-content\"><span>Our Chef<\/span><\/span><div class=\"guten-divider-default guten-divider-line guten-divider-regular\"><\/div><\/div><\/div>\n<!-- \/wp:gutenverse\/divider -->\n\n<!-- wp:gutenverse\/heading {\"elementId\":\"guten-NcsFdd\",\"textAlign\":{\"Desktop\":\"center\"},\"color\":{\"type\":\"variable\",\"id\":\"theme-0\"},\"typography\":{\"type\":\"variable\",\"id\":\"1dcJQ2\",\"font\":{\"label\":\"Raleway\",\"value\":\"Raleway\",\"type\":\"google\"},\"size\":{\"Desktop\":{\"point\":\"56\",\"unit\":\"px\"},\"Mobile\":{\"point\":\"40\",\"unit\":\"px\"}},\"weight\":\"800\",\"transform\":\"capitalize\",\"lineHeight\":{\"Desktop\":{\"unit\":\"em\",\"point\":\"1\"},\"Mobile\":{\"unit\":\"em\",\"point\":\"1\"}}},\"margin\":{\"Desktop\":{\"unit\":\"px\",\"dimension\":{\"top\":\"10\",\"right\":\"0\",\"bottom\":\"40\",\"left\":\"0\"}},\"Mobile\":[]},\"padding\":{\"Desktop\":[],\"Mobile\":[]},\"positioningType\":{\"Desktop\":\"default\",\"Mobile\":\"full\"},\"positioningWidth\":{\"Desktop\":{\"point\":\"657\",\"unit\":\"px\"}}} -->\n<h2 class=\"wp-block-gutenverse-heading guten-element guten-NcsFdd\">Behind the Kitchen<\/h2>\n<!-- \/wp:gutenverse\/heading -->\n\n<!-- wp:gutenverse\/text-editor {\"elementId\":\"guten-MXzFBy\",\"alignment\":{\"Desktop\":\"center\"},\"textColor\":{\"type\":\"variable\",\"id\":\"theme-3\"},\"typography\":{\"type\":\"variable\",\"id\":\"9lek3I\",\"font\":{\"label\":\"Inter\",\"value\":\"Inter\",\"type\":\"google\"},\"size\":{\"Desktop\":{\"point\":\"16\",\"unit\":\"px\"}},\"weight\":\"300\",\"lineHeight\":{\"Desktop\":{\"unit\":\"em\",\"point\":\"1.5\"}}},\"margin\":{\"Desktop\":{\"unit\":\"px\",\"dimension\":{\"top\":\"0\",\"right\":\"0\",\"bottom\":\"60\",\"left\":\"0\"}}},\"padding\":{\"Desktop\":[]},\"positioningType\":{\"Desktop\":\"custom\",\"Tablet\":\"custom\"},\"positioningWidth\":{\"Desktop\":{\"unit\":\"%\",\"point\":\"52\"},\"Tablet\":{\"point\":\"392\",\"unit\":\"px\"}}} -->\n<div class=\"guten-element gutenverse-text-editor guten-MXzFBy\"><div class=\"text-content-inner\"><!-- wp:paragraph -->\n<p>Lorem ipsum dolor sit amet, consectetuer adipiscing elit. Aenean commodo ligula eget dolor. Aenean massa. Cum sociis natoque penatibus et magnis parturient montes.<\/p>\n<!-- \/wp:paragraph --><\/div><\/div>\n<!-- \/wp:gutenverse\/text-editor -->\n\n<!-- wp:gutenverse\/section {\"width\":{\"Desktop\":\"1295\"},\"isChild\":true,\"gap\":\"no\",\"elementId\":\"guten-jxt2WH\"} -->\n<div class=\"section-wrapper\" data-id=\"jxt2WH\"><section class=\"wp-block-gutenverse-section guten-element guten-section guten-jxt2WH layout-boxed align-stretch\"><div class=\"guten-container guten-column-gap-no\"><!-- wp:gutenverse\/column {\"width\":{\"Desktop\":33.3,\"Mobile\":null},\"elementId\":\"guten-acdfzW\",\"margin\":{\"Desktop\":{\"unit\":\"px\",\"dimension\":{\"top\":\"0\",\"right\":\"20\",\"bottom\":\"0\",\"left\":\"0\"}},\"Mobile\":{\"unit\":\"px\",\"dimension\":{\"top\":\"0\",\"right\":\"0\",\"bottom\":\"40\",\"left\":\"0\"}}},\"padding\":{\"Desktop\":[],\"Mobile\":{\"unit\":\"px\",\"dimension\":{\"top\":\"0\",\"right\":\"0\",\"bottom\":\"0\",\"left\":\"0\"}}}} -->\n<div class=\"wp-block-gutenverse-column guten-element guten-column guten-acdfzW\"><div class=\"guten-column-wrapper\" data-id=\"acdfzW\"><!-- wp:gutenverse\/image-box {\"elementId\":\"guten-MAhJeJ\",\"includeButton\":false,\"url\":\"#\",\"separateButtonLink\":false,\"title\":\"Chuck Morton\",\"description\":\"Assistant chef\",\"hasGlobalLink\":true,\"image\":{\"media\":{\"imageId\":1550,\"sizes\":{\"thumbnail\":{\"height\":150,\"width\":150,\"url\":\"https:\/\/designer.gutenverse.com\/sovy\/wp-content\/uploads\/sites\/79\/2024\/10\/chef-one.webp\",\"orientation\":\"landscape\"},\"medium\":{\"height\":300,\"width\":234,\"url\":\"https:\/\/designer.gutenverse.com\/sovy\/wp-content\/uploads\/sites\/79\/2024\/10\/chef-one.webp\",\"orientation\":\"portrait\"},\"full\":{\"url\":\"https:\/\/designer.gutenverse.com\/sovy\/wp-content\/uploads\/sites\/79\/2024\/10\/chef-one.webp\",\"height\":529,\"width\":413,\"orientation\":\"portrait\"}}},\"size\":\"full\"},\"imagePadding\":{\"Desktop\":[]},\"imageMargin\":{\"Desktop\":[]},\"imageBoxShadow\":{\"color\":{\"r\":0,\"g\":0,\"b\":0,\"a\":0}},\"imageHeight\":{\"Desktop\":{\"point\":\"\",\"unit\":\"px\"}},\"imageFit\":\"cover\",\"imageOpacity\":{\"Desktop\":\"1\"},\"imageHoverOpacity\":{\"Desktop\":\"0.8\"},\"imageHoverScale\":{\"Desktop\":\"1\"},\"containerBorder\":{\"radius\":{\"Desktop\":[]}},\"containerPadding\":{\"Desktop\":{\"unit\":\"px\",\"dimension\":{\"top\":\"35\",\"right\":\"0\",\"bottom\":\"0\",\"left\":\"0\"}}},\"containerMargin\":{\"Desktop\":{\"unit\":\"px\",\"dimension\":{\"top\":\"0\",\"right\":\"0\",\"bottom\":\"15\",\"left\":\"0\"}}},\"containerBoxShadow\":{\"color\":{\"r\":0,\"g\":0,\"b\":0,\"a\":0}},\"titleMargin\":{\"Desktop\":{\"unit\":\"px\",\"dimension\":{\"top\":\"10\",\"right\":\"0\",\"bottom\":\"15\",\"left\":\"0\"}}},\"titleTypography\":{\"type\":\"variable\",\"id\":\"iLeOE3\",\"font\":{\"label\":\"Raleway\",\"value\":\"Raleway\",\"type\":\"google\"},\"size\":{\"Desktop\":{\"point\":\"20\",\"unit\":\"px\"}},\"lineHeight\":{\"Desktop\":{\"unit\":\"em\",\"point\":\"1.6\"}},\"weight\":\"600\"},\"titleNormalColor\":{\"type\":\"variable\",\"id\":\"theme-2\"},\"descriptionMargin\":{\"Desktop\":{\"unit\":\"px\",\"dimension\":{\"top\":\"0\",\"right\":\"0\",\"bottom\":\"5\",\"left\":\"0\"}}},\"descriptionTypography\":{\"type\":\"variable\",\"id\":\"pV9o3R\",\"font\":{\"label\":\"Inter\",\"value\":\"Inter\",\"type\":\"google\"},\"size\":{\"Desktop\":{\"point\":\"16\",\"unit\":\"px\"}},\"weight\":\"300\",\"lineHeight\":{\"Desktop\":{\"unit\":\"em\",\"point\":\"1.5\"}},\"spacing\":{\"Desktop\":\"0\"}},\"descriptionNormalColor\":{\"type\":\"variable\",\"id\":\"theme-3\"},\"descriptionHoverColor\":{\"type\":\"variable\",\"id\":\"theme-2\"},\"border\":{\"radius\":{\"Desktop\":[]}},\"boxShadow\":{\"color\":{\"r\":0,\"g\":0,\"b\":0,\"a\":0}},\"lazyLoad\":false} -->\n<div class=\"guten-MAhJeJ guten-image-box guten-element style-default\"><a class=\"\" href=\"#\"><div class=\"inner-container\"><div class=\"image-box-header\"><img class=\"gutenverse-image-box-filled\" src=\"https:\/\/designer.gutenverse.com\/sovy\/wp-content\/uploads\/sites\/79\/2024\/10\/chef-one.webp\" height=\"529\" width=\"413\"\/><\/div><div class=\"image-box-body\"><div class=\"body-inner\"><h3 class=\"body-title icon-position-before\"><i><\/i><span>Chuck Morton<\/span><\/h3><p class=\"body-description\">Assistant chef<\/p><\/div><\/div><\/div><\/a><\/div>\n<!-- \/wp:gutenverse\/image-box -->\n\n<!-- wp:gutenverse\/social-icons {\"elementId\":\"guten-YrykJ4\",\"iconSize\":{\"Desktop\":{\"point\":\"16\",\"unit\":\"px\"}},\"gap\":{\"Desktop\":\"30\"},\"iconColor\":{\"type\":\"variable\",\"id\":\"theme-2\"},\"bgColor\":{\"r\":0,\"g\":0,\"b\":0,\"a\":0},\"itemPadding\":{\"Desktop\":{\"unit\":\"px\",\"dimension\":{\"top\":\"0\",\"right\":\"0\",\"bottom\":\"0\",\"left\":\"0\"}}}} -->\n<div class=\"guten-element guten-social-icons guten-YrykJ4 rounded horizontal fill\"><!-- wp:gutenverse\/social-icon {\"elementId\":\"guten-Zx4J4j\"} -->\n<div class=\"guten-element guten-social-icon guten-Zx4J4j facebook\"><a id=\"guten-Zx4J4j\"><i class=\"fab fa-facebook-f\"><\/i><\/a><\/div>\n<!-- \/wp:gutenverse\/social-icon -->\n\n<!-- wp:gutenverse\/social-icon {\"elementId\":\"guten-ylkalo\"} -->\n<div class=\"guten-element guten-social-icon guten-ylkalo link\"><a id=\"guten-ylkalo\"><i class=\"fab fa-linkedin-in\"><\/i><\/a><\/div>\n<!-- \/wp:gutenverse\/social-icon -->\n\n<!-- wp:gutenverse\/social-icon {\"elementId\":\"guten-nX5AEx\"} -->\n<div class=\"guten-element guten-social-icon guten-nX5AEx instagram\"><a id=\"guten-nX5AEx\"><i class=\"fab fa-instagram\"><\/i><\/a><\/div>\n<!-- \/wp:gutenverse\/social-icon --><\/div>\n<!-- \/wp:gutenverse\/social-icons --><\/div><\/div>\n<!-- \/wp:gutenverse\/column -->\n\n<!-- wp:gutenverse\/column {\"width\":{\"Desktop\":33.3,\"Mobile\":null},\"elementId\":\"guten-mcDgMN\",\"margin\":{\"Desktop\":{\"unit\":\"px\",\"dimension\":{\"top\":\"0\",\"right\":\"10\",\"bottom\":\"0\",\"left\":\"10\"}},\"Mobile\":{\"unit\":\"px\",\"dimension\":{\"top\":\"0\",\"right\":\"0\",\"bottom\":\"40\",\"left\":\"0\"}}},\"padding\":{\"Desktop\":[],\"Mobile\":{\"unit\":\"px\",\"dimension\":{\"top\":\"0\",\"right\":\"0\",\"bottom\":\"0\",\"left\":\"0\"}}}} -->\n<div class=\"wp-block-gutenverse-column guten-element guten-column guten-mcDgMN\"><div class=\"guten-column-wrapper\" data-id=\"mcDgMN\"><!-- wp:gutenverse\/image-box {\"elementId\":\"guten-16ZfiF\",\"includeButton\":false,\"url\":\"#\",\"separateButtonLink\":false,\"title\":\"Manuel Delaney\",\"description\":\"Chef\",\"hasGlobalLink\":true,\"image\":{\"media\":{\"imageId\":1552,\"sizes\":{\"thumbnail\":{\"height\":150,\"width\":150,\"url\":\"https:\/\/designer.gutenverse.com\/sovy\/wp-content\/uploads\/sites\/79\/2024\/10\/chef-two.webp\",\"orientation\":\"landscape\"},\"medium\":{\"height\":300,\"width\":234,\"url\":\"https:\/\/designer.gutenverse.com\/sovy\/wp-content\/uploads\/sites\/79\/2024\/10\/chef-two.webp\",\"orientation\":\"portrait\"},\"full\":{\"url\":\"https:\/\/designer.gutenverse.com\/sovy\/wp-content\/uploads\/sites\/79\/2024\/10\/chef-two.webp\",\"height\":529,\"width\":413,\"orientation\":\"portrait\"}}},\"size\":\"full\"},\"imagePadding\":{\"Desktop\":[]},\"imageMargin\":{\"Desktop\":[]},\"imageBoxShadow\":{\"color\":{\"r\":0,\"g\":0,\"b\":0,\"a\":0}},\"imageHeight\":{\"Desktop\":{\"point\":\"\",\"unit\":\"px\"}},\"imageFit\":\"cover\",\"imageOpacity\":{\"Desktop\":\"1\"},\"imageHoverOpacity\":{\"Desktop\":\"0.8\"},\"imageHoverScale\":{\"Desktop\":\"1\"},\"containerBorder\":{\"radius\":{\"Desktop\":[]}},\"containerPadding\":{\"Desktop\":{\"unit\":\"px\",\"dimension\":{\"top\":\"35\",\"right\":\"0\",\"bottom\":\"0\",\"left\":\"0\"}}},\"containerMargin\":{\"Desktop\":{\"unit\":\"px\",\"dimension\":{\"top\":\"0\",\"right\":\"0\",\"bottom\":\"15\",\"left\":\"0\"}}},\"containerBoxShadow\":{\"color\":{\"r\":0,\"g\":0,\"b\":0,\"a\":0}},\"titleMargin\":{\"Desktop\":{\"unit\":\"px\",\"dimension\":{\"top\":\"10\",\"right\":\"0\",\"bottom\":\"15\",\"left\":\"0\"}}},\"titleTypography\":{\"type\":\"variable\",\"id\":\"iLeOE3\",\"font\":{\"label\":\"Raleway\",\"value\":\"Raleway\",\"type\":\"google\"},\"size\":{\"Desktop\":{\"point\":\"20\",\"unit\":\"px\"}},\"lineHeight\":{\"Desktop\":{\"unit\":\"em\",\"point\":\"1.6\"}},\"weight\":\"600\"},\"titleNormalColor\":{\"type\":\"variable\",\"id\":\"theme-2\"},\"descriptionMargin\":{\"Desktop\":{\"unit\":\"px\",\"dimension\":{\"top\":\"0\",\"right\":\"0\",\"bottom\":\"5\",\"left\":\"0\"}}},\"descriptionTypography\":{\"type\":\"variable\",\"id\":\"pV9o3R\",\"font\":{\"label\":\"Inter\",\"value\":\"Inter\",\"type\":\"google\"},\"size\":{\"Desktop\":{\"point\":\"16\",\"unit\":\"px\"}},\"weight\":\"300\",\"lineHeight\":{\"Desktop\":{\"unit\":\"em\",\"point\":\"1.5\"}},\"spacing\":{\"Desktop\":\"0\"}},\"descriptionNormalColor\":{\"type\":\"variable\",\"id\":\"theme-3\"},\"descriptionHoverColor\":{\"type\":\"variable\",\"id\":\"theme-2\"},\"border\":{\"radius\":{\"Desktop\":[]}},\"boxShadow\":{\"color\":{\"r\":0,\"g\":0,\"b\":0,\"a\":0}},\"lazyLoad\":false} -->\n<div class=\"guten-16ZfiF guten-image-box guten-element style-default\"><a class=\"\" href=\"#\"><div class=\"inner-container\"><div class=\"image-box-header\"><img class=\"gutenverse-image-box-filled\" src=\"https:\/\/designer.gutenverse.com\/sovy\/wp-content\/uploads\/sites\/79\/2024\/10\/chef-two.webp\" height=\"529\" width=\"413\"\/><\/div><div class=\"image-box-body\"><div class=\"body-inner\"><h3 class=\"body-title icon-position-before\"><i><\/i><span>Manuel Delaney<\/span><\/h3><p class=\"body-description\">Chef<\/p><\/div><\/div><\/div><\/a><\/div>\n<!-- \/wp:gutenverse\/image-box -->\n\n<!-- wp:gutenverse\/social-icons {\"elementId\":\"guten-xSFMYZ\",\"iconSize\":{\"Desktop\":{\"point\":\"16\",\"unit\":\"px\"}},\"gap\":{\"Desktop\":\"30\"},\"iconColor\":{\"type\":\"variable\",\"id\":\"theme-2\"},\"bgColor\":{\"r\":0,\"g\":0,\"b\":0,\"a\":0},\"itemPadding\":{\"Desktop\":{\"unit\":\"px\",\"dimension\":{\"top\":\"0\",\"right\":\"0\",\"bottom\":\"0\",\"left\":\"0\"}}}} -->\n<div class=\"guten-element guten-social-icons guten-xSFMYZ rounded horizontal fill\"><!-- wp:gutenverse\/social-icon {\"elementId\":\"guten-6ug7RA\"} -->\n<div class=\"guten-element guten-social-icon guten-6ug7RA facebook\"><a id=\"guten-6ug7RA\"><i class=\"fab fa-facebook-f\"><\/i><\/a><\/div>\n<!-- \/wp:gutenverse\/social-icon -->\n\n<!-- wp:gutenverse\/social-icon {\"elementId\":\"guten-BO0tyI\"} -->\n<div class=\"guten-element guten-social-icon guten-BO0tyI link\"><a id=\"guten-BO0tyI\"><i class=\"fab fa-linkedin-in\"><\/i><\/a><\/div>\n<!-- \/wp:gutenverse\/social-icon -->\n\n<!-- wp:gutenverse\/social-icon {\"elementId\":\"guten-eQ9UAT\"} -->\n<div class=\"guten-element guten-social-icon guten-eQ9UAT instagram\"><a id=\"guten-eQ9UAT\"><i class=\"fab fa-instagram\"><\/i><\/a><\/div>\n<!-- \/wp:gutenverse\/social-icon --><\/div>\n<!-- \/wp:gutenverse\/social-icons --><\/div><\/div>\n<!-- \/wp:gutenverse\/column -->\n\n<!-- wp:gutenverse\/column {\"width\":{\"Desktop\":33.3,\"Mobile\":null},\"elementId\":\"guten-H0wUHM\",\"margin\":{\"Desktop\":{\"unit\":\"px\",\"dimension\":{\"top\":\"0\",\"right\":\"0\",\"bottom\":\"0\",\"left\":\"20\"}},\"Mobile\":{\"unit\":\"px\",\"dimension\":{\"top\":\"0\",\"right\":\"0\",\"bottom\":\"0\",\"left\":\"0\"}}},\"padding\":{\"Desktop\":[],\"Mobile\":{\"unit\":\"px\",\"dimension\":{\"top\":\"0\",\"right\":\"0\",\"bottom\":\"0\",\"left\":\"0\"}}}} -->\n<div class=\"wp-block-gutenverse-column guten-element guten-column guten-H0wUHM\"><div class=\"guten-column-wrapper\" data-id=\"H0wUHM\"><!-- wp:gutenverse\/image-box {\"elementId\":\"guten-877lAL\",\"includeButton\":false,\"url\":\"#\",\"separateButtonLink\":false,\"title\":\"Morgan Bullock\",\"description\":\"Assistant chef\",\"hasGlobalLink\":true,\"image\":{\"media\":{\"imageId\":1551,\"sizes\":{\"thumbnail\":{\"height\":150,\"width\":150,\"url\":\"https:\/\/designer.gutenverse.com\/sovy\/wp-content\/uploads\/sites\/79\/2024\/10\/chef-three.webp\",\"orientation\":\"landscape\"},\"medium\":{\"height\":300,\"width\":234,\"url\":\"https:\/\/designer.gutenverse.com\/sovy\/wp-content\/uploads\/sites\/79\/2024\/10\/chef-three.webp\",\"orientation\":\"portrait\"},\"full\":{\"url\":\"https:\/\/designer.gutenverse.com\/sovy\/wp-content\/uploads\/sites\/79\/2024\/10\/chef-three.webp\",\"height\":529,\"width\":413,\"orientation\":\"portrait\"}}},\"size\":\"full\"},\"imagePadding\":{\"Desktop\":[]},\"imageMargin\":{\"Desktop\":[]},\"imageBoxShadow\":{\"color\":{\"r\":0,\"g\":0,\"b\":0,\"a\":0}},\"imageHeight\":{\"Desktop\":{\"point\":\"\",\"unit\":\"px\"}},\"imageFit\":\"cover\",\"imageOpacity\":{\"Desktop\":\"1\"},\"imageHoverOpacity\":{\"Desktop\":\"0.8\"},\"imageHoverScale\":{\"Desktop\":\"1\"},\"containerBorder\":{\"radius\":{\"Desktop\":[]}},\"containerPadding\":{\"Desktop\":{\"unit\":\"px\",\"dimension\":{\"top\":\"35\",\"right\":\"0\",\"bottom\":\"0\",\"left\":\"0\"}}},\"containerMargin\":{\"Desktop\":{\"unit\":\"px\",\"dimension\":{\"top\":\"0\",\"right\":\"0\",\"bottom\":\"15\",\"left\":\"0\"}}},\"containerBoxShadow\":{\"color\":{\"r\":0,\"g\":0,\"b\":0,\"a\":0}},\"titleMargin\":{\"Desktop\":{\"unit\":\"px\",\"dimension\":{\"top\":\"10\",\"right\":\"0\",\"bottom\":\"15\",\"left\":\"0\"}}},\"titleTypography\":{\"type\":\"variable\",\"id\":\"iLeOE3\",\"font\":{\"label\":\"Raleway\",\"value\":\"Raleway\",\"type\":\"google\"},\"size\":{\"Desktop\":{\"point\":\"20\",\"unit\":\"px\"}},\"lineHeight\":{\"Desktop\":{\"unit\":\"em\",\"point\":\"1.6\"}},\"weight\":\"600\"},\"titleNormalColor\":{\"type\":\"variable\",\"id\":\"theme-2\"},\"descriptionMargin\":{\"Desktop\":{\"unit\":\"px\",\"dimension\":{\"top\":\"0\",\"right\":\"0\",\"bottom\":\"5\",\"left\":\"0\"}}},\"descriptionTypography\":{\"type\":\"variable\",\"id\":\"pV9o3R\",\"font\":{\"label\":\"Inter\",\"value\":\"Inter\",\"type\":\"google\"},\"size\":{\"Desktop\":{\"point\":\"16\",\"unit\":\"px\"}},\"weight\":\"300\",\"lineHeight\":{\"Desktop\":{\"unit\":\"em\",\"point\":\"1.5\"}},\"spacing\":{\"Desktop\":\"0\"}},\"descriptionNormalColor\":{\"type\":\"variable\",\"id\":\"theme-3\"},\"descriptionHoverColor\":{\"type\":\"variable\",\"id\":\"theme-2\"},\"border\":{\"radius\":{\"Desktop\":[]}},\"boxShadow\":{\"color\":{\"r\":0,\"g\":0,\"b\":0,\"a\":0}},\"lazyLoad\":false} -->\n<div class=\"guten-877lAL guten-image-box guten-element style-default\"><a class=\"\" href=\"#\"><div class=\"inner-container\"><div class=\"image-box-header\"><img class=\"gutenverse-image-box-filled\" src=\"https:\/\/designer.gutenverse.com\/sovy\/wp-content\/uploads\/sites\/79\/2024\/10\/chef-three.webp\" height=\"529\" width=\"413\"\/><\/div><div class=\"image-box-body\"><div class=\"body-inner\"><h3 class=\"body-title icon-position-before\"><i><\/i><span>Morgan Bullock<\/span><\/h3><p class=\"body-description\">Assistant chef<\/p><\/div><\/div><\/div><\/a><\/div>\n<!-- \/wp:gutenverse\/image-box -->\n\n<!-- wp:gutenverse\/social-icons {\"elementId\":\"guten-ZG5FVd\",\"iconSize\":{\"Desktop\":{\"point\":\"16\",\"unit\":\"px\"}},\"gap\":{\"Desktop\":\"30\"},\"iconColor\":{\"type\":\"variable\",\"id\":\"theme-2\"},\"bgColor\":{\"r\":0,\"g\":0,\"b\":0,\"a\":0},\"itemPadding\":{\"Desktop\":{\"unit\":\"px\",\"dimension\":{\"top\":\"0\",\"right\":\"0\",\"bottom\":\"0\",\"left\":\"0\"}}}} -->\n<div class=\"guten-element guten-social-icons guten-ZG5FVd rounded horizontal fill\"><!-- wp:gutenverse\/social-icon {\"elementId\":\"guten-S1X7dG\"} -->\n<div class=\"guten-element guten-social-icon guten-S1X7dG facebook\"><a id=\"guten-S1X7dG\"><i class=\"fab fa-facebook-f\"><\/i><\/a><\/div>\n<!-- \/wp:gutenverse\/social-icon -->\n\n<!-- wp:gutenverse\/social-icon {\"elementId\":\"guten-Yvic6B\"} -->\n<div class=\"guten-element guten-social-icon guten-Yvic6B link\"><a id=\"guten-Yvic6B\"><i class=\"fab fa-linkedin-in\"><\/i><\/a><\/div>\n<!-- \/wp:gutenverse\/social-icon -->\n\n<!-- wp:gutenverse\/social-icon {\"elementId\":\"guten-Fvvzhu\"} -->\n<div class=\"guten-element guten-social-icon guten-Fvvzhu instagram\"><a id=\"guten-Fvvzhu\"><i class=\"fab fa-instagram\"><\/i><\/a><\/div>\n<!-- \/wp:gutenverse\/social-icon --><\/div>\n<!-- \/wp:gutenverse\/social-icons --><\/div><\/div>\n<!-- \/wp:gutenverse\/column --><\/div><\/section><\/div>\n<!-- \/wp:gutenverse\/section --><\/div><\/div>\n<!-- \/wp:gutenverse\/column --><\/div><\/section><\/div>\n<!-- \/wp:gutenverse\/section -->\n\n<!-- wp:pattern {\"slug\":\"sovy\/sovy-gutenverse-cta\"} \/-->\n\n<!-- wp:pattern {\"slug\":\"sovy\/sovy-gutenverse-contact\"} \/-->\n\n<!-- wp:pattern {\"slug\":\"sovy\/sovy-gutenverse-footer\"} \/-->",
    "preview_url" : "https://fse.jegtheme.com/sovy/our-chef/",
    "image_url" : "assets/img/ss-cover-sovy-our-chef.webp",
    "is_homepage" : false,
    "core-patterns" : [],
    "pro-patterns" : [],
    "gutenverse-patterns" : ["sovy-gutenverse-header", "sovy-gutenverse-cta", "sovy-gutenverse-contact", "sovy-gutenverse-footer"],
    "image_arr" : "[{'name':'about-hero.webp','image_url':'https:\/\/designer.gutenverse.com\/sovy\/wp-content\/uploads\/sites\/79\/2024\/10\/about-hero.webp','type':'page','id':20,'image_id':1039},{'name':'signature.webp','image_url':'https:\/\/designer.gutenverse.com\/sovy\/wp-content\/uploads\/sites\/79\/2024\/10\/signature.webp','type':'page','id':20,'image_id':1078},{'name':'chefaax.webp','image_url':'https:\/\/designer.gutenverse.com\/sovy\/wp-content\/uploads\/sites\/79\/2024\/10\/chefaax.webp','type':'page','id':20,'image_id':814},{'name':'chef-one.webp','image_url':'https:\/\/designer.gutenverse.com\/sovy\/wp-content\/uploads\/sites\/79\/2024\/10\/chef-one.webp','type':'page','id':20,'image_id':1550},{'name':'chef-two.webp','image_url':'https:\/\/designer.gutenverse.com\/sovy\/wp-content\/uploads\/sites\/79\/2024\/10\/chef-two.webp','type':'page','id':20,'image_id':1552},{'name':'chef-three.webp','image_url':'https:\/\/designer.gutenverse.com\/sovy\/wp-content\/uploads\/sites\/79\/2024\/10\/chef-three.webp','type':'page','id':20,'image_id':1551}]"
}