{
    "template" : "blank-canvas",
    "pagetitle": "Reservation - Style 1",
    "content" : "<!-- wp:pattern {\"slug\":\"sovy\/sovy-gutenverse-header\"} \/-->\n\n<!-- wp:pattern {\"slug\":\"sovy\/sovy-reservation-gutenverse-hero\"} \/-->\n\n<!-- wp:gutenverse\/section {\"width\":{\"Desktop\":\"1295\"},\"gap\":\"no\",\"elementId\":\"guten-Z1arqv\",\"margin\":{\"Desktop\":[],\"Tablet\":[],\"Mobile\":[]},\"padding\":{\"Desktop\":{\"unit\":\"px\",\"dimension\":{\"top\":\"100\",\"right\":\"0\",\"bottom\":\"180\",\"left\":\"0\"}},\"Tablet\":{\"unit\":\"px\",\"dimension\":{\"top\":\"80\",\"right\":\"20\",\"bottom\":\"80\",\"left\":\"20\"}},\"Mobile\":{\"unit\":\"px\",\"dimension\":{\"top\":\"80\",\"right\":\"20\",\"bottom\":\"80\",\"left\":\"20\"}}}} -->\n<div class=\"section-wrapper\" data-id=\"Z1arqv\"><section class=\"wp-block-gutenverse-section guten-element guten-section guten-Z1arqv layout-boxed align-stretch\"><div class=\"guten-container guten-column-gap-no\"><!-- wp:gutenverse\/column {\"width\":{\"Desktop\":60,\"Tablet\":100},\"elementId\":\"guten-o0LAvN\",\"order\":{\"Tablet\":2},\"margin\":{\"Desktop\":[],\"Tablet\":[]},\"padding\":{\"Desktop\":{\"unit\":\"px\",\"dimension\":{\"top\":\"0\",\"right\":\"100\",\"bottom\":\"0\",\"left\":\"0\"}},\"Tablet\":{\"unit\":\"px\",\"dimension\":{\"top\":\"80\",\"right\":\"0\",\"bottom\":\"0\",\"left\":\"0\"}}}} -->\n<div class=\"wp-block-gutenverse-column guten-element guten-column guten-o0LAvN\"><div class=\"guten-column-wrapper\" data-id=\"o0LAvN\"><!-- wp:gutenverse\/advanced-heading {\"elementId\":\"guten-tSfxT0\",\"text\":\"Your Details\",\"focusText\":\"\",\"subText\":\"Reserve A Table\",\"lineWidth\":{\"Desktop\":\"7.5\",\"Tablet\":\"7\",\"Mobile\":\"16\"},\"lineHeight\":{\"Desktop\":\"2\"},\"lineMargin\":{\"Desktop\":{\"unit\":\"px\",\"dimension\":{\"top\":\"15\",\"right\":\"20\",\"bottom\":\"15\",\"left\":\"0\"}},\"Tablet\":[],\"Mobile\":[]},\"mainColor\":{\"type\":\"variable\",\"id\":\"theme-2\"},\"mainTypography\":{\"type\":\"variable\",\"id\":\"PM6GMF\",\"font\":{\"label\":\"Inter\",\"value\":\"Inter\",\"type\":\"google\"},\"size\":{\"Desktop\":{\"point\":\"16\",\"unit\":\"px\"}},\"weight\":\"500\",\"lineHeight\":{\"Desktop\":{\"unit\":\"em\",\"point\":\"1.6\"}},\"transform\":\"uppercase\",\"spacing\":{\"Desktop\":\"1\"}},\"mainMargin\":{\"Desktop\":{\"unit\":\"px\",\"dimension\":{\"top\":\"0\",\"right\":\"0\",\"bottom\":\"0\",\"left\":\"0\"}}},\"mainPadding\":{\"Desktop\":{\"unit\":\"px\",\"dimension\":{\"top\":\"\",\"right\":\"\",\"bottom\":\"\",\"left\":\"\"}}},\"focusMargin\":{\"Desktop\":[]},\"focusPadding\":{\"Desktop\":[]},\"subColor\":{\"type\":\"variable\",\"id\":\"theme-0\"},\"subTypography\":{\"type\":\"variable\",\"id\":\"1dcJQ2\",\"font\":{\"label\":\"Raleway\",\"value\":\"Raleway\",\"type\":\"google\"},\"size\":{\"Desktop\":{\"point\":\"56\",\"unit\":\"px\"}},\"weight\":\"800\",\"transform\":\"capitalize\",\"lineHeight\":{\"Desktop\":{\"unit\":\"em\",\"point\":\"1\"}}},\"subMargin\":{\"Desktop\":{\"unit\":\"px\",\"dimension\":{\"top\":\"0\",\"right\":\"0\",\"bottom\":\"0\",\"left\":\"0\"}}},\"subPadding\":{\"Desktop\":{\"unit\":\"px\",\"dimension\":{\"top\":\"10\",\"right\":\"0\",\"bottom\":\"0\",\"left\":\"0\"}}},\"lineColor\":{\"type\":\"variable\",\"id\":\"theme-2\"},\"border\":{\"radius\":{\"Desktop\":[]}},\"margin\":{\"Desktop\":{\"unit\":\"px\",\"dimension\":{\"top\":\"0\",\"right\":\"0\",\"bottom\":\"35\",\"left\":\"0\"}}},\"padding\":{\"Desktop\":[]}} -->\n<div class=\"guten-element guten-advanced-heading guten-tSfxT0\"><div class=\"heading-section \"><div class=\"heading-line before\"><\/div><h2 class=\"heading-title\"><span class=\"heading-title\">Your Details<\/span><span class=\"heading-focus\"><\/span><\/h2><\/div><span class=\"heading-subtitle\">Reserve A Table<\/span><\/div>\n<!-- \/wp:gutenverse\/advanced-heading -->\n\n<!-- wp:gutenverse\/form-builder {\"elementId\":\"guten-6GjuF1\",\"formId\":{\"label\":\"Form Reserve Sovy\",\"value\":1493}} -->\n<form style=\"display:none\" class=\"guten-element guten-form-builder guten-6GjuF1\" data-form-id=\"1493\"><!-- wp:gutenverse\/section {\"width\":{\"Desktop\":\"\"},\"isChild\":true,\"gap\":\"no\",\"elementId\":\"guten-yRYkrB\",\"margin\":{\"Desktop\":{\"unit\":\"px\",\"dimension\":{\"top\":\"0\",\"right\":\"0\",\"bottom\":\"25\",\"left\":\"0\"}},\"Mobile\":{\"unit\":\"px\",\"dimension\":{\"top\":\"0\",\"right\":\"0\",\"bottom\":\"20\",\"left\":\"0\"}}},\"padding\":{\"Desktop\":[],\"Mobile\":[]}} -->\n<div class=\"section-wrapper\" data-id=\"yRYkrB\"><section class=\"wp-block-gutenverse-section guten-element guten-section guten-yRYkrB layout-boxed align-stretch\"><div class=\"guten-container guten-column-gap-no\"><!-- wp:gutenverse\/column {\"width\":{\"Desktop\":50,\"Mobile\":null},\"elementId\":\"guten-4zJfFS\",\"margin\":{\"Desktop\":{\"unit\":\"px\",\"dimension\":{\"top\":\"\",\"right\":\"\",\"bottom\":\"\",\"left\":\"\"}},\"Mobile\":[]},\"padding\":{\"Desktop\":{\"unit\":\"px\",\"dimension\":{\"top\":\"0\",\"right\":\"15\",\"bottom\":\"0\",\"left\":\"0\"}},\"Mobile\":{\"unit\":\"px\",\"dimension\":{\"top\":\"0\",\"right\":\"0\",\"bottom\":\"20\",\"left\":\"0\"}}}} -->\n<div class=\"wp-block-gutenverse-column guten-element guten-column guten-4zJfFS\"><div class=\"guten-column-wrapper\" data-id=\"4zJfFS\"><!-- wp:gutenverse\/form-input-text {\"elementId\":\"guten-R566K7\",\"inputLabel\":\"Name \",\"inputPlaceholder\":\"John\",\"showHelper\":false,\"labelWidth\":{\"Desktop\":\"\"},\"labelColor\":{\"Desktop\":{\"type\":\"variable\",\"id\":\"theme-0\"}},\"labelTypography\":{\"type\":\"variable\",\"id\":\"QiqSBU\",\"font\":{\"label\":\"Inter\",\"value\":\"Inter\",\"type\":\"google\"},\"size\":{\"Desktop\":{\"point\":\"14\",\"unit\":\"px\"}},\"lineHeight\":{\"Desktop\":{\"unit\":\"em\",\"point\":\"1.6\"}},\"weight\":\"400\",\"transform\":\"uppercase\",\"spacing\":{\"Desktop\":\"0.25\"}},\"labelPadding\":{\"Desktop\":{\"unit\":\"px\",\"dimension\":{\"top\":\"\",\"right\":\"\",\"bottom\":\"\",\"left\":\"\"}}},\"labelMargin\":{\"Desktop\":{\"unit\":\"px\",\"dimension\":{\"top\":\"0\",\"right\":\"0\",\"bottom\":\"8\",\"left\":\"0\"}}},\"helperPadding\":{\"Desktop\":[]},\"positioningType\":{\"Desktop\":\"default\"},\"positioningWidth\":{\"Desktop\":{\"unit\":\"%\",\"point\":\"47.2\"}},\"margin\":{\"Desktop\":{\"unit\":\"px\",\"dimension\":{\"top\":\"\",\"right\":\"\",\"bottom\":\"\",\"left\":\"\"}}},\"padding\":{\"Desktop\":{\"unit\":\"px\",\"dimension\":{\"top\":\"0\",\"right\":\"0\",\"bottom\":\"0\",\"left\":\"0\"}}},\"required\":true,\"inputPadding\":{\"Desktop\":{\"unit\":\"px\",\"dimension\":{\"top\":\"15\",\"right\":\"15\",\"bottom\":\"15\",\"left\":\"15\"}}},\"inputMargin\":{\"Desktop\":[]},\"placeholderColor\":{\"Desktop\":{\"r\":138,\"g\":138,\"b\":136,\"a\":1}},\"inputTypography\":{\"type\":\"variable\",\"id\":\"MrcivH\",\"size\":{\"Desktop\":{\"point\":\"16\",\"unit\":\"px\"}},\"font\":{\"label\":\"Inter\",\"value\":\"Inter\",\"type\":\"google\"},\"lineHeight\":{\"Desktop\":{\"unit\":\"em\",\"point\":\"1.2\"}},\"weight\":\"200\"},\"inputColorNormal\":{\"Desktop\":{\"type\":\"variable\",\"id\":\"theme-3\"}},\"inputBorderNormal\":{\"radius\":{\"Desktop\":{\"unit\":\"px\",\"dimension\":{\"top\":\"0\",\"right\":\"0\",\"bottom\":\"0\",\"left\":\"0\"}}},\"all\":{\"type\":\"solid\",\"width\":1,\"color\":{\"r\":0,\"g\":0,\"b\":0,\"a\":0}}},\"inputBorderHover\":{\"radius\":{\"Desktop\":[]},\"all\":{\"width\":1,\"type\":\"solid\",\"color\":{\"type\":\"variable\",\"id\":\"theme-2\"}}},\"inputColorFocus\":{\"Desktop\":{\"type\":\"variable\",\"id\":\"theme-3\"}},\"inputBorderFocus\":{\"radius\":{\"Desktop\":[]},\"all\":{\"type\":\"solid\",\"width\":1,\"color\":{\"type\":\"variable\",\"id\":\"theme-2\"}}},\"inputBgColorNormal\":{\"Desktop\":{\"r\":26,\"g\":28,\"b\":29,\"a\":1}},\"inputBgColorHover\":{\"Desktop\":{\"r\":26,\"g\":28,\"b\":29,\"a\":1}},\"labelRequireColor\":{\"Desktop\":{\"type\":\"variable\",\"id\":\"theme-2\"}}} -->\n<div class=\"guten-element guten-form-input-text guten-form-input guten-input-position-top guten-R566K7 hide-helper\"><div class=\"label-wrapper\"><label class=\"input-label\">Name <\/label><span class=\"required-badge\">*<\/span><\/div><div class=\"main-wrapper\"><input data-validation=\"{&quot;type&quot;:&quot;text&quot;,&quot;required&quot;:true,&quot;validationType&quot;:&quot;none&quot;,&quot;validationWarning&quot;:&quot;Input Invalid&quot;}\" placeholder=\"John\" name=\"input-text-name\" class=\"gutenverse-input gutenverse-input-text\" type=\"text\"\/><div class=\"validation-error\">Input Invalid<\/div><\/div><\/div>\n<!-- \/wp:gutenverse\/form-input-text --><\/div><\/div>\n<!-- \/wp:gutenverse\/column -->\n\n<!-- wp:gutenverse\/column {\"width\":{\"Desktop\":50,\"Mobile\":null},\"elementId\":\"guten-ogfskn\",\"margin\":{\"Desktop\":[],\"Mobile\":{\"unit\":\"px\",\"dimension\":{\"top\":\"0\",\"right\":\"0\",\"bottom\":\"0\",\"left\":\"0\"}}},\"padding\":{\"Desktop\":{\"unit\":\"px\",\"dimension\":{\"top\":\"0\",\"right\":\"0\",\"bottom\":\"0\",\"left\":\"15\"}},\"Mobile\":{\"unit\":\"px\",\"dimension\":{\"top\":\"0\",\"right\":\"0\",\"bottom\":\"0\",\"left\":\"0\"}}}} -->\n<div class=\"wp-block-gutenverse-column guten-element guten-column guten-ogfskn\"><div class=\"guten-column-wrapper\" data-id=\"ogfskn\"><!-- wp:gutenverse\/form-input-email {\"elementId\":\"guten-m380RG\",\"showHelper\":false,\"labelColor\":{\"Desktop\":{\"type\":\"variable\",\"id\":\"theme-0\"}},\"labelTypography\":{\"type\":\"variable\",\"id\":\"QiqSBU\",\"font\":{\"label\":\"Inter\",\"value\":\"Inter\",\"type\":\"google\"},\"size\":{\"Desktop\":{\"point\":\"14\",\"unit\":\"px\"}},\"lineHeight\":{\"Desktop\":{\"unit\":\"em\",\"point\":\"1.6\"}},\"weight\":\"400\",\"transform\":\"uppercase\",\"spacing\":{\"Desktop\":\"0.25\"}},\"labelPadding\":{\"Desktop\":[]},\"labelMargin\":{\"Desktop\":{\"unit\":\"px\",\"dimension\":{\"top\":\"0\",\"right\":\"0\",\"bottom\":\"8\",\"left\":\"0\"}}},\"helperPadding\":{\"Desktop\":{\"unit\":\"px\",\"dimension\":{\"top\":\"\",\"right\":\"\",\"bottom\":\"\",\"left\":\"\"}}},\"positioningType\":{\"Desktop\":\"default\"},\"positioningWidth\":{\"Desktop\":{\"unit\":\"%\",\"point\":\"47.2\"}},\"margin\":{\"Desktop\":{\"unit\":\"px\",\"dimension\":{\"top\":\"\",\"right\":\"\",\"bottom\":\"\",\"left\":\"\"}}},\"padding\":{\"Desktop\":{\"unit\":\"px\",\"dimension\":{\"top\":\"0\",\"right\":\"0\",\"bottom\":\"0\",\"left\":\"0\"}}},\"inputLabel\":\"Email Address \",\"inputPlaceholder\":\"email@gmail.com\",\"required\":true,\"inputPadding\":{\"Desktop\":{\"unit\":\"px\",\"dimension\":{\"top\":\"15\",\"right\":\"15\",\"bottom\":\"15\",\"left\":\"15\"}}},\"inputMargin\":{\"Desktop\":[]},\"placeholderColor\":{\"Desktop\":{\"r\":138,\"g\":138,\"b\":136,\"a\":1}},\"inputTypography\":{\"type\":\"variable\",\"id\":\"MrcivH\",\"size\":{\"Desktop\":{\"point\":\"16\",\"unit\":\"px\"}},\"font\":{\"label\":\"Inter\",\"value\":\"Inter\",\"type\":\"google\"},\"lineHeight\":{\"Desktop\":{\"unit\":\"em\",\"point\":\"1.2\"}},\"weight\":\"200\"},\"inputColorNormal\":{\"Desktop\":{\"type\":\"variable\",\"id\":\"theme-3\"}},\"inputBorderNormal\":{\"radius\":{\"Desktop\":{\"unit\":\"px\",\"dimension\":{\"top\":\"0\",\"right\":\"0\",\"bottom\":\"0\",\"left\":\"0\"}}},\"all\":{\"type\":\"solid\",\"width\":1,\"color\":{\"r\":0,\"g\":0,\"b\":0,\"a\":0}}},\"inputColorHover\":{\"Desktop\":[]},\"inputBorderHover\":{\"radius\":{\"Desktop\":[]},\"all\":{\"type\":\"solid\",\"width\":1,\"color\":{\"type\":\"variable\",\"id\":\"theme-2\"}}},\"inputColorFocus\":{\"Desktop\":{\"type\":\"variable\",\"id\":\"theme-3\"}},\"inputBorderFocus\":{\"radius\":{\"Desktop\":[]},\"all\":{\"type\":\"solid\",\"width\":1,\"color\":{\"type\":\"variable\",\"id\":\"theme-2\"}}},\"inputBgColorNormal\":{\"Desktop\":{\"r\":26,\"g\":28,\"b\":29,\"a\":1}},\"labelRequireColor\":{\"Desktop\":{\"type\":\"variable\",\"id\":\"theme-2\"}}} -->\n<div class=\"guten-element guten-form-input-email guten-form-input guten-input-position-top guten-m380RG hide-helper\"><div class=\"label-wrapper\"><label class=\"input-label\">Email Address <\/label><span class=\"required-badge\">*<\/span><\/div><div class=\"main-wrapper\"><input data-validation=\"{&quot;type&quot;:&quot;email&quot;,&quot;required&quot;:true,&quot;validationType&quot;:&quot;none&quot;,&quot;validationWarning&quot;:&quot;Input Invalid&quot;}\" placeholder=\"email@gmail.com\" name=\"input-email\" class=\"gutenverse-input gutenverse-input-email\" type=\"email\"\/><div class=\"validation-error\">Input Invalid<\/div><\/div><\/div>\n<!-- \/wp:gutenverse\/form-input-email --><\/div><\/div>\n<!-- \/wp:gutenverse\/column --><\/div><\/section><\/div>\n<!-- \/wp:gutenverse\/section -->\n\n<!-- wp:gutenverse\/form-input-telp {\"elementId\":\"guten-yjhMLG\",\"showHelper\":false,\"labelColor\":{\"Desktop\":{\"type\":\"variable\",\"id\":\"theme-0\"}},\"labelTypography\":{\"type\":\"variable\",\"id\":\"QiqSBU\",\"font\":{\"label\":\"Inter\",\"value\":\"Inter\",\"type\":\"google\"},\"size\":{\"Desktop\":{\"point\":\"14\",\"unit\":\"px\"}},\"lineHeight\":{\"Desktop\":{\"unit\":\"em\",\"point\":\"1.6\"}},\"weight\":\"400\",\"transform\":\"uppercase\",\"spacing\":{\"Desktop\":\"0.25\"}},\"labelPadding\":{\"Desktop\":{\"unit\":\"px\",\"dimension\":{\"top\":\"\",\"right\":\"\",\"bottom\":\"\",\"left\":\"\"}}},\"labelMargin\":{\"Desktop\":{\"unit\":\"px\",\"dimension\":{\"top\":\"0\",\"right\":\"0\",\"bottom\":\"8\",\"left\":\"0\"}}},\"helperPadding\":{\"Desktop\":[]},\"margin\":{\"Desktop\":{\"unit\":\"px\",\"dimension\":{\"top\":\"0\",\"right\":\"0\",\"bottom\":\"15\",\"left\":\"0\"}},\"Mobile\":{\"unit\":\"px\",\"dimension\":{\"top\":\"0\",\"right\":\"0\",\"bottom\":\"10\",\"left\":\"0\"}}},\"padding\":{\"Desktop\":{\"unit\":\"px\",\"dimension\":{\"top\":\"0\",\"right\":\"0\",\"bottom\":\"0\",\"left\":\"0\"}},\"Mobile\":[]},\"inputLabel\":\"Mobile Number \",\"inputPlaceholder\":\"(00) 88123456789\",\"required\":true,\"inputPadding\":{\"Desktop\":{\"unit\":\"px\",\"dimension\":{\"top\":\"15\",\"right\":\"15\",\"bottom\":\"15\",\"left\":\"15\"}}},\"inputMargin\":{\"Desktop\":[]},\"placeholderColor\":{\"Desktop\":{\"r\":138,\"g\":138,\"b\":136,\"a\":1}},\"inputTypography\":{\"type\":\"variable\",\"id\":\"MrcivH\",\"size\":{\"Desktop\":{\"point\":\"16\",\"unit\":\"px\"}},\"font\":{\"label\":\"Inter\",\"value\":\"Inter\",\"type\":\"google\"},\"lineHeight\":{\"Desktop\":{\"unit\":\"em\",\"point\":\"1.2\"}},\"weight\":\"200\",\"spacing\":{\"Desktop\":\"0.08\"}},\"inputColorNormal\":{\"Desktop\":{\"type\":\"variable\",\"id\":\"theme-3\"}},\"inputBorderNormal\":{\"radius\":{\"Desktop\":{\"unit\":\"px\",\"dimension\":{\"top\":\"0\",\"right\":\"0\",\"bottom\":\"0\",\"left\":\"0\"}}},\"all\":{\"type\":\"solid\",\"width\":1,\"color\":{\"r\":0,\"g\":0,\"b\":0,\"a\":0}}},\"inputBorderHover\":{\"radius\":{\"Desktop\":{\"unit\":\"px\",\"dimension\":{\"top\":\"0\",\"right\":\"0\",\"bottom\":\"0\",\"left\":\"0\"}}},\"all\":{\"type\":\"solid\",\"width\":1,\"color\":{\"type\":\"variable\",\"id\":\"theme-2\"}}},\"inputColorFocus\":{\"Desktop\":{\"type\":\"variable\",\"id\":\"theme-3\"}},\"inputBorderFocus\":{\"radius\":{\"Desktop\":{\"unit\":\"px\",\"dimension\":{\"top\":\"0\",\"right\":\"0\",\"bottom\":\"0\",\"left\":\"0\"}}},\"all\":{\"type\":\"solid\",\"width\":1,\"color\":{\"type\":\"variable\",\"id\":\"theme-2\"}}},\"inputBgColorNormal\":{\"Desktop\":{\"r\":26,\"g\":28,\"b\":29,\"a\":1}},\"labelRequireColor\":{\"Desktop\":{\"type\":\"variable\",\"id\":\"theme-2\"}}} -->\n<div class=\"guten-element guten-form-input-telp guten-form-input guten-input-position-top guten-yjhMLG hide-helper\"><div class=\"label-wrapper\"><label class=\"input-label\">Mobile Number <\/label><span class=\"required-badge\">*<\/span><\/div><div class=\"main-wrapper\"><input data-validation=\"{&quot;type&quot;:&quot;telp&quot;,&quot;required&quot;:true,&quot;validationType&quot;:&quot;none&quot;,&quot;validationWarning&quot;:&quot;Input Invalid&quot;}\" placeholder=\"(00) 88123456789\" name=\"input-phone\" class=\"gutenverse-input gutenverse-input-tel\" type=\"tel\" pattern=\"\\+[0-9]+[0-9\\s\\-]*\"\/><div class=\"validation-error\">Input Invalid<\/div><\/div><\/div>\n<!-- \/wp:gutenverse\/form-input-telp -->\n\n<!-- wp:gutenverse\/section {\"width\":{\"Desktop\":\"\"},\"isChild\":true,\"gap\":\"no\",\"elementId\":\"guten-hqpuQK\",\"margin\":{\"Desktop\":{\"unit\":\"px\",\"dimension\":{\"top\":\"0\",\"right\":\"0\",\"bottom\":\"15\",\"left\":\"0\"}},\"Mobile\":{\"unit\":\"px\",\"dimension\":{\"top\":\"0\",\"right\":\"0\",\"bottom\":\"5\",\"left\":\"0\"}}},\"padding\":{\"Desktop\":[],\"Mobile\":[]}} -->\n<div class=\"section-wrapper\" data-id=\"hqpuQK\"><section class=\"wp-block-gutenverse-section guten-element guten-section guten-hqpuQK layout-boxed align-stretch\"><div class=\"guten-container guten-column-gap-no\"><!-- wp:gutenverse\/column {\"width\":{\"Desktop\":50,\"Mobile\":null},\"elementId\":\"guten-xvt3sy\",\"margin\":{\"Desktop\":{\"unit\":\"px\",\"dimension\":{\"top\":\"\",\"right\":\"\",\"bottom\":\"\",\"left\":\"\"}},\"Mobile\":[]},\"padding\":{\"Desktop\":{\"unit\":\"px\",\"dimension\":{\"top\":\"0\",\"right\":\"15\",\"bottom\":\"0\",\"left\":\"0\"}},\"Mobile\":{\"unit\":\"px\",\"dimension\":{\"top\":\"0\",\"right\":\"0\",\"bottom\":\"0\",\"left\":\"0\"}}}} -->\n<div class=\"wp-block-gutenverse-column guten-element guten-column guten-xvt3sy\"><div class=\"guten-column-wrapper\" data-id=\"xvt3sy\"><!-- wp:gutenverse\/form-input-date {\"elementId\":\"guten-sNwEDn\",\"showHelper\":false,\"labelColor\":{\"Desktop\":{\"type\":\"variable\",\"id\":\"theme-0\"}},\"labelTypography\":{\"type\":\"variable\",\"id\":\"QiqSBU\",\"font\":{\"label\":\"Inter\",\"value\":\"Inter\",\"type\":\"google\"},\"size\":{\"Desktop\":{\"point\":\"14\",\"unit\":\"px\"}},\"lineHeight\":{\"Desktop\":{\"unit\":\"em\",\"point\":\"1.6\"}},\"weight\":\"400\",\"transform\":\"uppercase\",\"spacing\":{\"Desktop\":\"0.25\"}},\"labelPadding\":{\"Desktop\":[]},\"labelMargin\":{\"Desktop\":{\"unit\":\"px\",\"dimension\":{\"top\":\"0\",\"right\":\"0\",\"bottom\":\"8\",\"left\":\"0\"}}},\"helperPadding\":{\"Desktop\":[]},\"inputLabel\":\"Date \",\"inputPlaceholder\":\"DD - MM - YYYY\",\"inputPadding\":{\"Desktop\":{\"unit\":\"px\",\"dimension\":{\"top\":\"15\",\"right\":\"15\",\"bottom\":\"15\",\"left\":\"15\"}}},\"inputMargin\":{\"Desktop\":[]},\"placeholderColor\":{\"Desktop\":{\"r\":138,\"g\":138,\"b\":136,\"a\":1}},\"inputTypography\":{\"type\":\"variable\",\"id\":\"MrcivH\",\"size\":{\"Desktop\":{\"point\":\"16\",\"unit\":\"px\"}},\"font\":{\"label\":\"Inter\",\"value\":\"Inter\",\"type\":\"google\"},\"lineHeight\":{\"Desktop\":{\"unit\":\"em\",\"point\":\"1.2\"}},\"weight\":\"200\",\"spacing\":{\"Desktop\":\"0.08\"}},\"inputColorNormal\":{\"Desktop\":{\"type\":\"variable\",\"id\":\"theme-3\"}},\"inputBorderNormal\":{\"radius\":{\"Desktop\":{\"unit\":\"px\",\"dimension\":{\"top\":\"0\",\"right\":\"0\",\"bottom\":\"0\",\"left\":\"0\"}}},\"all\":{\"type\":\"solid\",\"width\":1,\"color\":{\"r\":0,\"g\":0,\"b\":0,\"a\":0}}},\"inputBorderHover\":{\"radius\":{\"Desktop\":{\"unit\":\"px\",\"dimension\":{\"top\":\"0\",\"right\":\"0\",\"bottom\":\"0\",\"left\":\"0\"}}},\"all\":{\"type\":\"solid\",\"width\":1,\"color\":{\"type\":\"variable\",\"id\":\"theme-2\"}}},\"inputColorFocus\":{\"Desktop\":{\"type\":\"variable\",\"id\":\"theme-3\"}},\"inputBorderFocus\":{\"radius\":{\"Desktop\":{\"unit\":\"px\",\"dimension\":{\"top\":\"0\",\"right\":\"0\",\"bottom\":\"0\",\"left\":\"0\"}}},\"all\":{\"type\":\"solid\",\"width\":1,\"color\":{\"type\":\"variable\",\"id\":\"theme-2\"}}},\"inputBgColorNormal\":{\"Desktop\":{\"r\":26,\"g\":28,\"b\":29,\"a\":1}},\"inputBgColorFocus\":{\"Desktop\":{\"r\":26,\"g\":28,\"b\":29,\"a\":1}},\"labelRequireColor\":{\"Desktop\":{\"type\":\"variable\",\"id\":\"theme-2\"}}} -->\n<div class=\"guten-element guten-form-input-date guten-form-input guten-input-position-top guten-sNwEDn hide-helper\"><div class=\"label-wrapper\"><label class=\"input-label\">Date <\/label><\/div><div class=\"main-wrapper\"><input data-validation=\"{&quot;type&quot;:&quot;date&quot;}\" data-date=\"{&quot;dateFormat&quot;:&quot;F j, Y&quot;}\" placeholder=\"DD - MM - YYYY\" name=\"input-date\" class=\"gutenverse-input gutenverse-input-date\" type=\"text\"\/><div class=\"validation-error\"><\/div><\/div><\/div>\n<!-- \/wp:gutenverse\/form-input-date --><\/div><\/div>\n<!-- \/wp:gutenverse\/column -->\n\n<!-- wp:gutenverse\/column {\"width\":{\"Desktop\":50,\"Mobile\":null},\"elementId\":\"guten-vLjSmz\",\"margin\":{\"Desktop\":[],\"Mobile\":{\"unit\":\"px\",\"dimension\":{\"top\":\"0\",\"right\":\"0\",\"bottom\":\"0\",\"left\":\"0\"}}},\"padding\":{\"Desktop\":{\"unit\":\"px\",\"dimension\":{\"top\":\"0\",\"right\":\"0\",\"bottom\":\"0\",\"left\":\"15\"}},\"Mobile\":{\"unit\":\"px\",\"dimension\":{\"top\":\"0\",\"right\":\"0\",\"bottom\":\"0\",\"left\":\"0\"}}}} -->\n<div class=\"wp-block-gutenverse-column guten-element guten-column guten-vLjSmz\"><div class=\"guten-column-wrapper\" data-id=\"vLjSmz\"><!-- wp:gutenverse\/form-input-select {\"elementId\":\"guten-V6ejhE\",\"inputPlaceholder\":\"Select time\",\"showHelper\":false,\"labelColor\":{\"Desktop\":{\"type\":\"variable\",\"id\":\"theme-0\"}},\"labelTypography\":{\"type\":\"variable\",\"id\":\"QiqSBU\",\"font\":{\"label\":\"Inter\",\"value\":\"Inter\",\"type\":\"google\"},\"size\":{\"Desktop\":{\"point\":\"14\",\"unit\":\"px\"}},\"lineHeight\":{\"Desktop\":{\"unit\":\"em\",\"point\":\"1.6\"}},\"weight\":\"400\",\"transform\":\"uppercase\",\"spacing\":{\"Desktop\":\"0.25\"}},\"labelPadding\":{\"Desktop\":[]},\"labelMargin\":{\"Desktop\":{\"unit\":\"px\",\"dimension\":{\"top\":\"0\",\"right\":\"0\",\"bottom\":\"8\",\"left\":\"0\"}}},\"helperPadding\":{\"Desktop\":{\"unit\":\"px\",\"dimension\":{\"top\":\"\",\"right\":\"\",\"bottom\":\"\",\"left\":\"\"}}},\"warningColor\":{\"Desktop\":[]},\"inputLabel\":\"Time \",\"selectOptions\":[{\"value\":\"1\",\"label\":\"04.00 pm\",\"_key\":\"nl0tAI\",\"selected\":false,\"disabled\":false},{\"value\":\"2\",\"label\":\"05.00 pm\",\"_key\":\"woUhKB\"},{\"value\":\"3\",\"label\":\"06.00 pm\",\"_key\":\"q5fDuj\"},{\"_key\":\"KVuOSP\",\"label\":\"07.00 pm\",\"value\":\"4\"},{\"_key\":\"84PiFm\",\"label\":\"08.00 pm\",\"value\":\"5\"},{\"_key\":\"PmIWVH\",\"label\":\"09.00 pm\",\"value\":\"6\"},{\"_key\":\"F7WJAg\",\"label\":\"10.00 pm\",\"value\":\"7\"},{\"_key\":\"Tndgzy\",\"label\":\"11.00 pm\",\"value\":\"8\"},{\"_key\":\"zMzIVf\",\"label\":\"00.00 am\",\"value\":\"9\"}],\"required\":true,\"inputPadding\":{\"Desktop\":{\"unit\":\"px\",\"dimension\":{\"top\":\"13\",\"right\":\"15\",\"bottom\":\"13\",\"left\":\"15\"}}},\"inputMargin\":{\"Desktop\":{\"unit\":\"px\",\"dimension\":{\"top\":\"\",\"right\":\"\",\"bottom\":\"\",\"left\":\"\"}}},\"placeholderColor\":{\"Desktop\":{\"r\":138,\"g\":138,\"b\":136,\"a\":1}},\"placeholderBgColor\":{\"Desktop\":{\"r\":26,\"g\":28,\"b\":29,\"a\":1}},\"inputTypography\":{\"type\":\"variable\",\"id\":\"MrcivH\",\"size\":{\"Desktop\":{\"point\":\"16\",\"unit\":\"px\"}},\"font\":{\"label\":\"Inter\",\"value\":\"Inter\",\"type\":\"google\"},\"lineHeight\":{\"Desktop\":{\"unit\":\"em\",\"point\":\"1.2\"}},\"weight\":\"200\",\"spacing\":{\"Desktop\":\"0.08\"}},\"inputColorNormal\":{\"Desktop\":{\"type\":\"variable\",\"id\":\"theme-3\"}},\"inputBorderNormal\":{\"radius\":{\"Desktop\":{\"unit\":\"px\",\"dimension\":{\"top\":\"0\",\"right\":\"0\",\"bottom\":\"0\",\"left\":\"0\"}}},\"all\":{\"type\":\"solid\",\"width\":1,\"color\":{\"r\":0,\"g\":0,\"b\":0,\"a\":0}}},\"inputBorderHover\":{\"radius\":{\"Desktop\":{\"unit\":\"px\",\"dimension\":{\"top\":\"0\",\"right\":\"0\",\"bottom\":\"0\",\"left\":\"0\"}}},\"all\":{\"type\":\"solid\",\"width\":1,\"color\":{\"type\":\"variable\",\"id\":\"theme-2\"}}},\"choicesColorNormal\":{\"Desktop\":{\"type\":\"variable\",\"id\":\"theme-1\"}},\"choicesColorHover\":{\"Desktop\":{\"type\":\"variable\",\"id\":\"theme-2\"}},\"choicesBgColorNormal\":{\"Desktop\":[]},\"choicesBgColorHover\":{\"Desktop\":{\"r\":26,\"g\":28,\"b\":29,\"a\":0}},\"labelRequireColor\":{\"Desktop\":{\"type\":\"variable\",\"id\":\"theme-2\"}}} -->\n<div class=\"guten-element guten-form-input-select guten-form-input guten-input-position-top guten-V6ejhE hide-helper\"><div class=\"label-wrapper\"><label class=\"input-label\">Time <\/label><span class=\"required-badge\">*<\/span><\/div><div class=\"main-wrapper\"><select name=\"input-select\" data-validation=\"{&quot;type&quot;:&quot;select&quot;,&quot;required&quot;:true,&quot;validationWarning&quot;:&quot;Input Invalid&quot;}\" class=\"gutenverse-input gutenverse-input-select\"><option value=\"\">Select time<\/option><option value=\"1\">04.00 pm<\/option><option value=\"2\">05.00 pm<\/option><option value=\"3\">06.00 pm<\/option><option value=\"4\">07.00 pm<\/option><option value=\"5\">08.00 pm<\/option><option value=\"6\">09.00 pm<\/option><option value=\"7\">10.00 pm<\/option><option value=\"8\">11.00 pm<\/option><option value=\"9\">00.00 am<\/option><\/select><div class=\"validation-error\">Input Invalid<\/div><\/div><\/div>\n<!-- \/wp:gutenverse\/form-input-select --><\/div><\/div>\n<!-- \/wp:gutenverse\/column --><\/div><\/section><\/div>\n<!-- \/wp:gutenverse\/section -->\n\n<!-- wp:gutenverse\/form-input-number {\"elementId\":\"guten-0oOWx0\",\"showHelper\":false,\"labelColor\":{\"Desktop\":{\"type\":\"variable\",\"id\":\"theme-0\"}},\"labelTypography\":{\"type\":\"variable\",\"id\":\"QiqSBU\",\"font\":{\"label\":\"Inter\",\"value\":\"Inter\",\"type\":\"google\"},\"size\":{\"Desktop\":{\"point\":\"14\",\"unit\":\"px\"}},\"lineHeight\":{\"Desktop\":{\"unit\":\"em\",\"point\":\"1.6\"}},\"weight\":\"400\",\"transform\":\"uppercase\",\"spacing\":{\"Desktop\":\"0.25\"}},\"labelPadding\":{\"Desktop\":[]},\"labelMargin\":{\"Desktop\":{\"unit\":\"px\",\"dimension\":{\"top\":\"0\",\"right\":\"0\",\"bottom\":\"8\",\"left\":\"0\"}}},\"margin\":{\"Desktop\":{\"unit\":\"px\",\"dimension\":{\"top\":\"0\",\"right\":\"0\",\"bottom\":\"40\",\"left\":\"0\"}},\"Mobile\":{\"unit\":\"px\",\"dimension\":{\"top\":\"0\",\"right\":\"0\",\"bottom\":\"50\",\"left\":\"0\"}}},\"padding\":{\"Desktop\":[],\"Mobile\":{\"unit\":\"px\",\"dimension\":{\"top\":\"0\",\"right\":\"0\",\"bottom\":\"0\",\"left\":\"0\"}}},\"inputLabel\":\"Number of Person \",\"inputPlaceholder\":\"Select\",\"required\":true,\"inputPadding\":{\"Desktop\":{\"unit\":\"px\",\"dimension\":{\"top\":\"18\",\"right\":\"18\",\"bottom\":\"18\",\"left\":\"18\"}}},\"inputMargin\":{\"Desktop\":[]},\"placeholderColor\":{\"Desktop\":{\"r\":138,\"g\":138,\"b\":136,\"a\":1}},\"inputTypography\":{\"type\":\"variable\",\"id\":\"MrcivH\",\"size\":{\"Desktop\":{\"point\":\"16\",\"unit\":\"px\"}},\"font\":{\"label\":\"Inter\",\"value\":\"Inter\",\"type\":\"google\"},\"lineHeight\":{\"Desktop\":{\"unit\":\"em\",\"point\":\"1.2\"}},\"weight\":\"200\",\"spacing\":{\"Desktop\":\"0.08\"}},\"inputColorNormal\":{\"Desktop\":{\"type\":\"variable\",\"id\":\"theme-3\"}},\"inputBorderNormal\":{\"radius\":{\"Desktop\":{\"unit\":\"px\",\"dimension\":{\"top\":\"0\",\"right\":\"0\",\"bottom\":\"0\",\"left\":\"0\"}}},\"all\":{\"type\":\"solid\",\"width\":1,\"color\":{\"r\":0,\"g\":0,\"b\":0,\"a\":0}}},\"inputBorderHover\":{\"radius\":{\"Desktop\":{\"unit\":\"px\",\"dimension\":{\"top\":\"0\",\"right\":\"0\",\"bottom\":\"0\",\"left\":\"0\"}}},\"all\":{\"type\":\"solid\",\"width\":1,\"color\":{\"type\":\"variable\",\"id\":\"theme-2\"}}},\"inputColorFocus\":{\"Desktop\":{\"type\":\"variable\",\"id\":\"theme-3\"}},\"inputBorderFocus\":{\"radius\":{\"Desktop\":{\"unit\":\"px\",\"dimension\":{\"top\":\"0\",\"right\":\"0\",\"bottom\":\"0\",\"left\":\"0\"}}},\"all\":{\"type\":\"solid\",\"width\":1,\"color\":{\"type\":\"variable\",\"id\":\"theme-2\"}}},\"inputBgColorNormal\":{\"Desktop\":{\"r\":26,\"g\":28,\"b\":29,\"a\":1}},\"inputBgColorFocus\":{\"Desktop\":{\"r\":26,\"g\":28,\"b\":29,\"a\":1}},\"labelRequireColor\":{\"Desktop\":{\"type\":\"variable\",\"id\":\"theme-2\"}}} -->\n<div class=\"guten-element guten-form-input-number guten-form-input guten-input-position-top guten-0oOWx0 hide-helper\"><div class=\"label-wrapper\"><label class=\"input-label\">Number of Person <\/label><span class=\"required-badge\">*<\/span><\/div><div class=\"main-wrapper\"><input data-validation=\"{&quot;type&quot;:&quot;number&quot;,&quot;required&quot;:true,&quot;validationWarning&quot;:&quot;Input Invalid&quot;}\" placeholder=\"Select\" name=\"input-number\" class=\"gutenverse-input gutenverse-input-number\" type=\"number\" min=\"0\" max=\"100\" step=\"1\"\/><div class=\"validation-error\">Input Invalid<\/div><\/div><\/div>\n<!-- \/wp:gutenverse\/form-input-number -->\n\n<!-- wp:gutenverse\/button {\"elementId\":\"guten-3cSXBd\",\"content\":\"Make a Reservation\",\"alignButton\":{\"Desktop\":\"left\"},\"paddingButton\":{\"Desktop\":{\"unit\":\"px\",\"dimension\":{\"top\":\"16\",\"right\":\"32\",\"bottom\":\"16\",\"left\":\"32\"}},\"Mobile\":[]},\"buttonBackground\":{\"type\":\"default\",\"color\":{\"type\":\"variable\",\"id\":\"theme-2\"}},\"buttonBackgroundHover\":{\"type\":\"default\",\"color\":{\"r\":0,\"g\":0,\"b\":0,\"a\":0}},\"buttonBorder\":{\"radius\":{\"Desktop\":{\"unit\":\"px\",\"dimension\":{\"top\":\"0\",\"right\":\"0\",\"bottom\":\"0\",\"left\":\"0\"}}},\"all\":{\"width\":2,\"type\":\"solid\",\"color\":{\"r\":0,\"g\":0,\"b\":0,\"a\":0}}},\"buttonBorderHover\":{\"radius\":{\"Desktop\":[]},\"all\":{\"type\":\"solid\",\"width\":2,\"color\":{\"type\":\"variable\",\"id\":\"theme-3\"}}},\"margin\":{\"Mobile\":{\"unit\":\"px\",\"dimension\":{\"top\":\"2\",\"right\":\"2\",\"bottom\":\"2\",\"left\":\"2\"}}},\"padding\":{\"Mobile\":[]},\"color\":{\"type\":\"variable\",\"id\":\"theme-1\"},\"iconColor\":{\"type\":\"variable\",\"id\":\"theme-1\"},\"typography\":{\"type\":\"variable\",\"id\":\"QiqSBU\",\"font\":{\"label\":\"Inter\",\"value\":\"Inter\",\"type\":\"google\"},\"size\":{\"Desktop\":{\"point\":\"14\",\"unit\":\"px\"}},\"lineHeight\":{\"Desktop\":{\"unit\":\"em\",\"point\":\"1.5\"}},\"weight\":\"400\"},\"hoverTextColor\":{\"type\":\"variable\",\"id\":\"theme-3\"}} -->\n<div class=\"guten-element guten-button-wrapper guten-3cSXBd\"><a class=\"guten-button guten-button-sm\" href=\"#\"><span>Make a Reservation<\/span><\/a><\/div>\n<!-- \/wp:gutenverse\/button --><\/form>\n<!-- \/wp:gutenverse\/form-builder --><\/div><\/div>\n<!-- \/wp:gutenverse\/column -->\n\n<!-- wp:gutenverse\/column {\"width\":{\"Desktop\":40,\"Tablet\":100},\"elementId\":\"guten-tpPw7l\",\"order\":{\"Tablet\":1}} -->\n<div class=\"wp-block-gutenverse-column guten-element guten-column guten-tpPw7l\"><div class=\"guten-column-wrapper\" data-id=\"tpPw7l\"><!-- wp:gutenverse\/image {\"elementId\":\"guten-jpJvNk\",\"imgSrc\":{\"media\":{\"imageId\":1466,\"sizes\":{\"thumbnail\":{\"height\":150,\"width\":150,\"url\":\"https:\/\/designer.gutenverse.com\/sovy\/wp-content\/uploads\/sites\/79\/2024\/10\/reserve-img.webp\",\"orientation\":\"landscape\"},\"medium\":{\"height\":300,\"width\":214,\"url\":\"https:\/\/designer.gutenverse.com\/sovy\/wp-content\/uploads\/sites\/79\/2024\/10\/reserve-img.webp\",\"orientation\":\"portrait\"},\"full\":{\"url\":\"https:\/\/designer.gutenverse.com\/sovy\/wp-content\/uploads\/sites\/79\/2024\/10\/reserve-img.webp\",\"height\":700,\"width\":500,\"orientation\":\"portrait\"}}},\"size\":\"full\"},\"altOriginal\":\"\",\"captionOriginal\":\"\",\"width\":{\"Desktop\":{\"unit\":\"%\",\"point\":\"100\"}},\"imgBorder\":{\"radius\":{\"Desktop\":[]}}} -->\n<div class=\"wp-block-gutenverse-image guten-element guten-image guten-jpJvNk\"><div class=\"guten-image-wrapper\"><img class=\"gutenverse-image-box-filled\" src=\"https:\/\/designer.gutenverse.com\/sovy\/wp-content\/uploads\/sites\/79\/2024\/10\/reserve-img.webp\" height=\"700\" width=\"500\"\/><\/div><\/div>\n<!-- \/wp:gutenverse\/image --><\/div><\/div>\n<!-- \/wp:gutenverse\/column --><\/div><\/section><\/div>\n<!-- \/wp:gutenverse\/section -->\n\n<!-- wp:pattern {\"slug\":\"sovy\/sovy-about-us-gutenverse-commitment\"} \/-->\n\n<!-- wp:pattern {\"slug\":\"sovy\/sovy-reservation-gutenverse-cta\"} \/-->\n\n<!-- wp:pattern {\"slug\":\"sovy\/sovy-gutenverse-contact\"} \/-->\n\n<!-- wp:pattern {\"slug\":\"sovy\/sovy-gutenverse-footer\"} \/-->",
    "preview_url" : "https://fse.jegtheme.com/sovy/reservation-style-1/",
    "image_url" : "assets/img/ss-cover-sovy-reservation.webp",
    "is_homepage" : false,
    "core-patterns" : [],
    "pro-patterns" : [],
    "gutenverse-patterns" : ["sovy-gutenverse-header", "sovy-reservation-gutenverse-hero", "sovy-about-us-gutenverse-commitment", "sovy-reservation-gutenverse-cta", "sovy-gutenverse-contact", "sovy-gutenverse-footer"],
    "image_arr" : "[{'name':'reserve-img.webp','image_url':'https:\/\/designer.gutenverse.com\/sovy\/wp-content\/uploads\/sites\/79\/2024\/10\/reserve-img.webp','type':'page','id':18,'image_id':1466}]"
}