{
    "template" : "blank-canvas",
    "pagetitle": "Reservation - Style 2",
    "content" : "<!-- wp:pattern {\"slug\":\"sovy\/sovy-gutenverse-header\"} \/-->\n\n<!-- wp:pattern {\"slug\":\"sovy\/sovy-reservation-gutenverse-hero\"} \/-->\n\n<!-- wp:gutenverse\/section {\"width\":{\"Desktop\":\"1295\"},\"gap\":\"no\",\"elementId\":\"guten-6wGzuu\",\"margin\":{\"Desktop\":[],\"Tablet\":[],\"Mobile\":[]},\"padding\":{\"Desktop\":{\"unit\":\"px\",\"dimension\":{\"top\":\"100\",\"right\":\"0\",\"bottom\":\"110\",\"left\":\"0\"}},\"Tablet\":{\"unit\":\"px\",\"dimension\":{\"top\":\"100\",\"right\":\"20\",\"bottom\":\"80\",\"left\":\"20\"}},\"Mobile\":{\"unit\":\"px\",\"dimension\":{\"top\":\"80\",\"right\":\"20\",\"bottom\":\"80\",\"left\":\"20\"}}}} -->\n<div class=\"section-wrapper\" data-id=\"6wGzuu\"><section class=\"wp-block-gutenverse-section guten-element guten-section guten-6wGzuu layout-boxed align-stretch\"><div class=\"guten-container guten-column-gap-no\"><!-- wp:gutenverse\/column {\"width\":{\"Desktop\":100,\"Tablet\":null},\"elementId\":\"guten-h8EHcS\",\"horizontalAlign\":{\"Desktop\":\"center\"}} -->\n<div class=\"wp-block-gutenverse-column guten-element guten-column guten-h8EHcS\"><div class=\"guten-column-wrapper\" data-id=\"h8EHcS\"><!-- wp:gutenverse\/divider {\"elementId\":\"guten-x3fScb\",\"width\":{\"Desktop\":\"100\",\"Tablet\":\"100\"},\"content\":\"text\",\"dividerColor\":{\"type\":\"variable\",\"id\":\"theme-2\"},\"text\":\"Your Details\",\"contentColor\":{\"type\":\"variable\",\"id\":\"theme-2\"},\"typography\":{\"type\":\"variable\",\"id\":\"PM6GMF\",\"font\":{\"label\":\"Inter\",\"value\":\"Inter\",\"type\":\"google\"},\"size\":{\"Desktop\":{\"point\":\"16\",\"unit\":\"px\"}},\"weight\":\"500\",\"lineHeight\":{\"Desktop\":{\"unit\":\"em\",\"point\":\"1\"},\"Tablet\":{\"unit\":\"px\",\"point\":\"\"}},\"transform\":\"uppercase\",\"spacing\":{\"Desktop\":\"0.2\",\"Tablet\":\"0.18\"}},\"dividerAlign\":{\"Desktop\":\"center\"},\"margin\":{\"Desktop\":{\"unit\":\"px\",\"dimension\":{\"top\":\"0\",\"right\":\"0\",\"bottom\":\"25\",\"left\":\"0\"}}},\"padding\":{\"Desktop\":[]},\"positioningType\":{\"Desktop\":\"custom\",\"Tablet\":\"custom\"},\"positioningWidth\":{\"Desktop\":{\"point\":\"220\",\"unit\":\"px\"},\"Tablet\":{\"point\":\"200\",\"unit\":\"px\"}}} -->\n<div class=\"wp-block-gutenverse-divider guten-element guten-divider guten-x3fScb\"><div class=\"guten-divider-wrapper\"><div class=\"guten-divider-default guten-divider-line guten-divider-regular\"><\/div><span class=\"guten-divider-content\"><span>Your Details<\/span><\/span><div class=\"guten-divider-default guten-divider-line guten-divider-regular\"><\/div><\/div><\/div>\n<!-- \/wp:gutenverse\/divider -->\n\n<!-- wp:gutenverse\/heading {\"elementId\":\"guten-NcsFdd\",\"textAlign\":{\"Desktop\":\"center\"},\"color\":{\"type\":\"variable\",\"id\":\"theme-0\"},\"typography\":{\"type\":\"variable\",\"id\":\"1dcJQ2\",\"font\":{\"label\":\"Raleway\",\"value\":\"Raleway\",\"type\":\"google\"},\"size\":{\"Desktop\":{\"point\":\"56\",\"unit\":\"px\"},\"Mobile\":{\"point\":\"40\",\"unit\":\"px\"}},\"weight\":\"800\",\"transform\":\"capitalize\",\"lineHeight\":{\"Desktop\":{\"unit\":\"em\",\"point\":\"1\"},\"Mobile\":{\"unit\":\"em\",\"point\":\"1\"}}},\"margin\":{\"Desktop\":{\"unit\":\"px\",\"dimension\":{\"top\":\"5\",\"right\":\"0\",\"bottom\":\"30\",\"left\":\"0\"}},\"Mobile\":[]},\"padding\":{\"Desktop\":[],\"Mobile\":[]},\"positioningType\":{\"Desktop\":\"default\",\"Mobile\":\"full\"},\"positioningWidth\":{\"Desktop\":{\"point\":\"657\",\"unit\":\"px\"}}} -->\n<h2 class=\"wp-block-gutenverse-heading guten-element guten-NcsFdd\">Reserve a table<\/h2>\n<!-- \/wp:gutenverse\/heading -->\n\n<!-- wp:gutenverse\/text-editor {\"elementId\":\"guten-slC6HX\",\"alignment\":{\"Desktop\":\"center\"},\"textColor\":{\"type\":\"variable\",\"id\":\"theme-3\"},\"typography\":{\"type\":\"variable\",\"id\":\"9lek3I\",\"font\":{\"label\":\"Inter\",\"value\":\"Inter\",\"type\":\"google\"},\"size\":{\"Desktop\":{\"point\":\"16\",\"unit\":\"px\"}},\"weight\":\"300\",\"lineHeight\":{\"Desktop\":{\"unit\":\"em\",\"point\":\"1.5\"}}},\"margin\":{\"Desktop\":{\"unit\":\"px\",\"dimension\":{\"top\":\"0\",\"right\":\"0\",\"bottom\":\"50\",\"left\":\"0\"}},\"Tablet\":{\"unit\":\"px\",\"dimension\":{\"top\":\"0\",\"right\":\"0\",\"bottom\":\"60\",\"left\":\"0\"}}},\"padding\":{\"Desktop\":[],\"Tablet\":[]},\"positioningType\":{\"Desktop\":\"custom\",\"Tablet\":\"custom\"},\"positioningWidth\":{\"Desktop\":{\"unit\":\"%\",\"point\":\"50\"},\"Tablet\":{\"point\":\"388\",\"unit\":\"px\"}}} -->\n<div class=\"guten-element gutenverse-text-editor guten-slC6HX\"><div class=\"text-content-inner\"><!-- wp:paragraph -->\n<p>Lorem ipsum dolor sit amet, consectetur adipiscing elit. Ut elit tellus, luctus nec ullamcorper mattis, pulvinar dapibus leo.<\/p>\n<!-- \/wp:paragraph --><\/div><\/div>\n<!-- \/wp:gutenverse\/text-editor -->\n\n<!-- wp:gutenverse\/form-builder {\"elementId\":\"guten-s7XM0I\",\"formId\":{\"label\":\"Form Booking Sovy\",\"value\":1494}} -->\n<form style=\"display:none\" class=\"guten-element guten-form-builder guten-s7XM0I\" data-form-id=\"1494\"><!-- wp:gutenverse\/section {\"width\":{\"Desktop\":\"1165\",\"Tablet\":\"642\"},\"isChild\":true,\"gap\":\"no\",\"elementId\":\"guten-3QgOHB\"} -->\n<div class=\"section-wrapper\" data-id=\"3QgOHB\"><section class=\"wp-block-gutenverse-section guten-element guten-section guten-3QgOHB layout-boxed align-stretch\"><div class=\"guten-container guten-column-gap-no\"><!-- wp:gutenverse\/column {\"width\":{\"Desktop\":25,\"Tablet\":100},\"elementId\":\"guten-hQXjBs\",\"verticalAlign\":{\"Desktop\":\"center\"},\"margin\":{\"Desktop\":{\"unit\":\"px\",\"dimension\":{\"top\":\"0\",\"right\":\"0\",\"bottom\":\"0\",\"left\":\"0\"}},\"Tablet\":{\"unit\":\"px\",\"dimension\":{\"top\":\"0\",\"right\":\"0\",\"bottom\":\"20\",\"left\":\"0\"}}},\"padding\":{\"Desktop\":{\"unit\":\"px\",\"dimension\":{\"top\":\"0\",\"right\":\"30\",\"bottom\":\"0\",\"left\":\"0\"}},\"Tablet\":{\"unit\":\"px\",\"dimension\":{\"top\":\"0\",\"right\":\"0\",\"bottom\":\"0\",\"left\":\"0\"}}}} -->\n<div class=\"wp-block-gutenverse-column guten-element guten-column guten-hQXjBs\"><div class=\"guten-column-wrapper\" data-id=\"hQXjBs\"><!-- wp:gutenverse\/form-input-date {\"elementId\":\"guten-sNwEDn\",\"showHelper\":false,\"labelColor\":{\"Desktop\":{\"type\":\"variable\",\"id\":\"theme-0\"}},\"labelTypography\":{\"type\":\"variable\",\"id\":\"QiqSBU\",\"font\":{\"label\":\"Inter\",\"value\":\"Inter\",\"type\":\"google\"},\"size\":{\"Desktop\":{\"point\":\"14\",\"unit\":\"px\"}},\"lineHeight\":{\"Desktop\":{\"unit\":\"em\",\"point\":\"1.6\"}},\"weight\":\"400\",\"transform\":\"uppercase\",\"spacing\":{\"Desktop\":\"0.25\"}},\"labelPadding\":{\"Desktop\":{\"unit\":\"px\",\"dimension\":{\"top\":\"\",\"right\":\"\",\"bottom\":\"\",\"left\":\"\"}}},\"labelMargin\":{\"Desktop\":{\"unit\":\"px\",\"dimension\":{\"top\":\"0\",\"right\":\"0\",\"bottom\":\"8\",\"left\":\"0\"}}},\"helperPadding\":{\"Desktop\":{\"unit\":\"px\",\"dimension\":{\"top\":\"\",\"right\":\"\",\"bottom\":\"\",\"left\":\"\"}}},\"margin\":{\"Desktop\":{\"unit\":\"px\",\"dimension\":{\"top\":\"0\",\"right\":\"0\",\"bottom\":\"0\",\"left\":\"0\"}}},\"padding\":{\"Desktop\":{\"unit\":\"px\",\"dimension\":{\"top\":\"0\",\"right\":\"0\",\"bottom\":\"0\",\"left\":\"0\"}}},\"inputLabel\":\"Date \",\"inputPlaceholder\":\"Date\",\"inputPadding\":{\"Desktop\":{\"unit\":\"px\",\"dimension\":{\"top\":\"20\",\"right\":\"15\",\"bottom\":\"20\",\"left\":\"15\"}}},\"inputMargin\":{\"Desktop\":{\"unit\":\"px\",\"dimension\":{\"top\":\"\",\"right\":\"\",\"bottom\":\"\",\"left\":\"\"}}},\"placeholderColor\":{\"Desktop\":{\"r\":138,\"g\":138,\"b\":136,\"a\":1}},\"inputTypography\":{\"type\":\"variable\",\"id\":\"MrcivH\",\"size\":{\"Desktop\":{\"point\":\"16\",\"unit\":\"px\"}},\"font\":{\"label\":\"Inter\",\"value\":\"Inter\",\"type\":\"google\"},\"lineHeight\":{\"Desktop\":{\"unit\":\"em\",\"point\":\"1.2\"}},\"weight\":\"200\",\"spacing\":{\"Desktop\":\"0.08\"}},\"inputColorNormal\":{\"Desktop\":{\"type\":\"variable\",\"id\":\"theme-3\"}},\"inputBorderNormal\":{\"radius\":{\"Desktop\":{\"unit\":\"px\",\"dimension\":{\"top\":\"0\",\"right\":\"0\",\"bottom\":\"0\",\"left\":\"0\"}}},\"all\":{\"type\":\"solid\",\"width\":1,\"color\":{\"r\":0,\"g\":0,\"b\":0,\"a\":0}}},\"inputBorderHover\":{\"radius\":{\"Desktop\":{\"unit\":\"px\",\"dimension\":{\"top\":\"0\",\"right\":\"0\",\"bottom\":\"0\",\"left\":\"0\"}}},\"all\":{\"type\":\"solid\",\"width\":1,\"color\":{\"type\":\"variable\",\"id\":\"theme-2\"}}},\"inputColorFocus\":{\"Desktop\":{\"type\":\"variable\",\"id\":\"theme-3\"}},\"inputBorderFocus\":{\"radius\":{\"Desktop\":{\"unit\":\"px\",\"dimension\":{\"top\":\"0\",\"right\":\"0\",\"bottom\":\"0\",\"left\":\"0\"}}},\"all\":{\"type\":\"solid\",\"width\":1,\"color\":{\"type\":\"variable\",\"id\":\"theme-2\"}}},\"inputBgColorNormal\":{\"Desktop\":{\"r\":26,\"g\":28,\"b\":29,\"a\":1}},\"inputBgColorFocus\":{\"Desktop\":{\"r\":26,\"g\":28,\"b\":29,\"a\":1}},\"labelRequireColor\":{\"Desktop\":{\"type\":\"variable\",\"id\":\"theme-2\"}}} -->\n<div class=\"guten-element guten-form-input-date guten-form-input guten-input-position-top guten-sNwEDn hide-helper\"><div class=\"label-wrapper\"><label class=\"input-label\">Date <\/label><\/div><div class=\"main-wrapper\"><input data-validation=\"{&quot;type&quot;:&quot;date&quot;}\" data-date=\"{&quot;dateFormat&quot;:&quot;F j, Y&quot;}\" placeholder=\"Date\" name=\"input-date\" class=\"gutenverse-input gutenverse-input-date\" type=\"text\"\/><div class=\"validation-error\"><\/div><\/div><\/div>\n<!-- \/wp:gutenverse\/form-input-date --><\/div><\/div>\n<!-- \/wp:gutenverse\/column -->\n\n<!-- wp:gutenverse\/column {\"width\":{\"Desktop\":25,\"Tablet\":100},\"elementId\":\"guten-OUcl29\",\"verticalAlign\":{\"Desktop\":\"center\"},\"margin\":{\"Desktop\":{\"unit\":\"px\",\"dimension\":{\"top\":\"0\",\"right\":\"0\",\"bottom\":\"0\",\"left\":\"0\"}},\"Tablet\":{\"unit\":\"px\",\"dimension\":{\"top\":\"0\",\"right\":\"0\",\"bottom\":\"20\",\"left\":\"0\"}}},\"padding\":{\"Desktop\":{\"unit\":\"px\",\"dimension\":{\"top\":\"0\",\"right\":\"30\",\"bottom\":\"0\",\"left\":\"0\"}},\"Tablet\":{\"unit\":\"px\",\"dimension\":{\"top\":\"0\",\"right\":\"0\",\"bottom\":\"0\",\"left\":\"0\"}}}} -->\n<div class=\"wp-block-gutenverse-column guten-element guten-column guten-OUcl29\"><div class=\"guten-column-wrapper\" data-id=\"OUcl29\"><!-- wp:gutenverse\/form-input-select {\"elementId\":\"guten-V6ejhE\",\"inputPlaceholder\":\"Select time\",\"showHelper\":false,\"labelColor\":{\"Desktop\":{\"type\":\"variable\",\"id\":\"theme-0\"}},\"labelTypography\":{\"type\":\"variable\",\"id\":\"QiqSBU\",\"font\":{\"label\":\"Inter\",\"value\":\"Inter\",\"type\":\"google\"},\"size\":{\"Desktop\":{\"point\":\"14\",\"unit\":\"px\"}},\"lineHeight\":{\"Desktop\":{\"unit\":\"em\",\"point\":\"1.6\"}},\"weight\":\"400\",\"transform\":\"uppercase\",\"spacing\":{\"Desktop\":\"0.25\"}},\"labelPadding\":{\"Desktop\":[]},\"labelMargin\":{\"Desktop\":{\"unit\":\"px\",\"dimension\":{\"top\":\"0\",\"right\":\"0\",\"bottom\":\"8\",\"left\":\"0\"}}},\"helperPadding\":{\"Desktop\":{\"unit\":\"px\",\"dimension\":{\"top\":\"\",\"right\":\"\",\"bottom\":\"\",\"left\":\"\"}}},\"warningColor\":{\"Desktop\":[]},\"inputLabel\":\"Time \",\"selectOptions\":[{\"value\":\"1\",\"label\":\"04.00 pm\",\"_key\":\"nl0tAI\",\"selected\":false,\"disabled\":false},{\"value\":\"2\",\"label\":\"05.00 pm\",\"_key\":\"woUhKB\"},{\"value\":\"3\",\"label\":\"06.00 pm\",\"_key\":\"q5fDuj\"},{\"_key\":\"KVuOSP\",\"label\":\"07.00 pm\",\"value\":\"4\"},{\"_key\":\"84PiFm\",\"label\":\"08.00 pm\",\"value\":\"5\"},{\"_key\":\"PmIWVH\",\"label\":\"09.00 pm\",\"value\":\"6\"},{\"_key\":\"F7WJAg\",\"label\":\"10.00 pm\",\"value\":\"7\"},{\"_key\":\"Tndgzy\",\"label\":\"11.00 pm\",\"value\":\"8\"},{\"_key\":\"zMzIVf\",\"label\":\"00.00 am\",\"value\":\"9\"}],\"required\":true,\"inputPadding\":{\"Desktop\":{\"unit\":\"px\",\"dimension\":{\"top\":\"18\",\"right\":\"15\",\"bottom\":\"18\",\"left\":\"15\"}}},\"inputMargin\":{\"Desktop\":{\"unit\":\"px\",\"dimension\":{\"top\":\"\",\"right\":\"\",\"bottom\":\"\",\"left\":\"\"}}},\"placeholderColor\":{\"Desktop\":{\"r\":138,\"g\":138,\"b\":136,\"a\":1}},\"placeholderBgColor\":{\"Desktop\":{\"r\":26,\"g\":28,\"b\":29,\"a\":1}},\"inputTypography\":{\"type\":\"variable\",\"id\":\"MrcivH\",\"size\":{\"Desktop\":{\"point\":\"16\",\"unit\":\"px\"}},\"font\":{\"label\":\"Inter\",\"value\":\"Inter\",\"type\":\"google\"},\"lineHeight\":{\"Desktop\":{\"unit\":\"em\",\"point\":\"1.2\"}},\"weight\":\"200\",\"spacing\":{\"Desktop\":\"0.08\"}},\"inputColorNormal\":{\"Desktop\":{\"type\":\"variable\",\"id\":\"theme-3\"}},\"inputBorderNormal\":{\"radius\":{\"Desktop\":{\"unit\":\"px\",\"dimension\":{\"top\":\"0\",\"right\":\"0\",\"bottom\":\"0\",\"left\":\"0\"}}},\"all\":{\"type\":\"solid\",\"width\":1,\"color\":{\"r\":0,\"g\":0,\"b\":0,\"a\":0}}},\"inputBorderHover\":{\"radius\":{\"Desktop\":{\"unit\":\"px\",\"dimension\":{\"top\":\"0\",\"right\":\"0\",\"bottom\":\"0\",\"left\":\"0\"}}},\"all\":{\"type\":\"solid\",\"width\":1,\"color\":{\"type\":\"variable\",\"id\":\"theme-2\"}}},\"choicesColorNormal\":{\"Desktop\":{\"type\":\"variable\",\"id\":\"theme-1\"}},\"choicesColorHover\":{\"Desktop\":{\"type\":\"variable\",\"id\":\"theme-2\"}},\"choicesBgColorNormal\":{\"Desktop\":[]},\"choicesBgColorHover\":{\"Desktop\":{\"r\":26,\"g\":28,\"b\":29,\"a\":0}},\"labelRequireColor\":{\"Desktop\":{\"type\":\"variable\",\"id\":\"theme-2\"}}} -->\n<div class=\"guten-element guten-form-input-select guten-form-input guten-input-position-top guten-V6ejhE hide-helper\"><div class=\"label-wrapper\"><label class=\"input-label\">Time <\/label><span class=\"required-badge\">*<\/span><\/div><div class=\"main-wrapper\"><select name=\"input-select\" data-validation=\"{&quot;type&quot;:&quot;select&quot;,&quot;required&quot;:true,&quot;validationWarning&quot;:&quot;Input Invalid&quot;}\" class=\"gutenverse-input gutenverse-input-select\"><option value=\"\">Select time<\/option><option value=\"1\">04.00 pm<\/option><option value=\"2\">05.00 pm<\/option><option value=\"3\">06.00 pm<\/option><option value=\"4\">07.00 pm<\/option><option value=\"5\">08.00 pm<\/option><option value=\"6\">09.00 pm<\/option><option value=\"7\">10.00 pm<\/option><option value=\"8\">11.00 pm<\/option><option value=\"9\">00.00 am<\/option><\/select><div class=\"validation-error\">Input Invalid<\/div><\/div><\/div>\n<!-- \/wp:gutenverse\/form-input-select --><\/div><\/div>\n<!-- \/wp:gutenverse\/column -->\n\n<!-- wp:gutenverse\/column {\"width\":{\"Desktop\":25,\"Tablet\":100},\"elementId\":\"guten-Eet5qP\",\"verticalAlign\":{\"Desktop\":\"center\"},\"margin\":{\"Desktop\":{\"unit\":\"px\",\"dimension\":{\"top\":\"0\",\"right\":\"0\",\"bottom\":\"0\",\"left\":\"0\"}},\"Tablet\":[],\"Mobile\":{\"unit\":\"px\",\"dimension\":{\"top\":\"\",\"right\":\"\",\"bottom\":\"\",\"left\":\"\"}}},\"padding\":{\"Desktop\":{\"unit\":\"px\",\"dimension\":{\"top\":\"0\",\"right\":\"30\",\"bottom\":\"0\",\"left\":\"0\"}},\"Tablet\":{\"unit\":\"px\",\"dimension\":{\"top\":\"0\",\"right\":\"0\",\"bottom\":\"0\",\"left\":\"0\"}},\"Mobile\":{\"unit\":\"px\",\"dimension\":{\"top\":\"\",\"right\":\"\",\"bottom\":\"\",\"left\":\"\"}}}} -->\n<div class=\"wp-block-gutenverse-column guten-element guten-column guten-Eet5qP\"><div class=\"guten-column-wrapper\" data-id=\"Eet5qP\"><!-- wp:gutenverse\/form-input-number {\"elementId\":\"guten-0oOWx0\",\"showHelper\":false,\"labelColor\":{\"Desktop\":{\"type\":\"variable\",\"id\":\"theme-0\"}},\"labelTypography\":{\"type\":\"variable\",\"id\":\"QiqSBU\",\"font\":{\"label\":\"Inter\",\"value\":\"Inter\",\"type\":\"google\"},\"size\":{\"Desktop\":{\"point\":\"14\",\"unit\":\"px\"}},\"lineHeight\":{\"Desktop\":{\"unit\":\"em\",\"point\":\"1.6\"}},\"weight\":\"400\",\"transform\":\"uppercase\",\"spacing\":{\"Desktop\":\"0.25\"}},\"labelPadding\":{\"Desktop\":[]},\"labelMargin\":{\"Desktop\":{\"unit\":\"px\",\"dimension\":{\"top\":\"0\",\"right\":\"0\",\"bottom\":\"8\",\"left\":\"0\"}}},\"margin\":{\"Desktop\":{\"unit\":\"px\",\"dimension\":{\"top\":\"0\",\"right\":\"0\",\"bottom\":\"0\",\"left\":\"0\"}},\"Mobile\":{\"unit\":\"px\",\"dimension\":{\"top\":\"0\",\"right\":\"0\",\"bottom\":\"0\",\"left\":\"0\"}},\"Tablet\":{\"unit\":\"px\",\"dimension\":{\"top\":\"0\",\"right\":\"0\",\"bottom\":\"0\",\"left\":\"0\"}}},\"padding\":{\"Desktop\":[],\"Mobile\":{\"unit\":\"px\",\"dimension\":{\"top\":\"0\",\"right\":\"0\",\"bottom\":\"0\",\"left\":\"0\"}},\"Tablet\":{\"unit\":\"px\",\"dimension\":{\"top\":\"0\",\"right\":\"0\",\"bottom\":\"0\",\"left\":\"0\"}}},\"inputLabel\":\"Number of Person \",\"inputPlaceholder\":\"Select\",\"required\":true,\"inputPadding\":{\"Desktop\":{\"unit\":\"px\",\"dimension\":{\"top\":\"20\",\"right\":\"15\",\"bottom\":\"20\",\"left\":\"15\"}}},\"inputMargin\":{\"Desktop\":[]},\"placeholderColor\":{\"Desktop\":{\"r\":138,\"g\":138,\"b\":136,\"a\":1}},\"inputTypography\":{\"type\":\"variable\",\"id\":\"MrcivH\",\"size\":{\"Desktop\":{\"point\":\"16\",\"unit\":\"px\"}},\"font\":{\"label\":\"Inter\",\"value\":\"Inter\",\"type\":\"google\"},\"lineHeight\":{\"Desktop\":{\"unit\":\"em\",\"point\":\"1.2\"}},\"weight\":\"200\",\"spacing\":{\"Desktop\":\"0.08\"}},\"inputColorNormal\":{\"Desktop\":{\"type\":\"variable\",\"id\":\"theme-3\"}},\"inputBorderNormal\":{\"radius\":{\"Desktop\":{\"unit\":\"px\",\"dimension\":{\"top\":\"0\",\"right\":\"0\",\"bottom\":\"0\",\"left\":\"0\"}}},\"all\":{\"type\":\"solid\",\"width\":1,\"color\":{\"r\":0,\"g\":0,\"b\":0,\"a\":0}}},\"inputBorderHover\":{\"radius\":{\"Desktop\":{\"unit\":\"px\",\"dimension\":{\"top\":\"0\",\"right\":\"0\",\"bottom\":\"0\",\"left\":\"0\"}}},\"all\":{\"type\":\"solid\",\"width\":1,\"color\":{\"type\":\"variable\",\"id\":\"theme-2\"}}},\"inputColorFocus\":{\"Desktop\":{\"type\":\"variable\",\"id\":\"theme-3\"}},\"inputBorderFocus\":{\"radius\":{\"Desktop\":{\"unit\":\"px\",\"dimension\":{\"top\":\"0\",\"right\":\"0\",\"bottom\":\"0\",\"left\":\"0\"}}},\"all\":{\"type\":\"solid\",\"width\":1,\"color\":{\"type\":\"variable\",\"id\":\"theme-2\"}}},\"inputBgColorNormal\":{\"Desktop\":{\"r\":26,\"g\":28,\"b\":29,\"a\":1}},\"inputBgColorFocus\":{\"Desktop\":{\"r\":26,\"g\":28,\"b\":29,\"a\":1}},\"labelRequireColor\":{\"Desktop\":{\"type\":\"variable\",\"id\":\"theme-2\"}}} -->\n<div class=\"guten-element guten-form-input-number guten-form-input guten-input-position-top guten-0oOWx0 hide-helper\"><div class=\"label-wrapper\"><label class=\"input-label\">Number of Person <\/label><span class=\"required-badge\">*<\/span><\/div><div class=\"main-wrapper\"><input data-validation=\"{&quot;type&quot;:&quot;number&quot;,&quot;required&quot;:true,&quot;validationWarning&quot;:&quot;Input Invalid&quot;}\" placeholder=\"Select\" name=\"input-number\" class=\"gutenverse-input gutenverse-input-number\" type=\"number\" min=\"0\" max=\"100\" step=\"1\"\/><div class=\"validation-error\">Input Invalid<\/div><\/div><\/div>\n<!-- \/wp:gutenverse\/form-input-number --><\/div><\/div>\n<!-- \/wp:gutenverse\/column -->\n\n<!-- wp:gutenverse\/column {\"width\":{\"Desktop\":25,\"Tablet\":100},\"elementId\":\"guten-dvQs3d\",\"verticalAlign\":{\"Desktop\":\"center\"},\"margin\":{\"Desktop\":{\"unit\":\"px\",\"dimension\":{\"top\":\"\",\"right\":\"\",\"bottom\":\"\",\"left\":\"\"}},\"Tablet\":{\"unit\":\"px\",\"dimension\":{\"top\":\"40\",\"right\":\"0\",\"bottom\":\"0\",\"left\":\"0\"}},\"Mobile\":[]},\"padding\":{\"Desktop\":{\"unit\":\"px\",\"dimension\":{\"top\":\"35\",\"right\":\"0\",\"bottom\":\"0\",\"left\":\"0\"}},\"Tablet\":{\"unit\":\"px\",\"dimension\":{\"top\":\"0\",\"right\":\"0\",\"bottom\":\"0\",\"left\":\"0\"}},\"Mobile\":[]}} -->\n<div class=\"wp-block-gutenverse-column guten-element guten-column guten-dvQs3d\"><div class=\"guten-column-wrapper\" data-id=\"dvQs3d\"><!-- wp:gutenverse\/button {\"elementId\":\"guten-3cSXBd\",\"content\":\"Reserve Now\",\"alignButton\":{\"Desktop\":\"left\"},\"paddingButton\":{\"Desktop\":{\"unit\":\"px\",\"dimension\":{\"top\":\"16\",\"right\":\"28\",\"bottom\":\"16\",\"left\":\"28\"}},\"Mobile\":[],\"Tablet\":[]},\"buttonBackground\":{\"type\":\"default\",\"color\":{\"type\":\"variable\",\"id\":\"theme-2\"}},\"buttonBackgroundHover\":{\"type\":\"default\",\"color\":{\"r\":0,\"g\":0,\"b\":0,\"a\":0}},\"buttonBorder\":{\"radius\":{\"Desktop\":{\"unit\":\"px\",\"dimension\":{\"top\":\"0\",\"right\":\"0\",\"bottom\":\"0\",\"left\":\"0\"}}},\"all\":{\"width\":2,\"type\":\"solid\",\"color\":{\"r\":0,\"g\":0,\"b\":0,\"a\":0}}},\"buttonBorderHover\":{\"radius\":{\"Desktop\":[]},\"all\":{\"type\":\"solid\",\"width\":2,\"color\":{\"type\":\"variable\",\"id\":\"theme-3\"}}},\"margin\":{\"Mobile\":{\"unit\":\"px\",\"dimension\":{\"top\":\"2\",\"right\":\"2\",\"bottom\":\"2\",\"left\":\"2\"}},\"Desktop\":{\"unit\":\"px\",\"dimension\":{\"top\":\"1\",\"right\":\"1\",\"bottom\":\"1\",\"left\":\"1\"}},\"Tablet\":{\"unit\":\"px\",\"dimension\":{\"top\":\"0\",\"right\":\"0\",\"bottom\":\"0\",\"left\":\"0\"}}},\"padding\":{\"Mobile\":[],\"Desktop\":{\"unit\":\"px\",\"dimension\":{\"top\":\"0\",\"right\":\"0\",\"bottom\":\"0\",\"left\":\"0\"}},\"Tablet\":{\"unit\":\"px\",\"dimension\":{\"top\":\"0\",\"right\":\"0\",\"bottom\":\"0\",\"left\":\"0\"}}},\"color\":{\"type\":\"variable\",\"id\":\"theme-1\"},\"iconColor\":{\"type\":\"variable\",\"id\":\"theme-1\"},\"typography\":{\"type\":\"variable\",\"id\":\"QiqSBU\",\"font\":{\"label\":\"Inter\",\"value\":\"Inter\",\"type\":\"google\"},\"size\":{\"Desktop\":{\"point\":\"14\",\"unit\":\"px\"}},\"lineHeight\":{\"Desktop\":{\"unit\":\"em\",\"point\":\"1.5\"}},\"weight\":\"400\"},\"hoverTextColor\":{\"type\":\"variable\",\"id\":\"theme-3\"}} -->\n<div class=\"guten-element guten-button-wrapper guten-3cSXBd\"><a class=\"guten-button guten-button-sm\" href=\"#\"><span>Reserve Now<\/span><\/a><\/div>\n<!-- \/wp:gutenverse\/button --><\/div><\/div>\n<!-- \/wp:gutenverse\/column --><\/div><\/section><\/div>\n<!-- \/wp:gutenverse\/section --><\/form>\n<!-- \/wp:gutenverse\/form-builder --><\/div><\/div>\n<!-- \/wp:gutenverse\/column --><\/div><\/section><\/div>\n<!-- \/wp:gutenverse\/section -->\n\n<!-- wp:pattern {\"slug\":\"sovy\/sovy-about-us-gutenverse-commitment\"} \/-->\n\n<!-- wp:pattern {\"slug\":\"sovy\/sovy-reservation-gutenverse-cta\"} \/-->\n\n<!-- wp:pattern {\"slug\":\"sovy\/sovy-gutenverse-contact\"} \/-->\n\n<!-- wp:pattern {\"slug\":\"sovy\/sovy-gutenverse-footer\"} \/-->",
    "preview_url" : "https://fse.jegtheme.com/sovy/reservation-style-2/",
    "image_url" : "assets/img/ss-cover-sovy-reservation-alt.webp",
    "is_homepage" : false,
    "core-patterns" : [],
    "pro-patterns" : [],
    "gutenverse-patterns" : ["sovy-gutenverse-header", "sovy-reservation-gutenverse-hero", "sovy-about-us-gutenverse-commitment", "sovy-reservation-gutenverse-cta", "sovy-gutenverse-contact", "sovy-gutenverse-footer"],
    "image_arr" : ""
}