{
    "template" : "blank-canvas",
    "pagetitle": "Services",
    "content" : "<!-- wp:pattern {\"slug\":\"sovy\/sovy-gutenverse-header\"} \/-->\n\n<!-- wp:gutenverse\/section {\"layout\":\"fullwidth\",\"width\":{\"Desktop\":\"1295\"},\"height\":{\"Desktop\":{\"point\":\"550\",\"unit\":\"px\"},\"Mobile\":{\"point\":\"400\",\"unit\":\"px\"}},\"gap\":\"no\",\"elementId\":\"guten-saySuR\",\"heightControl\":\"min\",\"align\":\"middle\",\"background\":{\"videoPlayOnMobile\":false,\"type\":\"default\",\"image\":{\"Desktop\":{\"id\":1039,\"image\":\"https:\/\/designer.gutenverse.com\/sovy\/wp-content\/uploads\/sites\/79\/2024\/10\/about-hero.webp\"}},\"color\":{\"r\":0,\"g\":0,\"b\":0,\"a\":1},\"position\":{\"Desktop\":\"center center\"},\"repeat\":{\"Desktop\":\"no-repeat\"},\"size\":{\"Desktop\":\"cover\"}},\"backgroundOverlay\":{\"type\":\"default\",\"color\":{\"r\":0,\"g\":0,\"b\":0,\"a\":1}},\"opacity\":\"0.4\",\"margin\":{\"Desktop\":{\"unit\":\"px\",\"dimension\":{\"top\":\"\",\"right\":\"\",\"bottom\":\"\",\"left\":\"\"}},\"Mobile\":[]},\"padding\":{\"Desktop\":{\"unit\":\"px\",\"dimension\":{\"top\":\"\",\"right\":\"\",\"bottom\":\"\",\"left\":\"\"}},\"Mobile\":{\"unit\":\"px\",\"dimension\":{\"top\":\"0\",\"right\":\"20\",\"bottom\":\"0\",\"left\":\"20\"}}}} -->\n<div class=\"section-wrapper\" data-id=\"saySuR\"><section class=\"wp-block-gutenverse-section guten-element guten-section guten-saySuR layout-fullwidth align-middle\"><div class=\"guten-background-overlay\"><\/div><div class=\"guten-container guten-column-gap-no\"><!-- wp:gutenverse\/column {\"width\":{\"Desktop\":100},\"elementId\":\"guten-dMs7JO\"} -->\n<div class=\"wp-block-gutenverse-column guten-element guten-column guten-dMs7JO\"><div class=\"guten-column-wrapper\" data-id=\"dMs7JO\"><!-- wp:gutenverse\/heading {\"elementId\":\"guten-76zItA\",\"type\":1,\"textAlign\":{\"Desktop\":\"center\"},\"color\":{\"type\":\"variable\",\"id\":\"theme-0\"},\"typography\":{\"type\":\"variable\",\"id\":\"MnJjef\",\"font\":{\"label\":\"Raleway\",\"value\":\"Raleway\",\"type\":\"google\"},\"size\":{\"Desktop\":{\"point\":\"80\",\"unit\":\"px\"}},\"weight\":\"800\",\"lineHeight\":{\"Desktop\":{\"unit\":\"em\",\"point\":\"1.2\"}}}} -->\n<h1 class=\"wp-block-gutenverse-heading guten-element guten-76zItA\">OUR SERVICES<\/h1>\n<!-- \/wp:gutenverse\/heading --><\/div><\/div>\n<!-- \/wp:gutenverse\/column --><\/div><\/section><\/div>\n<!-- \/wp:gutenverse\/section -->\n\n<!-- wp:gutenverse\/section {\"width\":{\"Desktop\":\"1295\"},\"gap\":\"no\",\"elementId\":\"guten-Jilwle\",\"background\":{\"videoPlayOnMobile\":false,\"type\":\"default\",\"image\":{\"Desktop\":{\"id\":210,\"image\":\"https:\/\/designer.gutenverse.com\/sovy\/wp-content\/uploads\/sites\/79\/2024\/10\/bg-thymee.webp\"}},\"color\":{\"type\":\"variable\",\"id\":\"theme-4\"},\"position\":{\"Desktop\":\"bottom center\"},\"size\":{\"Desktop\":\"contain\"},\"repeat\":{\"Desktop\":\"no-repeat\"}},\"margin\":{\"Desktop\":[],\"Tablet\":[]},\"padding\":{\"Desktop\":{\"unit\":\"px\",\"dimension\":{\"top\":\"120\",\"right\":\"0\",\"bottom\":\"170\",\"left\":\"0\"}},\"Tablet\":{\"unit\":\"px\",\"dimension\":{\"top\":\"80\",\"right\":\"20\",\"bottom\":\"80\",\"left\":\"20\"}}}} -->\n<div class=\"section-wrapper\" data-id=\"Jilwle\"><section class=\"wp-block-gutenverse-section guten-element guten-section guten-Jilwle layout-boxed align-stretch\"><div class=\"guten-container guten-column-gap-no\"><!-- wp:gutenverse\/column {\"width\":{\"Desktop\":55,\"Tablet\":100},\"elementId\":\"guten-i3eBBZ\",\"margin\":{\"Desktop\":[],\"Tablet\":[]},\"padding\":{\"Desktop\":{\"unit\":\"px\",\"dimension\":{\"top\":\"0\",\"right\":\"40\",\"bottom\":\"0\",\"left\":\"0\"}},\"Tablet\":{\"unit\":\"px\",\"dimension\":{\"top\":\"0\",\"right\":\"0\",\"bottom\":\"0\",\"left\":\"0\"}}}} -->\n<div class=\"wp-block-gutenverse-column guten-element guten-column guten-i3eBBZ\"><div class=\"guten-column-wrapper\" data-id=\"i3eBBZ\"><!-- wp:gutenverse\/image {\"elementId\":\"guten-ShvXqu\",\"imgSrc\":{\"media\":{\"imageId\":1644,\"sizes\":{\"thumbnail\":{\"height\":150,\"width\":150,\"url\":\"https:\/\/designer.gutenverse.com\/sovy\/wp-content\/uploads\/sites\/79\/2024\/10\/delivery-food.webp\",\"orientation\":\"landscape\"},\"medium\":{\"height\":271,\"width\":300,\"url\":\"https:\/\/designer.gutenverse.com\/sovy\/wp-content\/uploads\/sites\/79\/2024\/10\/delivery-food.webp\",\"orientation\":\"landscape\"},\"full\":{\"url\":\"https:\/\/designer.gutenverse.com\/sovy\/wp-content\/uploads\/sites\/79\/2024\/10\/delivery-food.webp\",\"height\":655,\"width\":724,\"orientation\":\"landscape\"}}},\"size\":\"full\"},\"altOriginal\":\"\",\"captionOriginal\":\"\",\"width\":{\"Desktop\":{\"unit\":\"%\",\"point\":\"100\"}},\"imgBorder\":{\"radius\":{\"Desktop\":[]}}} -->\n<div class=\"wp-block-gutenverse-image guten-element guten-image guten-ShvXqu\"><div class=\"guten-image-wrapper\"><img class=\"gutenverse-image-box-filled\" src=\"https:\/\/designer.gutenverse.com\/sovy\/wp-content\/uploads\/sites\/79\/2024\/10\/delivery-food.webp\" height=\"655\" width=\"724\"\/><\/div><\/div>\n<!-- \/wp:gutenverse\/image -->\n\n<!-- wp:gutenverse\/image {\"elementId\":\"guten-OvtDPG\",\"imgSrc\":{\"media\":{\"imageId\":1645,\"sizes\":{\"thumbnail\":{\"height\":150,\"width\":150,\"url\":\"https:\/\/designer.gutenverse.com\/sovy\/wp-content\/uploads\/sites\/79\/2024\/10\/green-pepper.webp\",\"orientation\":\"landscape\"},\"medium\":{\"height\":300,\"width\":222,\"url\":\"https:\/\/designer.gutenverse.com\/sovy\/wp-content\/uploads\/sites\/79\/2024\/10\/green-pepper.webp\",\"orientation\":\"portrait\"},\"full\":{\"url\":\"https:\/\/designer.gutenverse.com\/sovy\/wp-content\/uploads\/sites\/79\/2024\/10\/green-pepper.webp\",\"height\":490,\"width\":363,\"orientation\":\"portrait\"}}},\"size\":\"full\"},\"altOriginal\":\"\",\"captionOriginal\":\"\",\"imgBorderResponsive\":{\"Mobile\":{\"radius\":[]}},\"hideMobile\":true,\"positioningType\":{\"Desktop\":\"custom\"},\"positioningWidth\":{\"Desktop\":{\"point\":\"271\",\"unit\":\"px\"}},\"positioningLocation\":\"absolute\",\"positioningLeft\":{\"Desktop\":{\"point\":\"-88\",\"unit\":\"px\"}},\"positioningTop\":{\"Desktop\":{\"point\":\"352\",\"unit\":\"px\"}}} -->\n<div class=\"wp-block-gutenverse-image guten-element guten-image guten-OvtDPG hide-mobile\"><div class=\"guten-image-wrapper\"><img class=\"gutenverse-image-box-filled\" src=\"https:\/\/designer.gutenverse.com\/sovy\/wp-content\/uploads\/sites\/79\/2024\/10\/green-pepper.webp\" height=\"490\" width=\"363\"\/><\/div><\/div>\n<!-- \/wp:gutenverse\/image --><\/div><\/div>\n<!-- \/wp:gutenverse\/column -->\n\n<!-- wp:gutenverse\/column {\"width\":{\"Desktop\":45,\"Tablet\":100,\"Mobile\":null},\"elementId\":\"guten-J69iTX\",\"verticalAlign\":{\"Desktop\":\"center\"},\"border\":{\"radius\":{\"Desktop\":[]},\"all\":{\"type\":\"none\"}},\"margin\":{\"Desktop\":[],\"Tablet\":[],\"Mobile\":[]},\"padding\":{\"Desktop\":{\"unit\":\"px\",\"dimension\":{\"top\":\"0\",\"right\":\"10\",\"bottom\":\"0\",\"left\":\"80\"}},\"Tablet\":{\"unit\":\"px\",\"dimension\":{\"top\":\"80\",\"right\":\"0\",\"bottom\":\"0\",\"left\":\"0\"}},\"Mobile\":{\"unit\":\"px\",\"dimension\":{\"top\":\"80\",\"right\":\"0\",\"bottom\":\"0\",\"left\":\"0\"}}}} -->\n<div class=\"wp-block-gutenverse-column guten-element guten-column guten-J69iTX\"><div class=\"guten-column-wrapper\" data-id=\"J69iTX\"><!-- wp:gutenverse\/advanced-heading {\"elementId\":\"guten-NzwQCw\",\"text\":\"Delivery\",\"focusText\":\"\",\"subText\":\"well Served\",\"lineWidth\":{\"Desktop\":\"10\",\"Tablet\":\"7\",\"Mobile\":\"16\"},\"lineHeight\":{\"Desktop\":\"2\"},\"lineMargin\":{\"Desktop\":{\"unit\":\"px\",\"dimension\":{\"top\":\"15\",\"right\":\"20\",\"bottom\":\"15\",\"left\":\"0\"}},\"Tablet\":[],\"Mobile\":[]},\"mainColor\":{\"type\":\"variable\",\"id\":\"theme-2\"},\"mainTypography\":{\"type\":\"variable\",\"id\":\"PM6GMF\",\"font\":{\"label\":\"Inter\",\"value\":\"Inter\",\"type\":\"google\"},\"size\":{\"Desktop\":{\"point\":\"16\",\"unit\":\"px\"}},\"weight\":\"500\",\"lineHeight\":{\"Desktop\":{\"unit\":\"em\",\"point\":\"1.6\"}},\"transform\":\"uppercase\",\"spacing\":{\"Desktop\":\"1\"}},\"mainMargin\":{\"Desktop\":{\"unit\":\"px\",\"dimension\":{\"top\":\"\",\"right\":\"\",\"bottom\":\"\",\"left\":\"\"}}},\"mainPadding\":{\"Desktop\":{\"unit\":\"px\",\"dimension\":{\"top\":\"\",\"right\":\"\",\"bottom\":\"\",\"left\":\"\"}}},\"focusMargin\":{\"Desktop\":[],\"Mobile\":[]},\"focusPadding\":{\"Desktop\":[],\"Mobile\":[]},\"subColor\":{\"type\":\"variable\",\"id\":\"theme-0\"},\"subTypography\":{\"type\":\"variable\",\"id\":\"1dcJQ2\",\"font\":{\"label\":\"Raleway\",\"value\":\"Raleway\",\"type\":\"google\"},\"size\":{\"Desktop\":{\"point\":\"56\",\"unit\":\"px\"}},\"weight\":\"800\",\"transform\":\"capitalize\",\"lineHeight\":{\"Desktop\":{\"unit\":\"em\",\"point\":\"1\"}}},\"subMargin\":{\"Desktop\":{\"unit\":\"px\",\"dimension\":{\"top\":\"0\",\"right\":\"0\",\"bottom\":\"0\",\"left\":\"0\"}},\"Mobile\":[]},\"subPadding\":{\"Desktop\":{\"unit\":\"px\",\"dimension\":{\"top\":\"10\",\"right\":\"0\",\"bottom\":\"0\",\"left\":\"0\"}},\"Mobile\":[]},\"lineColor\":{\"type\":\"variable\",\"id\":\"theme-2\"},\"border\":{\"radius\":{\"Desktop\":[]}},\"margin\":{\"Desktop\":{\"unit\":\"px\",\"dimension\":{\"top\":\"15\",\"right\":\"0\",\"bottom\":\"35\",\"left\":\"0\"}}},\"padding\":{\"Desktop\":[]}} -->\n<div class=\"guten-element guten-advanced-heading guten-NzwQCw\"><div class=\"heading-section \"><div class=\"heading-line before\"><\/div><h2 class=\"heading-title\"><span class=\"heading-title\">Delivery<\/span><span class=\"heading-focus\"><\/span><\/h2><\/div><span class=\"heading-subtitle\">well Served<\/span><\/div>\n<!-- \/wp:gutenverse\/advanced-heading -->\n\n<!-- wp:gutenverse\/text-editor {\"elementId\":\"guten-5pA9Ok\",\"textColor\":{\"type\":\"variable\",\"id\":\"theme-3\"},\"typography\":{\"type\":\"variable\",\"id\":\"9lek3I\",\"font\":{\"label\":\"Inter\",\"value\":\"Inter\",\"type\":\"google\"},\"size\":{\"Desktop\":{\"point\":\"16\",\"unit\":\"px\"}},\"weight\":\"300\",\"lineHeight\":{\"Desktop\":{\"unit\":\"em\",\"point\":\"1.5\"}}},\"margin\":{\"Desktop\":{\"unit\":\"px\",\"dimension\":{\"top\":\"0\",\"right\":\"0\",\"bottom\":\"50\",\"left\":\"0\"}}},\"padding\":{\"Desktop\":[]}} -->\n<div class=\"guten-element gutenverse-text-editor guten-5pA9Ok\"><div class=\"text-content-inner\"><!-- wp:paragraph -->\n<p>Lorem ipsum dolor sit amet, consectetuer adipiscing qeun elit. Aenean commodo ligula eget dolor. Aenean massa. Cum sociis natoque penatibus qet magnis dis parturient montes, nascetur ridiculus mus. Donec quam felis, necom ultricies npellentesque eu, pretium quis, sem. Et que Nulla consequat massa quis enim. Donec pede justo giemt, fringilla vel, aliquet nec, inap vulputate eget, arcu. Enim justo, rhoncus ut, imperdiet a, venenatis vitae, justo.<\/p>\n<!-- \/wp:paragraph --><\/div><\/div>\n<!-- \/wp:gutenverse\/text-editor -->\n\n<!-- wp:gutenverse\/section {\"layout\":\"fullwidth\",\"isChild\":true,\"gap\":\"no\",\"elementId\":\"guten-KkDRmd\",\"margin\":{\"Desktop\":{\"unit\":\"px\",\"dimension\":{\"top\":\"0\",\"right\":\"0\",\"bottom\":\"40\",\"left\":\"0\"}}},\"padding\":{\"Desktop\":[]}} -->\n<div class=\"section-wrapper\" data-id=\"KkDRmd\"><section class=\"wp-block-gutenverse-section guten-element guten-section guten-KkDRmd layout-fullwidth align-stretch\"><div class=\"guten-container guten-column-gap-no\"><!-- wp:gutenverse\/column {\"width\":{\"Desktop\":50},\"elementId\":\"guten-kS7fk1\"} -->\n<div class=\"wp-block-gutenverse-column guten-element guten-column guten-kS7fk1\"><div class=\"guten-column-wrapper\" data-id=\"kS7fk1\"><!-- wp:gutenverse\/icon-list {\"elementId\":\"guten-HgpP0Z\",\"spaceBetween\":{\"Desktop\":\"10\"},\"alignList\":{\"Desktop\":\"flex-start\"},\"iconColor\":{\"type\":\"variable\",\"id\":\"theme-5\"},\"iconSize\":{\"Desktop\":\"14\"},\"textColor\":{\"type\":\"variable\",\"id\":\"theme-3\"},\"textIndent\":{\"Desktop\":\"18\"},\"textTypography\":{\"type\":\"variable\",\"id\":\"IdlpaU\",\"font\":{\"label\":\"Inter\",\"value\":\"Inter\",\"type\":\"google\"},\"size\":{\"Desktop\":{\"point\":\"16\",\"unit\":\"px\"}},\"lineHeight\":{\"Desktop\":{\"unit\":\"em\",\"point\":\"1.5\"}},\"weight\":\"300\",\"spacing\":{\"Desktop\":\"0.1\"}},\"margin\":{\"Desktop\":[]},\"padding\":{\"Desktop\":{\"unit\":\"px\",\"dimension\":{\"top\":\"0\",\"right\":\"0\",\"bottom\":\"0\",\"left\":\"0\"}}},\"positioningType\":{\"Desktop\":\"default\",\"Mobile\":\"full\"},\"positioningWidth\":{\"Desktop\":{\"unit\":\"%\",\"point\":\"50\"}}} -->\n<div class=\"guten-element guten-icon-list guten-HgpP0Z\"><!-- wp:gutenverse\/icon-list-item {\"elementId\":\"guten-SO47F1\"} -->\n<div class=\"guten-element guten-icon-list-item guten-SO47F1\"><a id=\"guten-SO47F1\"><i class=\"fas fa-check-circle\"><\/i><span class=\"list-text \">Food Delivery<\/span><\/a><\/div>\n<!-- \/wp:gutenverse\/icon-list-item -->\n\n<!-- wp:gutenverse\/icon-list-item {\"elementId\":\"guten-FqlgTt\"} -->\n<div class=\"guten-element guten-icon-list-item guten-FqlgTt\"><a id=\"guten-FqlgTt\"><i class=\"fas fa-check-circle\"><\/i><span class=\"list-text \">Catering Delivery<\/span><\/a><\/div>\n<!-- \/wp:gutenverse\/icon-list-item --><\/div>\n<!-- \/wp:gutenverse\/icon-list --><\/div><\/div>\n<!-- \/wp:gutenverse\/column -->\n\n<!-- wp:gutenverse\/column {\"width\":{\"Desktop\":50},\"elementId\":\"guten-KpsvnI\"} -->\n<div class=\"wp-block-gutenverse-column guten-element guten-column guten-KpsvnI\"><div class=\"guten-column-wrapper\" data-id=\"KpsvnI\"><!-- wp:gutenverse\/icon-list {\"elementId\":\"guten-Bz9rTf\",\"spaceBetween\":{\"Desktop\":\"10\"},\"alignList\":{\"Desktop\":\"flex-start\"},\"iconColor\":{\"type\":\"variable\",\"id\":\"theme-5\"},\"iconSize\":{\"Desktop\":\"14\"},\"textColor\":{\"type\":\"variable\",\"id\":\"theme-3\"},\"textIndent\":{\"Desktop\":\"18\"},\"textTypography\":{\"type\":\"variable\",\"id\":\"IdlpaU\",\"font\":{\"label\":\"Inter\",\"value\":\"Inter\",\"type\":\"google\"},\"size\":{\"Desktop\":{\"point\":\"16\",\"unit\":\"px\"}},\"lineHeight\":{\"Desktop\":{\"unit\":\"em\",\"point\":\"1.5\"}},\"weight\":\"300\",\"spacing\":{\"Desktop\":\"0.1\"}},\"margin\":{\"Desktop\":[],\"Mobile\":{\"unit\":\"px\",\"dimension\":{\"top\":\"10\",\"right\":\"0\",\"bottom\":\"0\",\"left\":\"0\"}}},\"padding\":{\"Desktop\":{\"unit\":\"px\",\"dimension\":{\"top\":\"0\",\"right\":\"0\",\"bottom\":\"0\",\"left\":\"0\"}},\"Mobile\":[]},\"positioningType\":{\"Desktop\":\"default\",\"Mobile\":\"full\"},\"positioningWidth\":{\"Desktop\":{\"unit\":\"%\",\"point\":\"50\"}}} -->\n<div class=\"guten-element guten-icon-list guten-Bz9rTf\"><!-- wp:gutenverse\/icon-list-item {\"elementId\":\"guten-9UP5fD\"} -->\n<div class=\"guten-element guten-icon-list-item guten-9UP5fD\"><a id=\"guten-9UP5fD\"><i class=\"fas fa-check-circle\"><\/i><span class=\"list-text \">Restaurant Courier<\/span><\/a><\/div>\n<!-- \/wp:gutenverse\/icon-list-item -->\n\n<!-- wp:gutenverse\/icon-list-item {\"elementId\":\"guten-fOHCBS\"} -->\n<div class=\"guten-element guten-icon-list-item guten-fOHCBS\"><a id=\"guten-fOHCBS\"><i class=\"fas fa-check-circle\"><\/i><span class=\"list-text \">Safety and Clean<\/span><\/a><\/div>\n<!-- \/wp:gutenverse\/icon-list-item --><\/div>\n<!-- \/wp:gutenverse\/icon-list --><\/div><\/div>\n<!-- \/wp:gutenverse\/column --><\/div><\/section><\/div>\n<!-- \/wp:gutenverse\/section -->\n\n<!-- wp:gutenverse\/button {\"elementId\":\"guten-SgsuEU\",\"content\":\"Look Menu\",\"paddingButton\":{\"Desktop\":{\"unit\":\"px\",\"dimension\":{\"top\":\"16\",\"right\":\"28\",\"bottom\":\"16\",\"left\":\"28\"}}},\"buttonBackground\":{\"type\":\"default\",\"color\":{\"type\":\"variable\",\"id\":\"theme-2\"}},\"buttonBackgroundHover\":{\"type\":\"default\",\"color\":{\"r\":0,\"g\":0,\"b\":0,\"a\":0}},\"buttonBorder\":{\"radius\":{\"Desktop\":{\"unit\":\"px\",\"dimension\":{\"top\":\"0\",\"right\":\"0\",\"bottom\":\"0\",\"left\":\"0\"}}},\"all\":{\"width\":2,\"type\":\"solid\",\"color\":{\"r\":0,\"g\":0,\"b\":0,\"a\":0}}},\"buttonBorderHover\":{\"radius\":{\"Desktop\":[]},\"all\":{\"type\":\"solid\",\"width\":2,\"color\":{\"type\":\"variable\",\"id\":\"theme-3\"}}},\"margin\":{\"Desktop\":{\"unit\":\"px\",\"dimension\":{\"top\":\"0\",\"right\":\"0\",\"bottom\":\"0\",\"left\":\"0\"}}},\"padding\":{\"Desktop\":[]},\"color\":{\"type\":\"variable\",\"id\":\"theme-1\"},\"iconColor\":{\"type\":\"variable\",\"id\":\"theme-1\"},\"typography\":{\"type\":\"variable\",\"id\":\"QiqSBU\",\"font\":{\"label\":\"Inter\",\"value\":\"Inter\",\"type\":\"google\"},\"size\":{\"Desktop\":{\"point\":\"14\",\"unit\":\"px\"}},\"lineHeight\":{\"Desktop\":{\"unit\":\"em\",\"point\":\"1.5\"}},\"weight\":\"400\"},\"hoverTextColor\":{\"type\":\"variable\",\"id\":\"theme-3\"}} -->\n<div class=\"guten-element guten-button-wrapper guten-SgsuEU\"><a class=\"guten-button guten-button-sm\" href=\"#\"><span>Look Menu<\/span><\/a><\/div>\n<!-- \/wp:gutenverse\/button --><\/div><\/div>\n<!-- \/wp:gutenverse\/column --><\/div><\/section><\/div>\n<!-- \/wp:gutenverse\/section -->\n\n<!-- wp:gutenverse\/section {\"width\":{\"Desktop\":\"1295\"},\"gap\":\"no\",\"elementId\":\"guten-yCkoIE\",\"margin\":{\"Desktop\":[],\"Tablet\":[],\"Mobile\":[]},\"padding\":{\"Desktop\":{\"unit\":\"px\",\"dimension\":{\"top\":\"40\",\"right\":\"0\",\"bottom\":\"120\",\"left\":\"0\"}},\"Tablet\":{\"unit\":\"px\",\"dimension\":{\"top\":\"0\",\"right\":\"20\",\"bottom\":\"80\",\"left\":\"20\"}},\"Mobile\":{\"unit\":\"px\",\"dimension\":{\"top\":\"\",\"right\":\"\",\"bottom\":\"\",\"left\":\"\"}}}} -->\n<div class=\"section-wrapper\" data-id=\"yCkoIE\"><section class=\"wp-block-gutenverse-section guten-element guten-section guten-yCkoIE layout-boxed align-stretch\"><div class=\"guten-container guten-column-gap-no\"><!-- wp:gutenverse\/column {\"width\":{\"Desktop\":25,\"Tablet\":50,\"Mobile\":null},\"elementId\":\"guten-tzp41e\",\"horizontalAlign\":{\"Desktop\":\"center\",\"Tablet\":\"center\",\"Mobile\":\"flex-start\"},\"margin\":{\"Tablet\":{\"unit\":\"px\",\"dimension\":{\"top\":\"0\",\"right\":\"0\",\"bottom\":\"20\",\"left\":\"0\"}},\"Mobile\":{\"unit\":\"px\",\"dimension\":{\"top\":\"0\",\"right\":\"0\",\"bottom\":\"40\",\"left\":\"0\"}}},\"padding\":{\"Tablet\":[],\"Mobile\":[]}} -->\n<div class=\"wp-block-gutenverse-column guten-element guten-column guten-tzp41e\"><div class=\"guten-column-wrapper\" data-id=\"tzp41e\"><!-- wp:gutenverse\/icon {\"elementId\":\"guten-CXuEUg\",\"icon\":\"gtn gtn-dinner-light\",\"iconColorOne\":{\"r\":0,\"g\":0,\"b\":0,\"a\":0},\"iconSize\":{\"Desktop\":{\"point\":\"60\",\"unit\":\"px\"}},\"iconPadding\":{\"Desktop\":\"0\"},\"iconColorTwo\":{\"type\":\"variable\",\"id\":\"theme-2\"},\"margin\":{\"Desktop\":{\"unit\":\"px\",\"dimension\":{\"top\":\"0\",\"right\":\"0\",\"bottom\":\"0\",\"left\":\"0\"}}},\"padding\":{\"Desktop\":{\"unit\":\"px\",\"dimension\":{\"top\":\"0\",\"right\":\"30\",\"bottom\":\"0\",\"left\":\"0\"}}},\"positioningType\":{\"Desktop\":\"inline\"},\"positioningAlign\":{\"Desktop\":\"center\"}} -->\n<div class=\"wp-block-gutenverse-icon guten-element guten-CXuEUg guten-icon\"><span class=\"guten-icon-wrapper rounded stacked\"><i class=\"gtn gtn-dinner-light\"><\/i><\/span><\/div>\n<!-- \/wp:gutenverse\/icon -->\n\n<!-- wp:gutenverse\/fun-fact {\"elementId\":\"guten-z3L6iz\",\"iconType\":\"none\",\"iconBorder\":{\"radius\":{\"Desktop\":[]}},\"iconSize\":{\"Desktop\":\"0\"},\"iconPadding\":{\"Desktop\":{\"unit\":\"px\",\"dimension\":{\"top\":\"0\",\"right\":\"0\",\"bottom\":\"0\",\"left\":\"0\"}}},\"iconMargin\":{\"Desktop\":{\"unit\":\"px\",\"dimension\":{\"top\":\"0\",\"right\":\"0\",\"bottom\":\"0\",\"left\":\"0\"}}},\"prefix\":\"\",\"number\":\"50\",\"suffix\":\"\",\"title\":\"Variety of Cuisine\",\"showSupper\":true,\"superColor\":{\"type\":\"variable\",\"id\":\"theme-0\"},\"superTypography\":{\"type\":\"variable\",\"id\":\"EgwDtE\",\"font\":{\"label\":\"Open Sans\",\"value\":\"Open Sans\",\"type\":\"google\"},\"size\":{\"Desktop\":{\"point\":\"32\",\"unit\":\"px\"}},\"lineHeight\":{\"Desktop\":{\"unit\":\"em\",\"point\":\"1.4\"}},\"weight\":\"400\"},\"superTop\":{\"Desktop\":\"-18\"},\"superSpace\":{\"Desktop\":\"-10\"},\"alignButtons\":{\"Desktop\":\"left\"},\"numberColor\":{\"Desktop\":{\"type\":\"variable\",\"id\":\"theme-2\"}},\"titleColor\":{\"Desktop\":{\"type\":\"variable\",\"id\":\"theme-3\"}},\"numberTypography\":{\"type\":\"variable\",\"id\":\"njCVhu\",\"size\":{\"Desktop\":{\"point\":\"70\",\"unit\":\"px\"}},\"font\":{\"label\":\"Raleway\",\"value\":\"Raleway\",\"type\":\"google\"},\"lineHeight\":{\"Desktop\":{\"unit\":\"em\",\"point\":\"1.2\"}},\"weight\":\"400\"},\"titleTypography\":{\"type\":\"variable\",\"id\":\"JoQRLP\",\"font\":{\"label\":\"Inter\",\"value\":\"Inter\",\"type\":\"google\"},\"size\":{\"Desktop\":{\"point\":\"16\",\"unit\":\"px\"}},\"lineHeight\":{\"Desktop\":{\"unit\":\"em\",\"point\":\"1.1\"}},\"weight\":\"400\"},\"numberBottomSpace\":{\"Desktop\":\"0\"},\"titleBottomSpace\":{\"Desktop\":\"0\"},\"numberRightSpace\":{\"Desktop\":\"0\"},\"contentPadding\":{\"Desktop\":{\"unit\":\"px\",\"dimension\":{\"top\":\"0\",\"right\":\"0\",\"bottom\":\"0\",\"left\":\"0\"}}},\"margin\":{\"Desktop\":{\"unit\":\"px\",\"dimension\":{\"top\":\"0\",\"right\":\"0\",\"bottom\":\"0\",\"left\":\"0\"}},\"Tablet\":[]},\"padding\":{\"Desktop\":{\"unit\":\"px\",\"dimension\":{\"top\":\"0\",\"right\":\"0\",\"bottom\":\"0\",\"left\":\"0\"}},\"Tablet\":{\"unit\":\"px\",\"dimension\":{\"top\":\"0\",\"right\":\"0\",\"bottom\":\"0\",\"left\":\"15\"}}},\"positioningType\":{\"Desktop\":\"inline\"}} -->\n<div class=\"guten-element guten-z3L6iz guten-fun-fact align-center hover-from-left\"><div class=\"fun-fact-inner\"><div class=\"content\"><div class=\"number-wrapper\"><span class=\"prefix\"><\/span><span class=\"number loaded\" data-number=\"50\" data-duration=\"3500\"><\/span><span class=\"suffix\"><\/span><sup class=\"super\">+<\/sup><\/div><span class=\"title\">Variety of Cuisine<\/span><\/div><\/div><\/div>\n<!-- \/wp:gutenverse\/fun-fact --><\/div><\/div>\n<!-- \/wp:gutenverse\/column -->\n\n<!-- wp:gutenverse\/column {\"width\":{\"Desktop\":25,\"Tablet\":50,\"Mobile\":null},\"elementId\":\"guten-lU3FrJ\",\"horizontalAlign\":{\"Desktop\":\"center\",\"Tablet\":\"center\",\"Mobile\":\"flex-start\"},\"margin\":{\"Tablet\":{\"unit\":\"px\",\"dimension\":{\"top\":\"0\",\"right\":\"0\",\"bottom\":\"20\",\"left\":\"0\"}},\"Mobile\":{\"unit\":\"px\",\"dimension\":{\"top\":\"0\",\"right\":\"0\",\"bottom\":\"40\",\"left\":\"0\"}}},\"padding\":{\"Tablet\":[],\"Mobile\":[]}} -->\n<div class=\"wp-block-gutenverse-column guten-element guten-column guten-lU3FrJ\"><div class=\"guten-column-wrapper\" data-id=\"lU3FrJ\"><!-- wp:gutenverse\/icon {\"elementId\":\"guten-GgNDnI\",\"icon\":\"gtn gtn-clock-1-light\",\"iconColorOne\":{\"r\":0,\"g\":0,\"b\":0,\"a\":0},\"iconSize\":{\"Desktop\":{\"point\":\"60\",\"unit\":\"px\"}},\"iconPadding\":{\"Desktop\":\"0\"},\"iconColorTwo\":{\"type\":\"variable\",\"id\":\"theme-2\"},\"margin\":{\"Desktop\":{\"unit\":\"px\",\"dimension\":{\"top\":\"0\",\"right\":\"0\",\"bottom\":\"0\",\"left\":\"0\"}}},\"padding\":{\"Desktop\":{\"unit\":\"px\",\"dimension\":{\"top\":\"0\",\"right\":\"30\",\"bottom\":\"0\",\"left\":\"0\"}}},\"positioningType\":{\"Desktop\":\"inline\"},\"positioningAlign\":{\"Desktop\":\"center\"}} -->\n<div class=\"wp-block-gutenverse-icon guten-element guten-GgNDnI guten-icon\"><span class=\"guten-icon-wrapper rounded stacked\"><i class=\"gtn gtn-clock-1-light\"><\/i><\/span><\/div>\n<!-- \/wp:gutenverse\/icon -->\n\n<!-- wp:gutenverse\/fun-fact {\"elementId\":\"guten-NebrZa\",\"iconType\":\"none\",\"iconBorder\":{\"radius\":{\"Desktop\":[]}},\"iconSize\":{\"Desktop\":\"0\"},\"iconPadding\":{\"Desktop\":{\"unit\":\"px\",\"dimension\":{\"top\":\"0\",\"right\":\"0\",\"bottom\":\"0\",\"left\":\"0\"}}},\"iconMargin\":{\"Desktop\":{\"unit\":\"px\",\"dimension\":{\"top\":\"0\",\"right\":\"0\",\"bottom\":\"0\",\"left\":\"0\"}}},\"prefix\":\"\",\"number\":\"20\",\"suffix\":\"\",\"title\":\"Year of Experience\",\"showSupper\":true,\"superColor\":{\"type\":\"variable\",\"id\":\"theme-0\"},\"superTypography\":{\"type\":\"variable\",\"id\":\"EgwDtE\",\"font\":{\"label\":\"Open Sans\",\"value\":\"Open Sans\",\"type\":\"google\"},\"size\":{\"Desktop\":{\"point\":\"32\",\"unit\":\"px\"}},\"lineHeight\":{\"Desktop\":{\"unit\":\"em\",\"point\":\"1.4\"}},\"weight\":\"400\"},\"superTop\":{\"Desktop\":\"-18\"},\"superSpace\":{\"Desktop\":\"-10\"},\"alignButtons\":{\"Desktop\":\"left\"},\"numberColor\":{\"Desktop\":{\"type\":\"variable\",\"id\":\"theme-2\"}},\"titleColor\":{\"Desktop\":{\"type\":\"variable\",\"id\":\"theme-3\"}},\"numberTypography\":{\"type\":\"variable\",\"id\":\"njCVhu\",\"size\":{\"Desktop\":{\"point\":\"70\",\"unit\":\"px\"}},\"font\":{\"label\":\"Raleway\",\"value\":\"Raleway\",\"type\":\"google\"},\"lineHeight\":{\"Desktop\":{\"unit\":\"em\",\"point\":\"1.2\"}},\"weight\":\"400\"},\"titleTypography\":{\"type\":\"variable\",\"id\":\"JoQRLP\",\"font\":{\"label\":\"Inter\",\"value\":\"Inter\",\"type\":\"google\"},\"size\":{\"Desktop\":{\"point\":\"16\",\"unit\":\"px\"}},\"lineHeight\":{\"Desktop\":{\"unit\":\"em\",\"point\":\"1.1\"}},\"weight\":\"400\"},\"numberBottomSpace\":{\"Desktop\":\"0\"},\"titleBottomSpace\":{\"Desktop\":\"0\"},\"numberRightSpace\":{\"Desktop\":\"0\"},\"contentPadding\":{\"Desktop\":{\"unit\":\"px\",\"dimension\":{\"top\":\"0\",\"right\":\"0\",\"bottom\":\"0\",\"left\":\"0\"}}},\"margin\":{\"Desktop\":{\"unit\":\"px\",\"dimension\":{\"top\":\"0\",\"right\":\"0\",\"bottom\":\"0\",\"left\":\"0\"}},\"Tablet\":[]},\"padding\":{\"Desktop\":{\"unit\":\"px\",\"dimension\":{\"top\":\"0\",\"right\":\"0\",\"bottom\":\"0\",\"left\":\"0\"}},\"Tablet\":{\"unit\":\"px\",\"dimension\":{\"top\":\"0\",\"right\":\"0\",\"bottom\":\"0\",\"left\":\"15\"}}},\"positioningType\":{\"Desktop\":\"inline\"}} -->\n<div class=\"guten-element guten-NebrZa guten-fun-fact align-center hover-from-left\"><div class=\"fun-fact-inner\"><div class=\"content\"><div class=\"number-wrapper\"><span class=\"prefix\"><\/span><span class=\"number loaded\" data-number=\"20\" data-duration=\"3500\"><\/span><span class=\"suffix\"><\/span><sup class=\"super\">+<\/sup><\/div><span class=\"title\">Year of Experience<\/span><\/div><\/div><\/div>\n<!-- \/wp:gutenverse\/fun-fact --><\/div><\/div>\n<!-- \/wp:gutenverse\/column -->\n\n<!-- wp:gutenverse\/column {\"width\":{\"Desktop\":25,\"Tablet\":50,\"Mobile\":null},\"elementId\":\"guten-Mr6rza\",\"horizontalAlign\":{\"Desktop\":\"center\",\"Tablet\":\"center\",\"Mobile\":\"flex-start\"},\"margin\":{\"Mobile\":{\"unit\":\"px\",\"dimension\":{\"top\":\"0\",\"right\":\"0\",\"bottom\":\"40\",\"left\":\"0\"}}},\"padding\":{\"Mobile\":[]}} -->\n<div class=\"wp-block-gutenverse-column guten-element guten-column guten-Mr6rza\"><div class=\"guten-column-wrapper\" data-id=\"Mr6rza\"><!-- wp:gutenverse\/icon {\"elementId\":\"guten-POFR6B\",\"icon\":\"gtn gtn-User-light\",\"iconColorOne\":{\"r\":0,\"g\":0,\"b\":0,\"a\":0},\"iconSize\":{\"Desktop\":{\"point\":\"60\",\"unit\":\"px\"}},\"iconPadding\":{\"Desktop\":\"0\"},\"iconColorTwo\":{\"type\":\"variable\",\"id\":\"theme-2\"},\"margin\":{\"Desktop\":{\"unit\":\"px\",\"dimension\":{\"top\":\"0\",\"right\":\"0\",\"bottom\":\"0\",\"left\":\"0\"}}},\"padding\":{\"Desktop\":{\"unit\":\"px\",\"dimension\":{\"top\":\"0\",\"right\":\"30\",\"bottom\":\"0\",\"left\":\"0\"}}},\"positioningType\":{\"Desktop\":\"inline\"},\"positioningAlign\":{\"Desktop\":\"center\"}} -->\n<div class=\"wp-block-gutenverse-icon guten-element guten-POFR6B guten-icon\"><span class=\"guten-icon-wrapper rounded stacked\"><i class=\"gtn gtn-User-light\"><\/i><\/span><\/div>\n<!-- \/wp:gutenverse\/icon -->\n\n<!-- wp:gutenverse\/fun-fact {\"elementId\":\"guten-yO39Z1\",\"iconType\":\"none\",\"iconBorder\":{\"radius\":{\"Desktop\":[]}},\"iconSize\":{\"Desktop\":\"0\"},\"iconPadding\":{\"Desktop\":{\"unit\":\"px\",\"dimension\":{\"top\":\"0\",\"right\":\"0\",\"bottom\":\"0\",\"left\":\"0\"}}},\"iconMargin\":{\"Desktop\":{\"unit\":\"px\",\"dimension\":{\"top\":\"0\",\"right\":\"0\",\"bottom\":\"0\",\"left\":\"0\"}}},\"prefix\":\"\",\"number\":\"90\",\"suffix\":\"\",\"title\":\"Satisfy Customer\",\"showSupper\":true,\"supper\":\"%\",\"superColor\":{\"type\":\"variable\",\"id\":\"theme-0\"},\"superTypography\":{\"type\":\"variable\",\"id\":\"EgwDtE\",\"font\":{\"label\":\"Open Sans\",\"value\":\"Open Sans\",\"type\":\"google\"},\"size\":{\"Desktop\":{\"point\":\"32\",\"unit\":\"px\"}},\"lineHeight\":{\"Desktop\":{\"unit\":\"em\",\"point\":\"1.4\"}},\"weight\":\"400\"},\"superTop\":{\"Desktop\":\"-18\"},\"superSpace\":{\"Desktop\":\"-10\"},\"alignButtons\":{\"Desktop\":\"left\"},\"numberColor\":{\"Desktop\":{\"type\":\"variable\",\"id\":\"theme-2\"}},\"titleColor\":{\"Desktop\":{\"type\":\"variable\",\"id\":\"theme-3\"}},\"numberTypography\":{\"type\":\"variable\",\"id\":\"njCVhu\",\"size\":{\"Desktop\":{\"point\":\"70\",\"unit\":\"px\"}},\"font\":{\"label\":\"Raleway\",\"value\":\"Raleway\",\"type\":\"google\"},\"lineHeight\":{\"Desktop\":{\"unit\":\"em\",\"point\":\"1.2\"}},\"weight\":\"400\"},\"titleTypography\":{\"type\":\"variable\",\"id\":\"JoQRLP\",\"font\":{\"label\":\"Inter\",\"value\":\"Inter\",\"type\":\"google\"},\"size\":{\"Desktop\":{\"point\":\"16\",\"unit\":\"px\"}},\"lineHeight\":{\"Desktop\":{\"unit\":\"em\",\"point\":\"1.1\"}},\"weight\":\"400\"},\"numberBottomSpace\":{\"Desktop\":\"0\"},\"titleBottomSpace\":{\"Desktop\":\"0\"},\"numberRightSpace\":{\"Desktop\":\"0\"},\"contentPadding\":{\"Desktop\":{\"unit\":\"px\",\"dimension\":{\"top\":\"0\",\"right\":\"0\",\"bottom\":\"0\",\"left\":\"0\"}}},\"margin\":{\"Desktop\":{\"unit\":\"px\",\"dimension\":{\"top\":\"0\",\"right\":\"0\",\"bottom\":\"0\",\"left\":\"0\"}},\"Tablet\":[]},\"padding\":{\"Desktop\":{\"unit\":\"px\",\"dimension\":{\"top\":\"0\",\"right\":\"0\",\"bottom\":\"0\",\"left\":\"0\"}},\"Tablet\":{\"unit\":\"px\",\"dimension\":{\"top\":\"0\",\"right\":\"0\",\"bottom\":\"0\",\"left\":\"15\"}}},\"positioningType\":{\"Desktop\":\"inline\"}} -->\n<div class=\"guten-element guten-yO39Z1 guten-fun-fact align-center hover-from-left\"><div class=\"fun-fact-inner\"><div class=\"content\"><div class=\"number-wrapper\"><span class=\"prefix\"><\/span><span class=\"number loaded\" data-number=\"90\" data-duration=\"3500\"><\/span><span class=\"suffix\"><\/span><sup class=\"super\">%<\/sup><\/div><span class=\"title\">Satisfy Customer<\/span><\/div><\/div><\/div>\n<!-- \/wp:gutenverse\/fun-fact --><\/div><\/div>\n<!-- \/wp:gutenverse\/column -->\n\n<!-- wp:gutenverse\/column {\"width\":{\"Desktop\":25,\"Tablet\":50,\"Mobile\":null},\"elementId\":\"guten-gzyW0x\",\"horizontalAlign\":{\"Desktop\":\"center\",\"Tablet\":\"center\",\"Mobile\":\"flex-start\"}} -->\n<div class=\"wp-block-gutenverse-column guten-element guten-column guten-gzyW0x\"><div class=\"guten-column-wrapper\" data-id=\"gzyW0x\"><!-- wp:gutenverse\/icon {\"elementId\":\"guten-zHbK5U\",\"icon\":\"gtn gtn-store-1-light\",\"iconColorOne\":{\"r\":0,\"g\":0,\"b\":0,\"a\":0},\"iconSize\":{\"Desktop\":{\"point\":\"60\",\"unit\":\"px\"}},\"iconPadding\":{\"Desktop\":\"0\"},\"iconColorTwo\":{\"type\":\"variable\",\"id\":\"theme-2\"},\"margin\":{\"Desktop\":{\"unit\":\"px\",\"dimension\":{\"top\":\"0\",\"right\":\"0\",\"bottom\":\"0\",\"left\":\"0\"}}},\"padding\":{\"Desktop\":{\"unit\":\"px\",\"dimension\":{\"top\":\"0\",\"right\":\"30\",\"bottom\":\"0\",\"left\":\"0\"}}},\"positioningType\":{\"Desktop\":\"inline\"},\"positioningAlign\":{\"Desktop\":\"center\"}} -->\n<div class=\"wp-block-gutenverse-icon guten-element guten-zHbK5U guten-icon\"><span class=\"guten-icon-wrapper rounded stacked\"><i class=\"gtn gtn-store-1-light\"><\/i><\/span><\/div>\n<!-- \/wp:gutenverse\/icon -->\n\n<!-- wp:gutenverse\/fun-fact {\"elementId\":\"guten-IWcL7B\",\"iconType\":\"none\",\"iconBorder\":{\"radius\":{\"Desktop\":[]}},\"iconSize\":{\"Desktop\":\"0\"},\"iconPadding\":{\"Desktop\":{\"unit\":\"px\",\"dimension\":{\"top\":\"0\",\"right\":\"0\",\"bottom\":\"0\",\"left\":\"0\"}}},\"iconMargin\":{\"Desktop\":{\"unit\":\"px\",\"dimension\":{\"top\":\"0\",\"right\":\"0\",\"bottom\":\"0\",\"left\":\"0\"}}},\"prefix\":\"\",\"number\":\"100\",\"suffix\":\"\",\"title\":\"Restaurant Capacity\",\"showSupper\":true,\"superColor\":{\"type\":\"variable\",\"id\":\"theme-0\"},\"superTypography\":{\"type\":\"variable\",\"id\":\"EgwDtE\",\"font\":{\"label\":\"Open Sans\",\"value\":\"Open Sans\",\"type\":\"google\"},\"size\":{\"Desktop\":{\"point\":\"32\",\"unit\":\"px\"}},\"lineHeight\":{\"Desktop\":{\"unit\":\"em\",\"point\":\"1.4\"}},\"weight\":\"400\"},\"superTop\":{\"Desktop\":\"-18\"},\"superSpace\":{\"Desktop\":\"-10\"},\"alignButtons\":{\"Desktop\":\"left\"},\"numberColor\":{\"Desktop\":{\"type\":\"variable\",\"id\":\"theme-2\"}},\"titleColor\":{\"Desktop\":{\"type\":\"variable\",\"id\":\"theme-3\"}},\"numberTypography\":{\"type\":\"variable\",\"id\":\"njCVhu\",\"size\":{\"Desktop\":{\"point\":\"70\",\"unit\":\"px\"}},\"font\":{\"label\":\"Raleway\",\"value\":\"Raleway\",\"type\":\"google\"},\"lineHeight\":{\"Desktop\":{\"unit\":\"em\",\"point\":\"1.2\"}},\"weight\":\"400\"},\"titleTypography\":{\"type\":\"variable\",\"id\":\"JoQRLP\",\"font\":{\"label\":\"Inter\",\"value\":\"Inter\",\"type\":\"google\"},\"size\":{\"Desktop\":{\"point\":\"16\",\"unit\":\"px\"}},\"lineHeight\":{\"Desktop\":{\"unit\":\"em\",\"point\":\"1.1\"}},\"weight\":\"400\"},\"numberBottomSpace\":{\"Desktop\":\"0\"},\"titleBottomSpace\":{\"Desktop\":\"0\"},\"numberRightSpace\":{\"Desktop\":\"0\"},\"contentPadding\":{\"Desktop\":{\"unit\":\"px\",\"dimension\":{\"top\":\"0\",\"right\":\"0\",\"bottom\":\"0\",\"left\":\"0\"}}},\"margin\":{\"Desktop\":{\"unit\":\"px\",\"dimension\":{\"top\":\"0\",\"right\":\"0\",\"bottom\":\"0\",\"left\":\"0\"}},\"Tablet\":[]},\"padding\":{\"Desktop\":{\"unit\":\"px\",\"dimension\":{\"top\":\"0\",\"right\":\"0\",\"bottom\":\"0\",\"left\":\"0\"}},\"Tablet\":{\"unit\":\"px\",\"dimension\":{\"top\":\"0\",\"right\":\"0\",\"bottom\":\"0\",\"left\":\"15\"}}},\"positioningType\":{\"Desktop\":\"inline\"}} -->\n<div class=\"guten-element guten-IWcL7B guten-fun-fact align-center hover-from-left\"><div class=\"fun-fact-inner\"><div class=\"content\"><div class=\"number-wrapper\"><span class=\"prefix\"><\/span><span class=\"number loaded\" data-number=\"100\" data-duration=\"3500\"><\/span><span class=\"suffix\"><\/span><sup class=\"super\">+<\/sup><\/div><span class=\"title\">Restaurant Capacity<\/span><\/div><\/div><\/div>\n<!-- \/wp:gutenverse\/fun-fact --><\/div><\/div>\n<!-- \/wp:gutenverse\/column --><\/div><\/section><\/div>\n<!-- \/wp:gutenverse\/section -->\n\n<!-- wp:pattern {\"slug\":\"sovy\/sovy-home-gutenverse-testimonial\"} \/-->\n\n<!-- wp:gutenverse\/section {\"layout\":\"fullwidth\",\"gap\":\"no\",\"elementId\":\"guten-n4OJgs\",\"verticalAlign\":\"center\",\"background\":{\"videoPlayOnMobile\":false,\"type\":\"default\",\"color\":\"\"},\"backgroundOverlay\":{\"type\":\"default\",\"color\":\"\"},\"margin\":{\"Desktop\":{\"unit\":\"px\",\"dimension\":{\"top\":\"100\"}},\"Tablet\":{\"unit\":\"px\",\"dimension\":{\"top\":\"\",\"right\":\"\",\"bottom\":\"\",\"left\":\"\"}},\"Mobile\":[]},\"padding\":{\"Desktop\":{\"unit\":\"px\",\"dimension\":{\"top\":\"100\",\"bottom\":\"100\"}},\"Tablet\":{\"unit\":\"px\",\"dimension\":{\"top\":\"50\",\"right\":\"0\",\"bottom\":\"100\",\"left\":\"0\"}},\"Mobile\":{\"unit\":\"px\",\"dimension\":{\"top\":\"0\",\"right\":\"0\",\"bottom\":\"80\",\"left\":\"0\"}}}} -->\n<div class=\"section-wrapper\" data-id=\"n4OJgs\"><section class=\"wp-block-gutenverse-section guten-element guten-section guten-n4OJgs layout-fullwidth align-stretch\"><div class=\"guten-background-overlay\"><\/div><div class=\"guten-container guten-column-gap-no\"><!-- wp:gutenverse\/column {\"width\":{\"Desktop\":50,\"Tablet\":90},\"sectionVerticalAlign\":\"center\",\"elementId\":\"guten-JhXCdO\",\"order\":{\"Tablet\":2},\"horizontalAlign\":{\"Desktop\":\"flex-end\"},\"margin\":{\"Tablet\":{\"unit\":\"px\",\"dimension\":{\"top\":\"0\",\"right\":\"0\",\"bottom\":\"0\",\"left\":\"0\"}}},\"padding\":{\"Tablet\":{\"unit\":\"px\",\"dimension\":{\"top\":\"0\",\"right\":\"20\",\"bottom\":\"0\",\"left\":\"10\"}}}} -->\n<div class=\"wp-block-gutenverse-column guten-element guten-column guten-JhXCdO\"><div class=\"guten-column-wrapper\" data-id=\"JhXCdO\"><!-- wp:gutenverse\/section {\"width\":{\"Desktop\":\"647\",\"Tablet\":\"\"},\"isChild\":true,\"elementId\":\"guten-3DSZvs\",\"margin\":{\"Tablet\":{\"unit\":\"px\",\"dimension\":{\"top\":\"0\",\"right\":\"0\",\"bottom\":\"0\",\"left\":\"0\"}}},\"padding\":{\"Tablet\":{\"unit\":\"px\",\"dimension\":{\"top\":\"0\",\"right\":\"0\",\"bottom\":\"0\",\"left\":\"0\"}}},\"positioningType\":{\"Desktop\":\"custom\"},\"positioningWidth\":{\"Desktop\":{\"point\":\"647\",\"unit\":\"px\"}}} -->\n<div class=\"section-wrapper\" data-id=\"3DSZvs\"><section class=\"wp-block-gutenverse-section guten-element guten-section guten-3DSZvs layout-boxed align-stretch\"><div class=\"guten-container guten-column-gap-default\"><!-- wp:gutenverse\/column {\"width\":{\"Desktop\":100,\"Mobile\":null,\"Tablet\":null},\"elementId\":\"guten-52oiv9\",\"horizontalAlign\":{\"Desktop\":\"default\",\"Tablet\":\"flex-start\"},\"margin\":{\"Desktop\":[],\"Mobile\":[],\"Tablet\":{\"unit\":\"px\",\"dimension\":{\"top\":\"0\",\"right\":\"0\",\"bottom\":\"0\",\"left\":\"0\"}}},\"padding\":{\"Desktop\":{\"unit\":\"px\",\"dimension\":{\"right\":\"80\"}},\"Mobile\":{\"unit\":\"px\",\"dimension\":{\"top\":\"0\",\"right\":\"0\",\"bottom\":\"0\",\"left\":\"0\"}},\"Tablet\":{\"unit\":\"px\",\"dimension\":{\"top\":\"0\",\"right\":\"0\",\"bottom\":\"0\",\"left\":\"0\"}}}} -->\n<div class=\"wp-block-gutenverse-column guten-element guten-column guten-52oiv9\"><div class=\"guten-column-wrapper\" data-id=\"52oiv9\"><!-- wp:gutenverse\/advanced-heading {\"elementId\":\"guten-bI3WHG\",\"text\":\"Celebration\",\"focusText\":\"\",\"subText\":\"Food Catering\",\"lineWidth\":{\"Desktop\":\"9\",\"Tablet\":\"8\",\"Mobile\":\"16\"},\"lineHeight\":{\"Desktop\":\"2\"},\"lineMargin\":{\"Desktop\":{\"unit\":\"px\",\"dimension\":{\"top\":\"15\",\"right\":\"20\",\"bottom\":\"15\",\"left\":\"0\"}},\"Tablet\":[],\"Mobile\":[]},\"mainColor\":{\"type\":\"variable\",\"id\":\"theme-2\"},\"mainTypography\":{\"type\":\"variable\",\"id\":\"PM6GMF\",\"font\":{\"label\":\"Inter\",\"value\":\"Inter\",\"type\":\"google\"},\"size\":{\"Desktop\":{\"point\":\"16\",\"unit\":\"px\"}},\"weight\":\"500\",\"lineHeight\":{\"Desktop\":{\"unit\":\"em\",\"point\":\"1.6\"}},\"transform\":\"uppercase\",\"spacing\":{\"Desktop\":\"1\"}},\"mainMargin\":{\"Desktop\":{\"unit\":\"px\",\"dimension\":{\"top\":\"\",\"right\":\"\",\"bottom\":\"\",\"left\":\"\"}}},\"mainPadding\":{\"Desktop\":{\"unit\":\"px\",\"dimension\":{\"top\":\"\",\"right\":\"\",\"bottom\":\"\",\"left\":\"\"}}},\"focusMargin\":{\"Desktop\":[],\"Mobile\":[]},\"focusPadding\":{\"Desktop\":[],\"Mobile\":[]},\"subColor\":{\"type\":\"variable\",\"id\":\"theme-0\"},\"subTypography\":{\"type\":\"variable\",\"id\":\"1dcJQ2\",\"font\":{\"label\":\"Raleway\",\"value\":\"Raleway\",\"type\":\"google\"},\"size\":{\"Desktop\":{\"point\":\"56\",\"unit\":\"px\"}},\"weight\":\"800\",\"transform\":\"capitalize\",\"lineHeight\":{\"Desktop\":{\"unit\":\"em\",\"point\":\"1\"}}},\"subMargin\":{\"Desktop\":{\"unit\":\"px\",\"dimension\":{\"top\":\"0\",\"right\":\"0\",\"bottom\":\"0\",\"left\":\"0\"}},\"Mobile\":[]},\"subPadding\":{\"Desktop\":{\"unit\":\"px\",\"dimension\":{\"top\":\"10\",\"right\":\"0\",\"bottom\":\"0\",\"left\":\"0\"}},\"Mobile\":[]},\"lineColor\":{\"type\":\"variable\",\"id\":\"theme-2\"},\"border\":{\"radius\":{\"Desktop\":[]}},\"margin\":{\"Desktop\":{\"unit\":\"px\",\"dimension\":{\"top\":\"5\",\"right\":\"0\",\"bottom\":\"35\",\"left\":\"0\"}},\"Mobile\":{\"unit\":\"px\",\"dimension\":{\"top\":\"0\",\"right\":\"0\",\"bottom\":\"30\",\"left\":\"0\"}}},\"padding\":{\"Desktop\":[],\"Mobile\":[]}} -->\n<div class=\"guten-element guten-advanced-heading guten-bI3WHG\"><div class=\"heading-section \"><div class=\"heading-line before\"><\/div><h2 class=\"heading-title\"><span class=\"heading-title\">Celebration<\/span><span class=\"heading-focus\"><\/span><\/h2><\/div><span class=\"heading-subtitle\">Food Catering<\/span><\/div>\n<!-- \/wp:gutenverse\/advanced-heading -->\n\n<!-- wp:gutenverse\/text-editor {\"elementId\":\"guten-VBPbOB\",\"textColor\":{\"type\":\"variable\",\"id\":\"theme-3\"},\"typography\":{\"type\":\"variable\",\"id\":\"9lek3I\",\"font\":{\"label\":\"Inter\",\"value\":\"Inter\",\"type\":\"google\"},\"size\":{\"Desktop\":{\"point\":\"16\",\"unit\":\"px\"}},\"weight\":\"300\",\"lineHeight\":{\"Desktop\":{\"unit\":\"em\",\"point\":\"1.5\"}}},\"margin\":{\"Desktop\":{\"unit\":\"px\",\"dimension\":{\"top\":\"0\",\"right\":\"0\",\"bottom\":\"10\",\"left\":\"0\"}}},\"padding\":{\"Desktop\":[]},\"positioningType\":{\"Mobile\":\"default\"}} -->\n<div class=\"guten-element gutenverse-text-editor guten-VBPbOB\"><div class=\"text-content-inner\"><!-- wp:paragraph -->\n<p>At Sovy, we bring the taste of excellence to your events with our premium catering services. Whether it\u2019s an intimate gathering or a grand celebration, our tailored menus and exceptional presentation ensure every moment is unforgettable.<\/p>\n<!-- \/wp:paragraph --><\/div><\/div>\n<!-- \/wp:gutenverse\/text-editor -->\n\n<!-- wp:gutenverse\/text-editor {\"elementId\":\"guten-OBnX0t\",\"textColor\":{\"type\":\"variable\",\"id\":\"theme-3\"},\"typography\":{\"type\":\"variable\",\"id\":\"9lek3I\",\"font\":{\"label\":\"Inter\",\"value\":\"Inter\",\"type\":\"google\"},\"size\":{\"Desktop\":{\"point\":\"16\",\"unit\":\"px\"}},\"weight\":\"300\",\"lineHeight\":{\"Desktop\":{\"unit\":\"em\",\"point\":\"1.5\"}}},\"margin\":{\"Desktop\":{\"unit\":\"px\",\"dimension\":{\"top\":\"0\",\"right\":\"0\",\"bottom\":\"45\",\"left\":\"0\"}}},\"padding\":{\"Desktop\":[]}} -->\n<div class=\"guten-element gutenverse-text-editor guten-OBnX0t\"><div class=\"text-content-inner\"><!-- wp:paragraph -->\n<p>From fresh, high-quality ingredients to a seamless service experience, we handle all the details so you can focus on enjoying your occasion. Let us make your event special with flavors crafted to impress and memories that last a lifetime.<\/p>\n<!-- \/wp:paragraph --><\/div><\/div>\n<!-- \/wp:gutenverse\/text-editor -->\n\n<!-- wp:gutenverse\/section {\"layout\":\"fullwidth\",\"isChild\":true,\"gap\":\"no\",\"elementId\":\"guten-AndxSK\",\"margin\":{\"Desktop\":{\"unit\":\"px\",\"dimension\":{\"top\":\"0\",\"right\":\"0\",\"bottom\":\"38\",\"left\":\"0\"}}},\"padding\":{\"Desktop\":[]}} -->\n<div class=\"section-wrapper\" data-id=\"AndxSK\"><section class=\"wp-block-gutenverse-section guten-element guten-section guten-AndxSK layout-fullwidth align-stretch\"><div class=\"guten-container guten-column-gap-no\"><!-- wp:gutenverse\/column {\"width\":{\"Desktop\":50,\"Tablet\":50},\"elementId\":\"guten-6IHvSt\"} -->\n<div class=\"wp-block-gutenverse-column guten-element guten-column guten-6IHvSt\"><div class=\"guten-column-wrapper\" data-id=\"6IHvSt\"><!-- wp:gutenverse\/icon-list {\"elementId\":\"guten-VDPGk2\",\"spaceBetween\":{\"Desktop\":\"10\"},\"alignList\":{\"Desktop\":\"flex-start\"},\"iconColor\":{\"type\":\"variable\",\"id\":\"theme-5\"},\"iconSize\":{\"Desktop\":\"14\"},\"textColor\":{\"type\":\"variable\",\"id\":\"theme-3\"},\"textIndent\":{\"Desktop\":\"18\"},\"textTypography\":{\"type\":\"variable\",\"id\":\"IdlpaU\",\"font\":{\"label\":\"Inter\",\"value\":\"Inter\",\"type\":\"google\"},\"size\":{\"Desktop\":{\"point\":\"16\",\"unit\":\"px\"}},\"lineHeight\":{\"Desktop\":{\"unit\":\"em\",\"point\":\"1.5\"}},\"weight\":\"300\",\"spacing\":{\"Desktop\":\"0.1\"}},\"margin\":{\"Desktop\":[]},\"padding\":{\"Desktop\":{\"unit\":\"px\",\"dimension\":{\"top\":\"0\",\"right\":\"0\",\"bottom\":\"0\",\"left\":\"0\"}}},\"positioningType\":{\"Desktop\":\"default\",\"Mobile\":\"full\"},\"positioningWidth\":{\"Desktop\":{\"unit\":\"%\",\"point\":\"50\"}}} -->\n<div class=\"guten-element guten-icon-list guten-VDPGk2\"><!-- wp:gutenverse\/icon-list-item {\"elementId\":\"guten-pytVzK\"} -->\n<div class=\"guten-element guten-icon-list-item guten-pytVzK\"><a id=\"guten-pytVzK\"><i class=\"fas fa-check-circle\"><\/i><span class=\"list-text \">Wedding Ceremony<\/span><\/a><\/div>\n<!-- \/wp:gutenverse\/icon-list-item -->\n\n<!-- wp:gutenverse\/icon-list-item {\"elementId\":\"guten-31PlUO\"} -->\n<div class=\"guten-element guten-icon-list-item guten-31PlUO\"><a id=\"guten-31PlUO\"><i class=\"fas fa-check-circle\"><\/i><span class=\"list-text \">Event Celebration<\/span><\/a><\/div>\n<!-- \/wp:gutenverse\/icon-list-item --><\/div>\n<!-- \/wp:gutenverse\/icon-list --><\/div><\/div>\n<!-- \/wp:gutenverse\/column -->\n\n<!-- wp:gutenverse\/column {\"width\":{\"Desktop\":50,\"Tablet\":50},\"elementId\":\"guten-gw8qRE\"} -->\n<div class=\"wp-block-gutenverse-column guten-element guten-column guten-gw8qRE\"><div class=\"guten-column-wrapper\" data-id=\"gw8qRE\"><!-- wp:gutenverse\/icon-list {\"elementId\":\"guten-xOQzrw\",\"spaceBetween\":{\"Desktop\":\"10\"},\"alignList\":{\"Desktop\":\"flex-start\"},\"iconColor\":{\"type\":\"variable\",\"id\":\"theme-5\"},\"iconSize\":{\"Desktop\":\"14\"},\"textColor\":{\"type\":\"variable\",\"id\":\"theme-3\"},\"textIndent\":{\"Desktop\":\"18\"},\"textTypography\":{\"type\":\"variable\",\"id\":\"IdlpaU\",\"font\":{\"label\":\"Inter\",\"value\":\"Inter\",\"type\":\"google\"},\"size\":{\"Desktop\":{\"point\":\"16\",\"unit\":\"px\"}},\"lineHeight\":{\"Desktop\":{\"unit\":\"em\",\"point\":\"1.5\"}},\"weight\":\"300\",\"spacing\":{\"Desktop\":\"0.1\"}},\"margin\":{\"Desktop\":[],\"Mobile\":{\"unit\":\"px\",\"dimension\":{\"top\":\"10\",\"right\":\"0\",\"bottom\":\"0\",\"left\":\"0\"}}},\"padding\":{\"Desktop\":{\"unit\":\"px\",\"dimension\":{\"top\":\"0\",\"right\":\"0\",\"bottom\":\"0\",\"left\":\"0\"}},\"Mobile\":[]},\"positioningType\":{\"Desktop\":\"default\",\"Mobile\":\"full\"},\"positioningWidth\":{\"Desktop\":{\"unit\":\"%\",\"point\":\"50\"}}} -->\n<div class=\"guten-element guten-icon-list guten-xOQzrw\"><!-- wp:gutenverse\/icon-list-item {\"elementId\":\"guten-x1mPN5\"} -->\n<div class=\"guten-element guten-icon-list-item guten-x1mPN5\"><a id=\"guten-x1mPN5\"><i class=\"fas fa-check-circle\"><\/i><span class=\"list-text \">Birthday Party<\/span><\/a><\/div>\n<!-- \/wp:gutenverse\/icon-list-item -->\n\n<!-- wp:gutenverse\/icon-list-item {\"elementId\":\"guten-kyYNxb\"} -->\n<div class=\"guten-element guten-icon-list-item guten-kyYNxb\"><a id=\"guten-kyYNxb\"><i class=\"fas fa-check-circle\"><\/i><span class=\"list-text \">Family Gathering<\/span><\/a><\/div>\n<!-- \/wp:gutenverse\/icon-list-item --><\/div>\n<!-- \/wp:gutenverse\/icon-list --><\/div><\/div>\n<!-- \/wp:gutenverse\/column --><\/div><\/section><\/div>\n<!-- \/wp:gutenverse\/section -->\n\n<!-- wp:gutenverse\/button {\"elementId\":\"guten-VHWkyH\",\"content\":\"Contact Us\",\"paddingButton\":{\"Desktop\":{\"unit\":\"px\",\"dimension\":{\"top\":\"16\",\"right\":\"28\",\"bottom\":\"16\",\"left\":\"28\"}}},\"buttonBackground\":{\"type\":\"default\",\"color\":{\"type\":\"variable\",\"id\":\"theme-2\"}},\"buttonBackgroundHover\":{\"type\":\"default\",\"color\":{\"r\":0,\"g\":0,\"b\":0,\"a\":0}},\"buttonBorder\":{\"radius\":{\"Desktop\":{\"unit\":\"px\",\"dimension\":{\"top\":\"0\",\"right\":\"0\",\"bottom\":\"0\",\"left\":\"0\"}}},\"all\":{\"width\":2,\"type\":\"solid\",\"color\":{\"r\":0,\"g\":0,\"b\":0,\"a\":0}}},\"buttonBorderHover\":{\"radius\":{\"Desktop\":[]},\"all\":{\"type\":\"solid\",\"width\":2,\"color\":{\"type\":\"variable\",\"id\":\"theme-3\"}}},\"margin\":{\"Desktop\":{\"unit\":\"px\",\"dimension\":{\"top\":\"0\",\"right\":\"0\",\"bottom\":\"0\",\"left\":\"0\"}}},\"padding\":{\"Desktop\":[]},\"color\":{\"type\":\"variable\",\"id\":\"theme-1\"},\"iconColor\":{\"type\":\"variable\",\"id\":\"theme-1\"},\"typography\":{\"type\":\"variable\",\"id\":\"QiqSBU\",\"font\":{\"label\":\"Inter\",\"value\":\"Inter\",\"type\":\"google\"},\"size\":{\"Desktop\":{\"point\":\"14\",\"unit\":\"px\"}},\"lineHeight\":{\"Desktop\":{\"unit\":\"em\",\"point\":\"1.5\"}},\"weight\":\"400\"},\"hoverTextColor\":{\"type\":\"variable\",\"id\":\"theme-3\"}} -->\n<div class=\"guten-element guten-button-wrapper guten-VHWkyH\"><a class=\"guten-button guten-button-sm\" href=\"#\"><span>Contact Us<\/span><\/a><\/div>\n<!-- \/wp:gutenverse\/button --><\/div><\/div>\n<!-- \/wp:gutenverse\/column --><\/div><\/section><\/div>\n<!-- \/wp:gutenverse\/section --><\/div><\/div>\n<!-- \/wp:gutenverse\/column -->\n\n<!-- wp:gutenverse\/column {\"width\":{\"Desktop\":50,\"Tablet\":100},\"sectionVerticalAlign\":\"center\",\"elementId\":\"guten-X1Kmif\",\"order\":{\"Tablet\":1},\"background\":{\"type\":\"default\",\"color\":\"\",\"image\":{\"Desktop\":{\"id\":658,\"image\":\"https:\/\/designer.gutenverse.com\/preset\/wp-content\/uploads\/sites\/25\/2024\/12\/bg-servicesss.webp\"}},\"position\":{\"Desktop\":\"custom\",\"Tablet\":\"center center\"},\"repeat\":{\"Desktop\":\"no-repeat\",\"Tablet\":\"no-repeat\"},\"size\":{\"Desktop\":\"cover\",\"Tablet\":\"cover\"},\"width\":{\"Desktop\":{\"unit\":\"%\",\"point\":\"100\"}},\"xposition\":{\"Desktop\":{\"point\":\"185\",\"unit\":\"px\"}}},\"backgroundOverlay\":{\"type\":\"default\",\"color\":\"\"},\"horizontalAlign\":{\"Desktop\":\"flex-start\",\"Tablet\":\"center\"},\"margin\":{\"Desktop\":[],\"Tablet\":{\"unit\":\"px\",\"dimension\":{\"top\":\"0\",\"right\":\"0\",\"bottom\":\"220\",\"left\":\"0\"}},\"Mobile\":[]},\"padding\":{\"Desktop\":{\"unit\":\"px\",\"dimension\":{\"left\":\"40\",\"top\":\"50\",\"bottom\":\"50\"}},\"Tablet\":[],\"Mobile\":{\"unit\":\"px\",\"dimension\":{\"top\":\"0\",\"right\":\"20\",\"bottom\":\"0\",\"left\":\"20\"}}}} -->\n<div class=\"wp-block-gutenverse-column guten-element guten-column guten-X1Kmif\"><div class=\"guten-column-wrapper\" data-id=\"X1Kmif\"><div class=\"guten-background-overlay\"><\/div><!-- wp:gutenverse\/section {\"width\":{\"Desktop\":\"516\"},\"isChild\":true,\"gap\":\"no\",\"elementId\":\"guten-D09OYK\",\"margin\":{\"Tablet\":{\"unit\":\"px\",\"dimension\":{\"top\":\"200\",\"right\":\"0\",\"bottom\":\"-200\",\"left\":\"0\"}},\"Mobile\":[]},\"padding\":{\"Tablet\":{\"unit\":\"px\",\"dimension\":{\"top\":\"\",\"right\":\"\",\"bottom\":\"\",\"left\":\"\"}},\"Mobile\":[]},\"positioningType\":{\"Desktop\":\"custom\"},\"positioningWidth\":{\"Desktop\":{\"point\":\"516\",\"unit\":\"px\"}},\"positioningAlign\":{\"Desktop\":\"flex-start\"}} -->\n<div class=\"section-wrapper\" data-id=\"D09OYK\"><section class=\"wp-block-gutenverse-section guten-element guten-section guten-D09OYK layout-boxed align-stretch\"><div class=\"guten-container guten-column-gap-no\"><!-- wp:gutenverse\/column {\"width\":{\"Desktop\":100,\"Tablet\":null,\"Mobile\":null},\"elementId\":\"guten-T5dGch\"} -->\n<div class=\"wp-block-gutenverse-column guten-element guten-column guten-T5dGch\"><div class=\"guten-column-wrapper\" data-id=\"T5dGch\"><!-- wp:gutenverse\/image {\"elementId\":\"guten-mNGV5H\",\"imgSrc\":{\"media\":{\"imageId\":2850,\"sizes\":{\"thumbnail\":{\"height\":150,\"width\":150,\"url\":\"https:\/\/designer.gutenverse.com\/sovy\/wp-content\/uploads\/sites\/79\/2024\/12\/food-catering.webp\",\"orientation\":\"landscape\"},\"medium\":{\"height\":300,\"width\":300,\"url\":\"https:\/\/designer.gutenverse.com\/sovy\/wp-content\/uploads\/sites\/79\/2024\/12\/food-catering.webp\",\"orientation\":\"landscape\"},\"full\":{\"url\":\"https:\/\/designer.gutenverse.com\/sovy\/wp-content\/uploads\/sites\/79\/2024\/12\/food-catering.webp\",\"height\":1000,\"width\":1000,\"orientation\":\"landscape\"}}},\"size\":\"full\"},\"altOriginal\":\"\",\"captionOriginal\":\"\",\"width\":{\"Desktop\":{\"unit\":\"%\",\"point\":\"100\"},\"Tablet\":{\"unit\":\"%\",\"point\":\"100\"},\"Mobile\":{\"unit\":\"%\",\"point\":\"100\"}},\"imgBorder\":{\"radius\":{\"Desktop\":[]}},\"imgBorderResponsive\":{\"Tablet\":{\"radius\":[]},\"Mobile\":{\"radius\":[]}},\"align\":{\"Desktop\":\"left\",\"Tablet\":\"center\",\"Mobile\":\"center\"},\"animation\":{\"type\":{\"Desktop\":\"fadeInUp\"},\"duration\":\"normal\",\"delay\":100},\"margin\":{\"Desktop\":[],\"Tablet\":[]},\"padding\":{\"Desktop\":[],\"Tablet\":[]}} -->\n<div class=\"wp-block-gutenverse-image guten-element guten-image guten-mNGV5H animated guten-element-hide desktop-fadeInUp\"><div class=\"guten-image-wrapper\"><img class=\"gutenverse-image-box-filled\" src=\"https:\/\/designer.gutenverse.com\/sovy\/wp-content\/uploads\/sites\/79\/2024\/12\/food-catering.webp\" height=\"1000\" width=\"1000\"\/><\/div><\/div>\n<!-- \/wp:gutenverse\/image --><\/div><\/div>\n<!-- \/wp:gutenverse\/column --><\/div><\/section><\/div>\n<!-- \/wp:gutenverse\/section --><\/div><\/div>\n<!-- \/wp:gutenverse\/column --><\/div><\/section><\/div>\n<!-- \/wp:gutenverse\/section -->\n\n<!-- wp:pattern {\"slug\":\"sovy\/sovy-gutenverse-cta\"} \/-->\n\n<!-- wp:pattern {\"slug\":\"sovy\/sovy-gutenverse-contact\"} \/-->\n\n<!-- wp:pattern {\"slug\":\"sovy\/sovy-gutenverse-footer\"} \/-->",
    "preview_url" : "https://fse.jegtheme.com/sovy/services/",
    "image_url" : "assets/img/ss-cover-sovy-services.webp",
    "is_homepage" : false,
    "core-patterns" : [],
    "pro-patterns" : [],
    "gutenverse-patterns" : ["sovy-gutenverse-header", "sovy-home-gutenverse-testimonial", "sovy-gutenverse-cta", "sovy-gutenverse-contact", "sovy-gutenverse-footer"],
    "image_arr" : "[{'name':'about-hero.webp','image_url':'https:\/\/designer.gutenverse.com\/sovy\/wp-content\/uploads\/sites\/79\/2024\/10\/about-hero.webp','type':'page','id':22,'image_id':1039},{'name':'bg-thymee.webp','image_url':'https:\/\/designer.gutenverse.com\/sovy\/wp-content\/uploads\/sites\/79\/2024\/10\/bg-thymee.webp','type':'page','id':22,'image_id':210},{'name':'delivery-food.webp','image_url':'https:\/\/designer.gutenverse.com\/sovy\/wp-content\/uploads\/sites\/79\/2024\/10\/delivery-food.webp','type':'page','id':22,'image_id':1644},{'name':'green-pepper.webp','image_url':'https:\/\/designer.gutenverse.com\/sovy\/wp-content\/uploads\/sites\/79\/2024\/10\/green-pepper.webp','type':'page','id':22,'image_id':1645},{'name':'bg-servicesss.webp','image_url':'https:\/\/designer.gutenverse.com\/preset\/wp-content\/uploads\/sites\/25\/2024\/12\/bg-servicesss.webp','type':'page','id':22,'image_id':2893},{'name':'food-catering.webp','image_url':'https:\/\/designer.gutenverse.com\/sovy\/wp-content\/uploads\/sites\/79\/2024\/12\/food-catering.webp','type':'page','id':22,'image_id':1690}]"
}