[{"menu_id":"3","menu_data":[{"id":24,"title":"Home","url":"https:\/\/designer.gutenverse.com\/sovy\/","parent":"","type":"custom","object_slug":null,"have_child":true},{"id":28,"title":"Home \u2013 Style 1","url":"#","parent":"0","type":"page","object_slug":"home---style-1","have_child":false},{"id":29,"title":"Home \u2013 Style 2","url":"#","parent":"0","type":"page","object_slug":"home---style-2","have_child":false},{"id":2533,"title":"Home - Style 3","url":"#","parent":"0","type":"page","object_slug":"home---style-3","have_child":false},{"id":2532,"title":"Home - Style 4","url":"#","parent":"0","type":"page","object_slug":"home---style-4","have_child":false},{"id":25,"title":"About Us","url":"#","parent":"","type":"page","object_slug":"about-us","have_child":false},{"id":37,"title":"Menus","url":"#","parent":"","type":"custom","object_slug":null,"have_child":true},{"id":30,"title":"Menu \u2013 Style 1","url":"#","parent":"6","type":"page","object_slug":"menu---style-1","have_child":false},{"id":31,"title":"Menu \u2013 Style 2","url":"#","parent":"6","type":"page","object_slug":"menu---style-2","have_child":false},{"id":38,"title":"Pages","url":"#","parent":"","type":"custom","object_slug":null,"have_child":true},{"id":33,"title":"Reservation \u2013 Style 1","url":"#","parent":"9","type":"page","object_slug":"reservation---style-1","have_child":false},{"id":34,"title":"Reservation \u2013 Style 2","url":"#","parent":"9","type":"page","object_slug":"reservation---style-2","have_child":false},{"id":36,"title":"Services","url":"#","parent":"9","type":"page","object_slug":"services","have_child":false},{"id":32,"title":"Our Chef","url":"#","parent":"9","type":"page","object_slug":"our-chef","have_child":false},{"id":27,"title":"Gallery","url":"#","parent":"9","type":"page","object_slug":"gallery","have_child":false},{"id":26,"title":"Contact Us","url":"#","parent":"9","type":"page","object_slug":"contact-us","have_child":false},{"id":1817,"title":"Blog","url":"#","parent":"9","type":"page","object_slug":"blog","have_child":false}]},{"menu_id":"3","menu_data":[{"id":24,"title":"Home","url":"https:\/\/designer.gutenverse.com\/sovy\/","parent":"","type":"custom","object_slug":null,"have_child":true},{"id":28,"title":"Home \u2013 Style 1","url":"#","parent":"0","type":"page","object_slug":"home---style-1","have_child":false},{"id":29,"title":"Home \u2013 Style 2","url":"#","parent":"0","type":"page","object_slug":"home---style-2","have_child":false},{"id":2533,"title":"Home - Style 3","url":"#","parent":"0","type":"page","object_slug":"home---style-3","have_child":false},{"id":2532,"title":"Home - Style 4","url":"#","parent":"0","type":"page","object_slug":"home---style-4","have_child":false},{"id":25,"title":"About Us","url":"#","parent":"","type":"page","object_slug":"about-us","have_child":false},{"id":37,"title":"Menus","url":"#","parent":"","type":"custom","object_slug":null,"have_child":true},{"id":30,"title":"Menu \u2013 Style 1","url":"#","parent":"6","type":"page","object_slug":"menu---style-1","have_child":false},{"id":31,"title":"Menu \u2013 Style 2","url":"#","parent":"6","type":"page","object_slug":"menu---style-2","have_child":false},{"id":38,"title":"Pages","url":"#","parent":"","type":"custom","object_slug":null,"have_child":true},{"id":33,"title":"Reservation \u2013 Style 1","url":"#","parent":"9","type":"page","object_slug":"reservation---style-1","have_child":false},{"id":34,"title":"Reservation \u2013 Style 2","url":"#","parent":"9","type":"page","object_slug":"reservation---style-2","have_child":false},{"id":36,"title":"Services","url":"#","parent":"9","type":"page","object_slug":"services","have_child":false},{"id":32,"title":"Our Chef","url":"#","parent":"9","type":"page","object_slug":"our-chef","have_child":false},{"id":27,"title":"Gallery","url":"#","parent":"9","type":"page","object_slug":"gallery","have_child":false},{"id":26,"title":"Contact Us","url":"#","parent":"9","type":"page","object_slug":"contact-us","have_child":false},{"id":1817,"title":"Blog","url":"#","parent":"9","type":"page","object_slug":"blog","have_child":false}]},{"menu_id":"3","menu_data":[{"id":24,"title":"Home","url":"https:\/\/designer.gutenverse.com\/sovy\/","parent":"","type":"custom","object_slug":null,"have_child":true},{"id":28,"title":"Home \u2013 Style 1","url":"#","parent":"0","type":"page","object_slug":"home---style-1","have_child":false},{"id":29,"title":"Home \u2013 Style 2","url":"#","parent":"0","type":"page","object_slug":"home---style-2","have_child":false},{"id":2533,"title":"Home - Style 3","url":"#","parent":"0","type":"page","object_slug":"home---style-3","have_child":false},{"id":2532,"title":"Home - Style 4","url":"#","parent":"0","type":"page","object_slug":"home---style-4","have_child":false},{"id":25,"title":"About Us","url":"#","parent":"","type":"page","object_slug":"about-us","have_child":false},{"id":37,"title":"Menus","url":"#","parent":"","type":"custom","object_slug":null,"have_child":true},{"id":30,"title":"Menu \u2013 Style 1","url":"#","parent":"6","type":"page","object_slug":"menu---style-1","have_child":false},{"id":31,"title":"Menu \u2013 Style 2","url":"#","parent":"6","type":"page","object_slug":"menu---style-2","have_child":false},{"id":38,"title":"Pages","url":"#","parent":"","type":"custom","object_slug":null,"have_child":true},{"id":33,"title":"Reservation \u2013 Style 1","url":"#","parent":"9","type":"page","object_slug":"reservation---style-1","have_child":false},{"id":34,"title":"Reservation \u2013 Style 2","url":"#","parent":"9","type":"page","object_slug":"reservation---style-2","have_child":false},{"id":36,"title":"Services","url":"#","parent":"9","type":"page","object_slug":"services","have_child":false},{"id":32,"title":"Our Chef","url":"#","parent":"9","type":"page","object_slug":"our-chef","have_child":false},{"id":27,"title":"Gallery","url":"#","parent":"9","type":"page","object_slug":"gallery","have_child":false},{"id":26,"title":"Contact Us","url":"#","parent":"9","type":"page","object_slug":"contact-us","have_child":false},{"id":1817,"title":"Blog","url":"#","parent":"9","type":"page","object_slug":"blog","have_child":false}]},{"menu_id":"3","menu_data":[{"id":24,"title":"Home","url":"https:\/\/designer.gutenverse.com\/sovy\/","parent":"","type":"custom","object_slug":null,"have_child":true},{"id":28,"title":"Home \u2013 Style 1","url":"#","parent":"0","type":"page","object_slug":"home---style-1","have_child":false},{"id":29,"title":"Home \u2013 Style 2","url":"#","parent":"0","type":"page","object_slug":"home---style-2","have_child":false},{"id":2533,"title":"Home - Style 3","url":"#","parent":"0","type":"page","object_slug":"home---style-3","have_child":false},{"id":2532,"title":"Home - Style 4","url":"#","parent":"0","type":"page","object_slug":"home---style-4","have_child":false},{"id":25,"title":"About Us","url":"#","parent":"","type":"page","object_slug":"about-us","have_child":false},{"id":37,"title":"Menus","url":"#","parent":"","type":"custom","object_slug":null,"have_child":true},{"id":30,"title":"Menu \u2013 Style 1","url":"#","parent":"6","type":"page","object_slug":"menu---style-1","have_child":false},{"id":31,"title":"Menu \u2013 Style 2","url":"#","parent":"6","type":"page","object_slug":"menu---style-2","have_child":false},{"id":38,"title":"Pages","url":"#","parent":"","type":"custom","object_slug":null,"have_child":true},{"id":33,"title":"Reservation \u2013 Style 1","url":"#","parent":"9","type":"page","object_slug":"reservation---style-1","have_child":false},{"id":34,"title":"Reservation \u2013 Style 2","url":"#","parent":"9","type":"page","object_slug":"reservation---style-2","have_child":false},{"id":36,"title":"Services","url":"#","parent":"9","type":"page","object_slug":"services","have_child":false},{"id":32,"title":"Our Chef","url":"#","parent":"9","type":"page","object_slug":"our-chef","have_child":false},{"id":27,"title":"Gallery","url":"#","parent":"9","type":"page","object_slug":"gallery","have_child":false},{"id":26,"title":"Contact Us","url":"#","parent":"9","type":"page","object_slug":"contact-us","have_child":false},{"id":1817,"title":"Blog","url":"#","parent":"9","type":"page","object_slug":"blog","have_child":false}]},{"menu_id":"3","menu_data":[{"id":24,"title":"Home","url":"https:\/\/designer.gutenverse.com\/sovy\/","parent":"","type":"custom","object_slug":null,"have_child":true},{"id":28,"title":"Home \u2013 Style 1","url":"#","parent":"0","type":"page","object_slug":"home---style-1","have_child":false},{"id":29,"title":"Home \u2013 Style 2","url":"#","parent":"0","type":"page","object_slug":"home---style-2","have_child":false},{"id":2533,"title":"Home - Style 3","url":"#","parent":"0","type":"page","object_slug":"home---style-3","have_child":false},{"id":2532,"title":"Home - Style 4","url":"#","parent":"0","type":"page","object_slug":"home---style-4","have_child":false},{"id":25,"title":"About Us","url":"#","parent":"","type":"page","object_slug":"about-us","have_child":false},{"id":37,"title":"Menus","url":"#","parent":"","type":"custom","object_slug":null,"have_child":true},{"id":30,"title":"Menu \u2013 Style 1","url":"#","parent":"6","type":"page","object_slug":"menu---style-1","have_child":false},{"id":31,"title":"Menu \u2013 Style 2","url":"#","parent":"6","type":"page","object_slug":"menu---style-2","have_child":false},{"id":38,"title":"Pages","url":"#","parent":"","type":"custom","object_slug":null,"have_child":true},{"id":33,"title":"Reservation \u2013 Style 1","url":"#","parent":"9","type":"page","object_slug":"reservation---style-1","have_child":false},{"id":34,"title":"Reservation \u2013 Style 2","url":"#","parent":"9","type":"page","object_slug":"reservation---style-2","have_child":false},{"id":36,"title":"Services","url":"#","parent":"9","type":"page","object_slug":"services","have_child":false},{"id":32,"title":"Our Chef","url":"#","parent":"9","type":"page","object_slug":"our-chef","have_child":false},{"id":27,"title":"Gallery","url":"#","parent":"9","type":"page","object_slug":"gallery","have_child":false},{"id":26,"title":"Contact Us","url":"#","parent":"9","type":"page","object_slug":"contact-us","have_child":false},{"id":1817,"title":"Blog","url":"#","parent":"9","type":"page","object_slug":"blog","have_child":false}]},{"menu_id":"3","menu_data":[{"id":24,"title":"Home","url":"https:\/\/designer.gutenverse.com\/sovy\/","parent":"","type":"custom","object_slug":null,"have_child":true},{"id":28,"title":"Home \u2013 Style 1","url":"#","parent":"0","type":"page","object_slug":"home---style-1","have_child":false},{"id":29,"title":"Home \u2013 Style 2","url":"#","parent":"0","type":"page","object_slug":"home---style-2","have_child":false},{"id":2533,"title":"Home - Style 3","url":"#","parent":"0","type":"page","object_slug":"home---style-3","have_child":false},{"id":2532,"title":"Home - Style 4","url":"#","parent":"0","type":"page","object_slug":"home---style-4","have_child":false},{"id":25,"title":"About Us","url":"#","parent":"","type":"page","object_slug":"about-us","have_child":false},{"id":37,"title":"Menus","url":"#","parent":"","type":"custom","object_slug":null,"have_child":true},{"id":30,"title":"Menu \u2013 Style 1","url":"#","parent":"6","type":"page","object_slug":"menu---style-1","have_child":false},{"id":31,"title":"Menu \u2013 Style 2","url":"#","parent":"6","type":"page","object_slug":"menu---style-2","have_child":false},{"id":38,"title":"Pages","url":"#","parent":"","type":"custom","object_slug":null,"have_child":true},{"id":33,"title":"Reservation \u2013 Style 1","url":"#","parent":"9","type":"page","object_slug":"reservation---style-1","have_child":false},{"id":34,"title":"Reservation \u2013 Style 2","url":"#","parent":"9","type":"page","object_slug":"reservation---style-2","have_child":false},{"id":36,"title":"Services","url":"#","parent":"9","type":"page","object_slug":"services","have_child":false},{"id":32,"title":"Our Chef","url":"#","parent":"9","type":"page","object_slug":"our-chef","have_child":false},{"id":27,"title":"Gallery","url":"#","parent":"9","type":"page","object_slug":"gallery","have_child":false},{"id":26,"title":"Contact Us","url":"#","parent":"9","type":"page","object_slug":"contact-us","have_child":false},{"id":1817,"title":"Blog","url":"#","parent":"9","type":"page","object_slug":"blog","have_child":false}]},{"menu_id":"3","menu_data":[{"id":24,"title":"Home","url":"https:\/\/designer.gutenverse.com\/sovy\/","parent":"","type":"custom","object_slug":null,"have_child":true},{"id":28,"title":"Home \u2013 Style 1","url":"#","parent":"0","type":"page","object_slug":"home---style-1","have_child":false},{"id":29,"title":"Home \u2013 Style 2","url":"#","parent":"0","type":"page","object_slug":"home---style-2","have_child":false},{"id":2533,"title":"Home - Style 3","url":"#","parent":"0","type":"page","object_slug":"home---style-3","have_child":false},{"id":2532,"title":"Home - Style 4","url":"#","parent":"0","type":"page","object_slug":"home---style-4","have_child":false},{"id":25,"title":"About Us","url":"#","parent":"","type":"page","object_slug":"about-us","have_child":false},{"id":37,"title":"Menus","url":"#","parent":"","type":"custom","object_slug":null,"have_child":true},{"id":30,"title":"Menu \u2013 Style 1","url":"#","parent":"6","type":"page","object_slug":"menu---style-1","have_child":false},{"id":31,"title":"Menu \u2013 Style 2","url":"#","parent":"6","type":"page","object_slug":"menu---style-2","have_child":false},{"id":38,"title":"Pages","url":"#","parent":"","type":"custom","object_slug":null,"have_child":true},{"id":33,"title":"Reservation \u2013 Style 1","url":"#","parent":"9","type":"page","object_slug":"reservation---style-1","have_child":false},{"id":34,"title":"Reservation \u2013 Style 2","url":"#","parent":"9","type":"page","object_slug":"reservation---style-2","have_child":false},{"id":36,"title":"Services","url":"#","parent":"9","type":"page","object_slug":"services","have_child":false},{"id":32,"title":"Our Chef","url":"#","parent":"9","type":"page","object_slug":"our-chef","have_child":false},{"id":27,"title":"Gallery","url":"#","parent":"9","type":"page","object_slug":"gallery","have_child":false},{"id":26,"title":"Contact Us","url":"#","parent":"9","type":"page","object_slug":"contact-us","have_child":false},{"id":1817,"title":"Blog","url":"#","parent":"9","type":"page","object_slug":"blog","have_child":false}]},{"menu_id":"3","menu_data":[{"id":24,"title":"Home","url":"https:\/\/designer.gutenverse.com\/sovy\/","parent":"","type":"custom","object_slug":null,"have_child":true},{"id":28,"title":"Home \u2013 Style 1","url":"#","parent":"0","type":"page","object_slug":"home---style-1","have_child":false},{"id":29,"title":"Home \u2013 Style 2","url":"#","parent":"0","type":"page","object_slug":"home---style-2","have_child":false},{"id":2533,"title":"Home - Style 3","url":"#","parent":"0","type":"page","object_slug":"home---style-3","have_child":false},{"id":2532,"title":"Home - Style 4","url":"#","parent":"0","type":"page","object_slug":"home---style-4","have_child":false},{"id":25,"title":"About Us","url":"#","parent":"","type":"page","object_slug":"about-us","have_child":false},{"id":37,"title":"Menus","url":"#","parent":"","type":"custom","object_slug":null,"have_child":true},{"id":30,"title":"Menu \u2013 Style 1","url":"#","parent":"6","type":"page","object_slug":"menu---style-1","have_child":false},{"id":31,"title":"Menu \u2013 Style 2","url":"#","parent":"6","type":"page","object_slug":"menu---style-2","have_child":false},{"id":38,"title":"Pages","url":"#","parent":"","type":"custom","object_slug":null,"have_child":true},{"id":33,"title":"Reservation \u2013 Style 1","url":"#","parent":"9","type":"page","object_slug":"reservation---style-1","have_child":false},{"id":34,"title":"Reservation \u2013 Style 2","url":"#","parent":"9","type":"page","object_slug":"reservation---style-2","have_child":false},{"id":36,"title":"Services","url":"#","parent":"9","type":"page","object_slug":"services","have_child":false},{"id":32,"title":"Our Chef","url":"#","parent":"9","type":"page","object_slug":"our-chef","have_child":false},{"id":27,"title":"Gallery","url":"#","parent":"9","type":"page","object_slug":"gallery","have_child":false},{"id":26,"title":"Contact Us","url":"#","parent":"9","type":"page","object_slug":"contact-us","have_child":false},{"id":1817,"title":"Blog","url":"#","parent":"9","type":"page","object_slug":"blog","have_child":false}]},{"menu_id":"3","menu_data":[{"id":24,"title":"Home","url":"https:\/\/designer.gutenverse.com\/sovy\/","parent":"","type":"custom","object_slug":null,"have_child":true},{"id":28,"title":"Home \u2013 Style 1","url":"#","parent":"0","type":"page","object_slug":"home---style-1","have_child":false},{"id":29,"title":"Home \u2013 Style 2","url":"#","parent":"0","type":"page","object_slug":"home---style-2","have_child":false},{"id":2533,"title":"Home - Style 3","url":"#","parent":"0","type":"page","object_slug":"home---style-3","have_child":false},{"id":2532,"title":"Home - Style 4","url":"#","parent":"0","type":"page","object_slug":"home---style-4","have_child":false},{"id":25,"title":"About Us","url":"#","parent":"","type":"page","object_slug":"about-us","have_child":false},{"id":37,"title":"Menus","url":"#","parent":"","type":"custom","object_slug":null,"have_child":true},{"id":30,"title":"Menu \u2013 Style 1","url":"#","parent":"6","type":"page","object_slug":"menu---style-1","have_child":false},{"id":31,"title":"Menu \u2013 Style 2","url":"#","parent":"6","type":"page","object_slug":"menu---style-2","have_child":false},{"id":38,"title":"Pages","url":"#","parent":"","type":"custom","object_slug":null,"have_child":true},{"id":33,"title":"Reservation \u2013 Style 1","url":"#","parent":"9","type":"page","object_slug":"reservation---style-1","have_child":false},{"id":34,"title":"Reservation \u2013 Style 2","url":"#","parent":"9","type":"page","object_slug":"reservation---style-2","have_child":false},{"id":36,"title":"Services","url":"#","parent":"9","type":"page","object_slug":"services","have_child":false},{"id":32,"title":"Our Chef","url":"#","parent":"9","type":"page","object_slug":"our-chef","have_child":false},{"id":27,"title":"Gallery","url":"#","parent":"9","type":"page","object_slug":"gallery","have_child":false},{"id":26,"title":"Contact Us","url":"#","parent":"9","type":"page","object_slug":"contact-us","have_child":false},{"id":1817,"title":"Blog","url":"#","parent":"9","type":"page","object_slug":"blog","have_child":false}]},{"menu_id":"3","menu_data":[{"id":24,"title":"Home","url":"https:\/\/designer.gutenverse.com\/sovy\/","parent":"","type":"custom","object_slug":null,"have_child":true},{"id":28,"title":"Home \u2013 Style 1","url":"#","parent":"0","type":"page","object_slug":"home---style-1","have_child":false},{"id":29,"title":"Home \u2013 Style 2","url":"#","parent":"0","type":"page","object_slug":"home---style-2","have_child":false},{"id":2533,"title":"Home - Style 3","url":"#","parent":"0","type":"page","object_slug":"home---style-3","have_child":false},{"id":2532,"title":"Home - Style 4","url":"#","parent":"0","type":"page","object_slug":"home---style-4","have_child":false},{"id":25,"title":"About Us","url":"#","parent":"","type":"page","object_slug":"about-us","have_child":false},{"id":37,"title":"Menus","url":"#","parent":"","type":"custom","object_slug":null,"have_child":true},{"id":30,"title":"Menu \u2013 Style 1","url":"#","parent":"6","type":"page","object_slug":"menu---style-1","have_child":false},{"id":31,"title":"Menu \u2013 Style 2","url":"#","parent":"6","type":"page","object_slug":"menu---style-2","have_child":false},{"id":38,"title":"Pages","url":"#","parent":"","type":"custom","object_slug":null,"have_child":true},{"id":33,"title":"Reservation \u2013 Style 1","url":"#","parent":"9","type":"page","object_slug":"reservation---style-1","have_child":false},{"id":34,"title":"Reservation \u2013 Style 2","url":"#","parent":"9","type":"page","object_slug":"reservation---style-2","have_child":false},{"id":36,"title":"Services","url":"#","parent":"9","type":"page","object_slug":"services","have_child":false},{"id":32,"title":"Our Chef","url":"#","parent":"9","type":"page","object_slug":"our-chef","have_child":false},{"id":27,"title":"Gallery","url":"#","parent":"9","type":"page","object_slug":"gallery","have_child":false},{"id":26,"title":"Contact Us","url":"#","parent":"9","type":"page","object_slug":"contact-us","have_child":false},{"id":1817,"title":"Blog","url":"#","parent":"9","type":"page","object_slug":"blog","have_child":false}]},{"menu_id":"3","menu_data":[{"id":24,"title":"Home","url":"https:\/\/designer.gutenverse.com\/sovy\/","parent":"","type":"custom","object_slug":null,"have_child":true},{"id":28,"title":"Home \u2013 Style 1","url":"#","parent":"0","type":"page","object_slug":"home---style-1","have_child":false},{"id":29,"title":"Home \u2013 Style 2","url":"#","parent":"0","type":"page","object_slug":"home---style-2","have_child":false},{"id":2533,"title":"Home - Style 3","url":"#","parent":"0","type":"page","object_slug":"home---style-3","have_child":false},{"id":2532,"title":"Home - Style 4","url":"#","parent":"0","type":"page","object_slug":"home---style-4","have_child":false},{"id":25,"title":"About Us","url":"#","parent":"","type":"page","object_slug":"about-us","have_child":false},{"id":37,"title":"Menus","url":"#","parent":"","type":"custom","object_slug":null,"have_child":true},{"id":30,"title":"Menu \u2013 Style 1","url":"#","parent":"6","type":"page","object_slug":"menu---style-1","have_child":false},{"id":31,"title":"Menu \u2013 Style 2","url":"#","parent":"6","type":"page","object_slug":"menu---style-2","have_child":false},{"id":38,"title":"Pages","url":"#","parent":"","type":"custom","object_slug":null,"have_child":true},{"id":33,"title":"Reservation \u2013 Style 1","url":"#","parent":"9","type":"page","object_slug":"reservation---style-1","have_child":false},{"id":34,"title":"Reservation \u2013 Style 2","url":"#","parent":"9","type":"page","object_slug":"reservation---style-2","have_child":false},{"id":36,"title":"Services","url":"#","parent":"9","type":"page","object_slug":"services","have_child":false},{"id":32,"title":"Our Chef","url":"#","parent":"9","type":"page","object_slug":"our-chef","have_child":false},{"id":27,"title":"Gallery","url":"#","parent":"9","type":"page","object_slug":"gallery","have_child":false},{"id":26,"title":"Contact Us","url":"#","parent":"9","type":"page","object_slug":"contact-us","have_child":false},{"id":1817,"title":"Blog","url":"#","parent":"9","type":"page","object_slug":"blog","have_child":false}]},{"menu_id":"3","menu_data":[{"id":24,"title":"Home","url":"https:\/\/designer.gutenverse.com\/sovy\/","parent":"","type":"custom","object_slug":null,"have_child":true},{"id":28,"title":"Home \u2013 Style 1","url":"#","parent":"0","type":"page","object_slug":"home---style-1","have_child":false},{"id":29,"title":"Home \u2013 Style 2","url":"#","parent":"0","type":"page","object_slug":"home---style-2","have_child":false},{"id":2533,"title":"Home - Style 3","url":"#","parent":"0","type":"page","object_slug":"home---style-3","have_child":false},{"id":2532,"title":"Home - Style 4","url":"#","parent":"0","type":"page","object_slug":"home---style-4","have_child":false},{"id":25,"title":"About Us","url":"#","parent":"","type":"page","object_slug":"about-us","have_child":false},{"id":37,"title":"Menus","url":"#","parent":"","type":"custom","object_slug":null,"have_child":true},{"id":30,"title":"Menu \u2013 Style 1","url":"#","parent":"6","type":"page","object_slug":"menu---style-1","have_child":false},{"id":31,"title":"Menu \u2013 Style 2","url":"#","parent":"6","type":"page","object_slug":"menu---style-2","have_child":false},{"id":38,"title":"Pages","url":"#","parent":"","type":"custom","object_slug":null,"have_child":true},{"id":33,"title":"Reservation \u2013 Style 1","url":"#","parent":"9","type":"page","object_slug":"reservation---style-1","have_child":false},{"id":34,"title":"Reservation \u2013 Style 2","url":"#","parent":"9","type":"page","object_slug":"reservation---style-2","have_child":false},{"id":36,"title":"Services","url":"#","parent":"9","type":"page","object_slug":"services","have_child":false},{"id":32,"title":"Our Chef","url":"#","parent":"9","type":"page","object_slug":"our-chef","have_child":false},{"id":27,"title":"Gallery","url":"#","parent":"9","type":"page","object_slug":"gallery","have_child":false},{"id":26,"title":"Contact Us","url":"#","parent":"9","type":"page","object_slug":"contact-us","have_child":false},{"id":1817,"title":"Blog","url":"#","parent":"9","type":"page","object_slug":"blog","have_child":false}]},{"menu_id":"3","menu_data":[{"id":24,"title":"Home","url":"https:\/\/designer.gutenverse.com\/sovy\/","parent":"","type":"custom","object_slug":null,"have_child":true},{"id":28,"title":"Home \u2013 Style 1","url":"#","parent":"0","type":"page","object_slug":"home---style-1","have_child":false},{"id":29,"title":"Home \u2013 Style 2","url":"#","parent":"0","type":"page","object_slug":"home---style-2","have_child":false},{"id":2533,"title":"Home - Style 3","url":"#","parent":"0","type":"page","object_slug":"home---style-3","have_child":false},{"id":2532,"title":"Home - Style 4","url":"#","parent":"0","type":"page","object_slug":"home---style-4","have_child":false},{"id":25,"title":"About Us","url":"#","parent":"","type":"page","object_slug":"about-us","have_child":false},{"id":37,"title":"Menus","url":"#","parent":"","type":"custom","object_slug":null,"have_child":true},{"id":30,"title":"Menu \u2013 Style 1","url":"#","parent":"6","type":"page","object_slug":"menu---style-1","have_child":false},{"id":31,"title":"Menu \u2013 Style 2","url":"#","parent":"6","type":"page","object_slug":"menu---style-2","have_child":false},{"id":38,"title":"Pages","url":"#","parent":"","type":"custom","object_slug":null,"have_child":true},{"id":33,"title":"Reservation \u2013 Style 1","url":"#","parent":"9","type":"page","object_slug":"reservation---style-1","have_child":false},{"id":34,"title":"Reservation \u2013 Style 2","url":"#","parent":"9","type":"page","object_slug":"reservation---style-2","have_child":false},{"id":36,"title":"Services","url":"#","parent":"9","type":"page","object_slug":"services","have_child":false},{"id":32,"title":"Our Chef","url":"#","parent":"9","type":"page","object_slug":"our-chef","have_child":false},{"id":27,"title":"Gallery","url":"#","parent":"9","type":"page","object_slug":"gallery","have_child":false},{"id":26,"title":"Contact Us","url":"#","parent":"9","type":"page","object_slug":"contact-us","have_child":false},{"id":1817,"title":"Blog","url":"#","parent":"9","type":"page","object_slug":"blog","have_child":false}]},{"menu_id":"3","menu_data":[{"id":24,"title":"Home","url":"https:\/\/designer.gutenverse.com\/sovy\/","parent":"","type":"custom","object_slug":null,"have_child":true},{"id":28,"title":"Home \u2013 Style 1","url":"#","parent":"0","type":"page","object_slug":"home---style-1","have_child":false},{"id":29,"title":"Home \u2013 Style 2","url":"#","parent":"0","type":"page","object_slug":"home---style-2","have_child":false},{"id":2533,"title":"Home - Style 3","url":"#","parent":"0","type":"page","object_slug":"home---style-3","have_child":false},{"id":2532,"title":"Home - Style 4","url":"#","parent":"0","type":"page","object_slug":"home---style-4","have_child":false},{"id":25,"title":"About Us","url":"#","parent":"","type":"page","object_slug":"about-us","have_child":false},{"id":37,"title":"Menus","url":"#","parent":"","type":"custom","object_slug":null,"have_child":true},{"id":30,"title":"Menu \u2013 Style 1","url":"#","parent":"6","type":"page","object_slug":"menu---style-1","have_child":false},{"id":31,"title":"Menu \u2013 Style 2","url":"#","parent":"6","type":"page","object_slug":"menu---style-2","have_child":false},{"id":38,"title":"Pages","url":"#","parent":"","type":"custom","object_slug":null,"have_child":true},{"id":33,"title":"Reservation \u2013 Style 1","url":"#","parent":"9","type":"page","object_slug":"reservation---style-1","have_child":false},{"id":34,"title":"Reservation \u2013 Style 2","url":"#","parent":"9","type":"page","object_slug":"reservation---style-2","have_child":false},{"id":36,"title":"Services","url":"#","parent":"9","type":"page","object_slug":"services","have_child":false},{"id":32,"title":"Our Chef","url":"#","parent":"9","type":"page","object_slug":"our-chef","have_child":false},{"id":27,"title":"Gallery","url":"#","parent":"9","type":"page","object_slug":"gallery","have_child":false},{"id":26,"title":"Contact Us","url":"#","parent":"9","type":"page","object_slug":"contact-us","have_child":false},{"id":1817,"title":"Blog","url":"#","parent":"9","type":"page","object_slug":"blog","have_child":false}]},{"menu_id":"3","menu_data":[{"id":24,"title":"Home","url":"https:\/\/designer.gutenverse.com\/sovy\/","parent":"","type":"custom","object_slug":null,"have_child":true},{"id":28,"title":"Home \u2013 Style 1","url":"#","parent":"0","type":"page","object_slug":"home---style-1","have_child":false},{"id":29,"title":"Home \u2013 Style 2","url":"#","parent":"0","type":"page","object_slug":"home---style-2","have_child":false},{"id":2533,"title":"Home - Style 3","url":"#","parent":"0","type":"page","object_slug":"home---style-3","have_child":false},{"id":2532,"title":"Home - Style 4","url":"#","parent":"0","type":"page","object_slug":"home---style-4","have_child":false},{"id":25,"title":"About Us","url":"#","parent":"","type":"page","object_slug":"about-us","have_child":false},{"id":37,"title":"Menus","url":"#","parent":"","type":"custom","object_slug":null,"have_child":true},{"id":30,"title":"Menu \u2013 Style 1","url":"#","parent":"6","type":"page","object_slug":"menu---style-1","have_child":false},{"id":31,"title":"Menu \u2013 Style 2","url":"#","parent":"6","type":"page","object_slug":"menu---style-2","have_child":false},{"id":38,"title":"Pages","url":"#","parent":"","type":"custom","object_slug":null,"have_child":true},{"id":33,"title":"Reservation \u2013 Style 1","url":"#","parent":"9","type":"page","object_slug":"reservation---style-1","have_child":false},{"id":34,"title":"Reservation \u2013 Style 2","url":"#","parent":"9","type":"page","object_slug":"reservation---style-2","have_child":false},{"id":36,"title":"Services","url":"#","parent":"9","type":"page","object_slug":"services","have_child":false},{"id":32,"title":"Our Chef","url":"#","parent":"9","type":"page","object_slug":"our-chef","have_child":false},{"id":27,"title":"Gallery","url":"#","parent":"9","type":"page","object_slug":"gallery","have_child":false},{"id":26,"title":"Contact Us","url":"#","parent":"9","type":"page","object_slug":"contact-us","have_child":false},{"id":1817,"title":"Blog","url":"#","parent":"9","type":"page","object_slug":"blog","have_child":false}]}]