{
	"$schema": "https://schemas.wp.org/wp/6.2/theme.json",
	"customTemplates": [],
	"settings": {
		"appearanceTools": true,
		"color": {
			"gradients": [],
			"palette": [{"slug":"theme-0","name":"Primary","color":"#f8f8f8"},{"slug":"theme-1","name":"Secondary","color":"#101e22"},{"slug":"theme-2","name":"Accent","color":"#d29a5a"},{"slug":"theme-3","name":"Text","color":"#d1c8bb"},{"slug":"theme-4","name":"Dark - Bg","color":"#130f0c"},{"slug":"theme-5","name":"Accent 2","color":"#daa760"}]
		},
		"custom": {
			"headings": {
				"typography": {
					"fontFamily": "var(--wp--preset--font-family--primary)"
				}
			}
		},
		"layout": {"contentSize":"1140px","wideSize":"1200px"},
		"spacing": {
			"padding": true,
			"margin": true,
			"blockGap": true,
			"units": [
				"px",
				"em",
				"rem",
				"vh",
				"vw"
			]
		},
		"typography": {
			"customFontSize": true,
			"fontFamilies": [
				
			],
			"fontSizes": [
				{
					"fluid": {
						"min": "0.875rem",
						"max": "1rem"
					},
					"size": "1rem",
					"slug": "small"
				},
				{
					"fluid": {
						"min": "1rem",
						"max": "1.125rem"
					},
					"size": "1.125rem",
					"slug": "medium"
				},
				{
					"fluid": {
						"min": "1.75rem",
						"max": "1.875rem"
					},
					"size": "1.75rem",
					"slug": "large"
				},
				{
					"fluid": false,
					"size": "2.25rem",
					"slug": "x-large"
				},
				{
					"fluid": {
						"min": "4rem",
						"max": "10rem"
					},
					"size": "10rem",
					"slug": "xx-large"
				}
			]
		}
	},
	"styles": {"spacing":{"blockGap":0},"color":{"background":"var(--wp--preset--color--theme-4)"},"elements":{"link":{"color":{"text":"var(--wp--preset--color--theme-2)"}}}},
	"templateParts": [
		{
			"area": "header",
			"name": "header"
		},
		{
			"area": "footer",
			"name": "footer"
		}
	],
	"version": 2
}